[2026-05-08T19:44:41.834+0000] {processor.py:161} INFO - Started process (PID=222) to work on /opt/airflow/dags/main.py
[2026-05-08T19:44:41.838+0000] {processor.py:830} INFO - Processing file /opt/airflow/dags/main.py for tasks to queue
[2026-05-08T19:44:41.879+0000] {logging_mixin.py:188} INFO - [2026-05-08T19:44:41.874+0000] {dagbag.py:545} INFO - Filling up the DagBag from /opt/airflow/dags/main.py
[2026-05-08T19:44:42.224+0000] {logging_mixin.py:188} INFO - [2026-05-08T19:44:42.213+0000] {dagbag.py:355} ERROR - Failed to import: /opt/airflow/dags/main.py
Traceback (most recent call last):
  File "/home/airflow/.local/lib/python3.10/site-packages/airflow/models/dagbag.py", line 351, in parse
    loader.exec_module(new_module)
  File "<frozen importlib._bootstrap_external>", line 883, in exec_module
  File "<frozen importlib._bootstrap>", line 241, in _call_with_frames_removed
  File "/opt/airflow/dags/main.py", line 4, in <module>
    from api.video_stats import get_playlist_id, get_video_ids, extract_video_data, save_to_json
  File "/opt/airflow/dags/api/video_stats.py", line 15, in <module>
    CHANNEL_HANDLE = Variable.get("MrBeast")
  File "/home/airflow/.local/lib/python3.10/site-packages/airflow/models/variable.py", line 143, in get
    raise KeyError(f"Variable {key} does not exist")
KeyError: 'Variable MrBeast does not exist'
[2026-05-08T19:44:42.228+0000] {processor.py:842} WARNING - No viable dags retrieved from /opt/airflow/dags/main.py
[2026-05-08T19:44:42.267+0000] {processor.py:183} INFO - Processing /opt/airflow/dags/main.py took 0.500 seconds
[2026-05-08T19:45:12.420+0000] {processor.py:161} INFO - Started process (PID=229) to work on /opt/airflow/dags/main.py
[2026-05-08T19:45:12.421+0000] {processor.py:830} INFO - Processing file /opt/airflow/dags/main.py for tasks to queue
[2026-05-08T19:45:12.423+0000] {logging_mixin.py:188} INFO - [2026-05-08T19:45:12.423+0000] {dagbag.py:545} INFO - Filling up the DagBag from /opt/airflow/dags/main.py
[2026-05-08T19:45:12.484+0000] {logging_mixin.py:188} INFO - [2026-05-08T19:45:12.476+0000] {dagbag.py:355} ERROR - Failed to import: /opt/airflow/dags/main.py
Traceback (most recent call last):
  File "/home/airflow/.local/lib/python3.10/site-packages/airflow/models/dagbag.py", line 351, in parse
    loader.exec_module(new_module)
  File "<frozen importlib._bootstrap_external>", line 883, in exec_module
  File "<frozen importlib._bootstrap>", line 241, in _call_with_frames_removed
  File "/opt/airflow/dags/main.py", line 4, in <module>
    from api.video_stats import get_playlist_id, get_video_ids, extract_video_data, save_to_json
  File "/opt/airflow/dags/api/video_stats.py", line 15, in <module>
    CHANNEL_HANDLE = Variable.get("MrBeast")
  File "/home/airflow/.local/lib/python3.10/site-packages/airflow/models/variable.py", line 143, in get
    raise KeyError(f"Variable {key} does not exist")
KeyError: 'Variable MrBeast does not exist'
[2026-05-08T19:45:12.485+0000] {processor.py:842} WARNING - No viable dags retrieved from /opt/airflow/dags/main.py
[2026-05-08T19:45:12.494+0000] {processor.py:183} INFO - Processing /opt/airflow/dags/main.py took 0.078 seconds
[2026-05-08T19:45:42.572+0000] {processor.py:161} INFO - Started process (PID=236) to work on /opt/airflow/dags/main.py
[2026-05-08T19:45:42.573+0000] {processor.py:830} INFO - Processing file /opt/airflow/dags/main.py for tasks to queue
[2026-05-08T19:45:42.576+0000] {logging_mixin.py:188} INFO - [2026-05-08T19:45:42.575+0000] {dagbag.py:545} INFO - Filling up the DagBag from /opt/airflow/dags/main.py
[2026-05-08T19:45:42.642+0000] {logging_mixin.py:188} INFO - [2026-05-08T19:45:42.635+0000] {dagbag.py:355} ERROR - Failed to import: /opt/airflow/dags/main.py
Traceback (most recent call last):
  File "/home/airflow/.local/lib/python3.10/site-packages/airflow/models/dagbag.py", line 351, in parse
    loader.exec_module(new_module)
  File "<frozen importlib._bootstrap_external>", line 883, in exec_module
  File "<frozen importlib._bootstrap>", line 241, in _call_with_frames_removed
  File "/opt/airflow/dags/main.py", line 4, in <module>
    from api.video_stats import get_playlist_id, get_video_ids, extract_video_data, save_to_json
  File "/opt/airflow/dags/api/video_stats.py", line 15, in <module>
    CHANNEL_HANDLE = Variable.get("MrBeast")
  File "/home/airflow/.local/lib/python3.10/site-packages/airflow/models/variable.py", line 143, in get
    raise KeyError(f"Variable {key} does not exist")
KeyError: 'Variable MrBeast does not exist'
[2026-05-08T19:45:42.644+0000] {processor.py:842} WARNING - No viable dags retrieved from /opt/airflow/dags/main.py
[2026-05-08T19:45:42.656+0000] {processor.py:183} INFO - Processing /opt/airflow/dags/main.py took 0.090 seconds
[2026-05-08T19:45:46.672+0000] {processor.py:161} INFO - Started process (PID=243) to work on /opt/airflow/dags/main.py
[2026-05-08T19:45:46.673+0000] {processor.py:830} INFO - Processing file /opt/airflow/dags/main.py for tasks to queue
[2026-05-08T19:45:46.675+0000] {logging_mixin.py:188} INFO - [2026-05-08T19:45:46.674+0000] {dagbag.py:545} INFO - Filling up the DagBag from /opt/airflow/dags/main.py
[2026-05-08T19:45:46.747+0000] {logging_mixin.py:188} INFO - [2026-05-08T19:45:46.740+0000] {dagbag.py:355} ERROR - Failed to import: /opt/airflow/dags/main.py
Traceback (most recent call last):
  File "/home/airflow/.local/lib/python3.10/site-packages/airflow/models/dagbag.py", line 351, in parse
    loader.exec_module(new_module)
  File "<frozen importlib._bootstrap_external>", line 883, in exec_module
  File "<frozen importlib._bootstrap>", line 241, in _call_with_frames_removed
  File "/opt/airflow/dags/main.py", line 4, in <module>
    from api.video_stats import get_playlist_id, get_video_ids, extract_video_data, save_to_json
  File "/opt/airflow/dags/api/video_stats.py", line 15, in <module>
    CHANNEL_HANDLE = Variable.get("MrBeast")
  File "/home/airflow/.local/lib/python3.10/site-packages/airflow/models/variable.py", line 143, in get
    raise KeyError(f"Variable {key} does not exist")
KeyError: 'Variable MrBeast does not exist'
[2026-05-08T19:45:46.749+0000] {processor.py:842} WARNING - No viable dags retrieved from /opt/airflow/dags/main.py
[2026-05-08T19:45:46.759+0000] {processor.py:183} INFO - Processing /opt/airflow/dags/main.py took 0.092 seconds
[2026-05-08T19:46:16.852+0000] {processor.py:161} INFO - Started process (PID=250) to work on /opt/airflow/dags/main.py
[2026-05-08T19:46:16.853+0000] {processor.py:830} INFO - Processing file /opt/airflow/dags/main.py for tasks to queue
[2026-05-08T19:46:16.856+0000] {logging_mixin.py:188} INFO - [2026-05-08T19:46:16.856+0000] {dagbag.py:545} INFO - Filling up the DagBag from /opt/airflow/dags/main.py
[2026-05-08T19:46:16.923+0000] {logging_mixin.py:188} INFO - [2026-05-08T19:46:16.915+0000] {dagbag.py:355} ERROR - Failed to import: /opt/airflow/dags/main.py
Traceback (most recent call last):
  File "/home/airflow/.local/lib/python3.10/site-packages/airflow/models/dagbag.py", line 351, in parse
    loader.exec_module(new_module)
  File "<frozen importlib._bootstrap_external>", line 883, in exec_module
  File "<frozen importlib._bootstrap>", line 241, in _call_with_frames_removed
  File "/opt/airflow/dags/main.py", line 4, in <module>
    from api.video_stats import get_playlist_id, get_video_ids, extract_video_data, save_to_json
  File "/opt/airflow/dags/api/video_stats.py", line 15, in <module>
    CHANNEL_HANDLE = Variable.get("MrBeast")
  File "/home/airflow/.local/lib/python3.10/site-packages/airflow/models/variable.py", line 143, in get
    raise KeyError(f"Variable {key} does not exist")
KeyError: 'Variable MrBeast does not exist'
[2026-05-08T19:46:16.925+0000] {processor.py:842} WARNING - No viable dags retrieved from /opt/airflow/dags/main.py
[2026-05-08T19:46:16.936+0000] {processor.py:183} INFO - Processing /opt/airflow/dags/main.py took 0.090 seconds
[2026-05-08T19:46:47.059+0000] {processor.py:161} INFO - Started process (PID=257) to work on /opt/airflow/dags/main.py
[2026-05-08T19:46:47.061+0000] {processor.py:830} INFO - Processing file /opt/airflow/dags/main.py for tasks to queue
[2026-05-08T19:46:47.063+0000] {logging_mixin.py:188} INFO - [2026-05-08T19:46:47.063+0000] {dagbag.py:545} INFO - Filling up the DagBag from /opt/airflow/dags/main.py
[2026-05-08T19:46:47.142+0000] {logging_mixin.py:188} INFO - [2026-05-08T19:46:47.134+0000] {dagbag.py:355} ERROR - Failed to import: /opt/airflow/dags/main.py
Traceback (most recent call last):
  File "/home/airflow/.local/lib/python3.10/site-packages/airflow/models/dagbag.py", line 351, in parse
    loader.exec_module(new_module)
  File "<frozen importlib._bootstrap_external>", line 883, in exec_module
  File "<frozen importlib._bootstrap>", line 241, in _call_with_frames_removed
  File "/opt/airflow/dags/main.py", line 4, in <module>
    from api.video_stats import get_playlist_id, get_video_ids, extract_video_data, save_to_json
  File "/opt/airflow/dags/api/video_stats.py", line 15, in <module>
    CHANNEL_HANDLE = Variable.get("MrBeast")
  File "/home/airflow/.local/lib/python3.10/site-packages/airflow/models/variable.py", line 143, in get
    raise KeyError(f"Variable {key} does not exist")
KeyError: 'Variable MrBeast does not exist'
[2026-05-08T19:46:47.145+0000] {processor.py:842} WARNING - No viable dags retrieved from /opt/airflow/dags/main.py
[2026-05-08T19:46:47.156+0000] {processor.py:183} INFO - Processing /opt/airflow/dags/main.py took 0.104 seconds
[2026-05-08T19:46:50.231+0000] {processor.py:161} INFO - Started process (PID=258) to work on /opt/airflow/dags/main.py
[2026-05-08T19:46:50.232+0000] {processor.py:830} INFO - Processing file /opt/airflow/dags/main.py for tasks to queue
[2026-05-08T19:46:50.235+0000] {logging_mixin.py:188} INFO - [2026-05-08T19:46:50.235+0000] {dagbag.py:545} INFO - Filling up the DagBag from /opt/airflow/dags/main.py
[2026-05-08T19:46:50.310+0000] {logging_mixin.py:188} INFO - [2026-05-08T19:46:50.302+0000] {dagbag.py:355} ERROR - Failed to import: /opt/airflow/dags/main.py
Traceback (most recent call last):
  File "/home/airflow/.local/lib/python3.10/site-packages/airflow/models/dagbag.py", line 351, in parse
    loader.exec_module(new_module)
  File "<frozen importlib._bootstrap_external>", line 883, in exec_module
  File "<frozen importlib._bootstrap>", line 241, in _call_with_frames_removed
  File "/opt/airflow/dags/main.py", line 4, in <module>
    from api.video_stats import get_playlist_id, get_video_ids, extract_video_data, save_to_json
  File "/opt/airflow/dags/api/video_stats.py", line 15, in <module>
    CHANNEL_HANDLE = Variable.get("MrBeast")
  File "/home/airflow/.local/lib/python3.10/site-packages/airflow/models/variable.py", line 143, in get
    raise KeyError(f"Variable {key} does not exist")
KeyError: 'Variable MrBeast does not exist'
[2026-05-08T19:46:50.311+0000] {processor.py:842} WARNING - No viable dags retrieved from /opt/airflow/dags/main.py
[2026-05-08T19:46:50.319+0000] {processor.py:183} INFO - Processing /opt/airflow/dags/main.py took 0.095 seconds
[2026-05-08T19:47:20.367+0000] {processor.py:161} INFO - Started process (PID=265) to work on /opt/airflow/dags/main.py
[2026-05-08T19:47:20.368+0000] {processor.py:830} INFO - Processing file /opt/airflow/dags/main.py for tasks to queue
[2026-05-08T19:47:20.370+0000] {logging_mixin.py:188} INFO - [2026-05-08T19:47:20.369+0000] {dagbag.py:545} INFO - Filling up the DagBag from /opt/airflow/dags/main.py
[2026-05-08T19:47:20.432+0000] {logging_mixin.py:188} INFO - [2026-05-08T19:47:20.423+0000] {dagbag.py:355} ERROR - Failed to import: /opt/airflow/dags/main.py
Traceback (most recent call last):
  File "/home/airflow/.local/lib/python3.10/site-packages/airflow/models/dagbag.py", line 351, in parse
    loader.exec_module(new_module)
  File "<frozen importlib._bootstrap_external>", line 883, in exec_module
  File "<frozen importlib._bootstrap>", line 241, in _call_with_frames_removed
  File "/opt/airflow/dags/main.py", line 4, in <module>
    from api.video_stats import get_playlist_id, get_video_ids, extract_video_data, save_to_json
  File "/opt/airflow/dags/api/video_stats.py", line 15, in <module>
    CHANNEL_HANDLE = Variable.get("MrBeast")
  File "/home/airflow/.local/lib/python3.10/site-packages/airflow/models/variable.py", line 143, in get
    raise KeyError(f"Variable {key} does not exist")
KeyError: 'Variable MrBeast does not exist'
[2026-05-08T19:47:20.434+0000] {processor.py:842} WARNING - No viable dags retrieved from /opt/airflow/dags/main.py
[2026-05-08T19:47:20.442+0000] {processor.py:183} INFO - Processing /opt/airflow/dags/main.py took 0.080 seconds
[2026-05-08T19:47:50.589+0000] {processor.py:161} INFO - Started process (PID=272) to work on /opt/airflow/dags/main.py
[2026-05-08T19:47:50.590+0000] {processor.py:830} INFO - Processing file /opt/airflow/dags/main.py for tasks to queue
[2026-05-08T19:47:50.591+0000] {logging_mixin.py:188} INFO - [2026-05-08T19:47:50.591+0000] {dagbag.py:545} INFO - Filling up the DagBag from /opt/airflow/dags/main.py
[2026-05-08T19:47:50.654+0000] {logging_mixin.py:188} INFO - [2026-05-08T19:47:50.646+0000] {dagbag.py:355} ERROR - Failed to import: /opt/airflow/dags/main.py
Traceback (most recent call last):
  File "/home/airflow/.local/lib/python3.10/site-packages/airflow/models/dagbag.py", line 351, in parse
    loader.exec_module(new_module)
  File "<frozen importlib._bootstrap_external>", line 883, in exec_module
  File "<frozen importlib._bootstrap>", line 241, in _call_with_frames_removed
  File "/opt/airflow/dags/main.py", line 4, in <module>
    from api.video_stats import get_playlist_id, get_video_ids, extract_video_data, save_to_json
  File "/opt/airflow/dags/api/video_stats.py", line 15, in <module>
    CHANNEL_HANDLE = Variable.get("MrBeast")
  File "/home/airflow/.local/lib/python3.10/site-packages/airflow/models/variable.py", line 143, in get
    raise KeyError(f"Variable {key} does not exist")
KeyError: 'Variable MrBeast does not exist'
[2026-05-08T19:47:50.655+0000] {processor.py:842} WARNING - No viable dags retrieved from /opt/airflow/dags/main.py
[2026-05-08T19:47:50.663+0000] {processor.py:183} INFO - Processing /opt/airflow/dags/main.py took 0.079 seconds
[2026-05-08T19:48:20.735+0000] {processor.py:161} INFO - Started process (PID=279) to work on /opt/airflow/dags/main.py
[2026-05-08T19:48:20.736+0000] {processor.py:830} INFO - Processing file /opt/airflow/dags/main.py for tasks to queue
[2026-05-08T19:48:20.737+0000] {logging_mixin.py:188} INFO - [2026-05-08T19:48:20.737+0000] {dagbag.py:545} INFO - Filling up the DagBag from /opt/airflow/dags/main.py
[2026-05-08T19:48:20.790+0000] {logging_mixin.py:188} INFO - [2026-05-08T19:48:20.783+0000] {dagbag.py:355} ERROR - Failed to import: /opt/airflow/dags/main.py
Traceback (most recent call last):
  File "/home/airflow/.local/lib/python3.10/site-packages/airflow/models/dagbag.py", line 351, in parse
    loader.exec_module(new_module)
  File "<frozen importlib._bootstrap_external>", line 883, in exec_module
  File "<frozen importlib._bootstrap>", line 241, in _call_with_frames_removed
  File "/opt/airflow/dags/main.py", line 4, in <module>
    from api.video_stats import get_playlist_id, get_video_ids, extract_video_data, save_to_json
  File "/opt/airflow/dags/api/video_stats.py", line 15, in <module>
    CHANNEL_HANDLE = Variable.get("MrBeast")
  File "/home/airflow/.local/lib/python3.10/site-packages/airflow/models/variable.py", line 143, in get
    raise KeyError(f"Variable {key} does not exist")
KeyError: 'Variable MrBeast does not exist'
[2026-05-08T19:48:20.792+0000] {processor.py:842} WARNING - No viable dags retrieved from /opt/airflow/dags/main.py
[2026-05-08T19:48:20.798+0000] {processor.py:183} INFO - Processing /opt/airflow/dags/main.py took 0.068 seconds
[2026-05-08T19:48:50.924+0000] {processor.py:161} INFO - Started process (PID=286) to work on /opt/airflow/dags/main.py
[2026-05-08T19:48:50.925+0000] {processor.py:830} INFO - Processing file /opt/airflow/dags/main.py for tasks to queue
[2026-05-08T19:48:50.926+0000] {logging_mixin.py:188} INFO - [2026-05-08T19:48:50.926+0000] {dagbag.py:545} INFO - Filling up the DagBag from /opt/airflow/dags/main.py
[2026-05-08T19:48:50.977+0000] {logging_mixin.py:188} INFO - [2026-05-08T19:48:50.971+0000] {dagbag.py:355} ERROR - Failed to import: /opt/airflow/dags/main.py
Traceback (most recent call last):
  File "/home/airflow/.local/lib/python3.10/site-packages/airflow/models/dagbag.py", line 351, in parse
    loader.exec_module(new_module)
  File "<frozen importlib._bootstrap_external>", line 883, in exec_module
  File "<frozen importlib._bootstrap>", line 241, in _call_with_frames_removed
  File "/opt/airflow/dags/main.py", line 4, in <module>
    from api.video_stats import get_playlist_id, get_video_ids, extract_video_data, save_to_json
  File "/opt/airflow/dags/api/video_stats.py", line 15, in <module>
    CHANNEL_HANDLE = Variable.get("MrBeast")
  File "/home/airflow/.local/lib/python3.10/site-packages/airflow/models/variable.py", line 143, in get
    raise KeyError(f"Variable {key} does not exist")
KeyError: 'Variable MrBeast does not exist'
[2026-05-08T19:48:50.978+0000] {processor.py:842} WARNING - No viable dags retrieved from /opt/airflow/dags/main.py
[2026-05-08T19:48:50.985+0000] {processor.py:183} INFO - Processing /opt/airflow/dags/main.py took 0.066 seconds
[2026-05-08T19:49:21.071+0000] {processor.py:161} INFO - Started process (PID=293) to work on /opt/airflow/dags/main.py
[2026-05-08T19:49:21.071+0000] {processor.py:830} INFO - Processing file /opt/airflow/dags/main.py for tasks to queue
[2026-05-08T19:49:21.073+0000] {logging_mixin.py:188} INFO - [2026-05-08T19:49:21.073+0000] {dagbag.py:545} INFO - Filling up the DagBag from /opt/airflow/dags/main.py
[2026-05-08T19:49:21.129+0000] {logging_mixin.py:188} INFO - [2026-05-08T19:49:21.122+0000] {dagbag.py:355} ERROR - Failed to import: /opt/airflow/dags/main.py
Traceback (most recent call last):
  File "/home/airflow/.local/lib/python3.10/site-packages/airflow/models/dagbag.py", line 351, in parse
    loader.exec_module(new_module)
  File "<frozen importlib._bootstrap_external>", line 883, in exec_module
  File "<frozen importlib._bootstrap>", line 241, in _call_with_frames_removed
  File "/opt/airflow/dags/main.py", line 4, in <module>
    from api.video_stats import get_playlist_id, get_video_ids, extract_video_data, save_to_json
  File "/opt/airflow/dags/api/video_stats.py", line 15, in <module>
    CHANNEL_HANDLE = Variable.get("MrBeast")
  File "/home/airflow/.local/lib/python3.10/site-packages/airflow/models/variable.py", line 143, in get
    raise KeyError(f"Variable {key} does not exist")
KeyError: 'Variable MrBeast does not exist'
[2026-05-08T19:49:21.131+0000] {processor.py:842} WARNING - No viable dags retrieved from /opt/airflow/dags/main.py
[2026-05-08T19:49:21.138+0000] {processor.py:183} INFO - Processing /opt/airflow/dags/main.py took 0.074 seconds
[2026-05-08T19:49:51.301+0000] {processor.py:161} INFO - Started process (PID=300) to work on /opt/airflow/dags/main.py
[2026-05-08T19:49:51.302+0000] {processor.py:830} INFO - Processing file /opt/airflow/dags/main.py for tasks to queue
[2026-05-08T19:49:51.303+0000] {logging_mixin.py:188} INFO - [2026-05-08T19:49:51.303+0000] {dagbag.py:545} INFO - Filling up the DagBag from /opt/airflow/dags/main.py
[2026-05-08T19:49:51.354+0000] {logging_mixin.py:188} INFO - [2026-05-08T19:49:51.347+0000] {dagbag.py:355} ERROR - Failed to import: /opt/airflow/dags/main.py
Traceback (most recent call last):
  File "/home/airflow/.local/lib/python3.10/site-packages/airflow/models/dagbag.py", line 351, in parse
    loader.exec_module(new_module)
  File "<frozen importlib._bootstrap_external>", line 883, in exec_module
  File "<frozen importlib._bootstrap>", line 241, in _call_with_frames_removed
  File "/opt/airflow/dags/main.py", line 4, in <module>
    from api.video_stats import get_playlist_id, get_video_ids, extract_video_data, save_to_json
  File "/opt/airflow/dags/api/video_stats.py", line 15, in <module>
    CHANNEL_HANDLE = Variable.get("MrBeast")
  File "/home/airflow/.local/lib/python3.10/site-packages/airflow/models/variable.py", line 143, in get
    raise KeyError(f"Variable {key} does not exist")
KeyError: 'Variable MrBeast does not exist'
[2026-05-08T19:49:51.355+0000] {processor.py:842} WARNING - No viable dags retrieved from /opt/airflow/dags/main.py
[2026-05-08T19:49:51.362+0000] {processor.py:183} INFO - Processing /opt/airflow/dags/main.py took 0.066 seconds
[2026-05-08T19:50:21.442+0000] {processor.py:161} INFO - Started process (PID=307) to work on /opt/airflow/dags/main.py
[2026-05-08T19:50:21.442+0000] {processor.py:830} INFO - Processing file /opt/airflow/dags/main.py for tasks to queue
[2026-05-08T19:50:21.444+0000] {logging_mixin.py:188} INFO - [2026-05-08T19:50:21.444+0000] {dagbag.py:545} INFO - Filling up the DagBag from /opt/airflow/dags/main.py
[2026-05-08T19:50:21.501+0000] {logging_mixin.py:188} INFO - [2026-05-08T19:50:21.495+0000] {dagbag.py:355} ERROR - Failed to import: /opt/airflow/dags/main.py
Traceback (most recent call last):
  File "/home/airflow/.local/lib/python3.10/site-packages/airflow/models/dagbag.py", line 351, in parse
    loader.exec_module(new_module)
  File "<frozen importlib._bootstrap_external>", line 883, in exec_module
  File "<frozen importlib._bootstrap>", line 241, in _call_with_frames_removed
  File "/opt/airflow/dags/main.py", line 4, in <module>
    from api.video_stats import get_playlist_id, get_video_ids, extract_video_data, save_to_json
  File "/opt/airflow/dags/api/video_stats.py", line 15, in <module>
    CHANNEL_HANDLE = Variable.get("MrBeast")
  File "/home/airflow/.local/lib/python3.10/site-packages/airflow/models/variable.py", line 143, in get
    raise KeyError(f"Variable {key} does not exist")
KeyError: 'Variable MrBeast does not exist'
[2026-05-08T19:50:21.503+0000] {processor.py:842} WARNING - No viable dags retrieved from /opt/airflow/dags/main.py
[2026-05-08T19:50:21.509+0000] {processor.py:183} INFO - Processing /opt/airflow/dags/main.py took 0.072 seconds
[2026-05-08T19:50:51.618+0000] {processor.py:161} INFO - Started process (PID=314) to work on /opt/airflow/dags/main.py
[2026-05-08T19:50:51.619+0000] {processor.py:830} INFO - Processing file /opt/airflow/dags/main.py for tasks to queue
[2026-05-08T19:50:51.621+0000] {logging_mixin.py:188} INFO - [2026-05-08T19:50:51.621+0000] {dagbag.py:545} INFO - Filling up the DagBag from /opt/airflow/dags/main.py
[2026-05-08T19:50:51.675+0000] {logging_mixin.py:188} INFO - [2026-05-08T19:50:51.668+0000] {dagbag.py:355} ERROR - Failed to import: /opt/airflow/dags/main.py
Traceback (most recent call last):
  File "/home/airflow/.local/lib/python3.10/site-packages/airflow/models/dagbag.py", line 351, in parse
    loader.exec_module(new_module)
  File "<frozen importlib._bootstrap_external>", line 883, in exec_module
  File "<frozen importlib._bootstrap>", line 241, in _call_with_frames_removed
  File "/opt/airflow/dags/main.py", line 4, in <module>
    from api.video_stats import get_playlist_id, get_video_ids, extract_video_data, save_to_json
  File "/opt/airflow/dags/api/video_stats.py", line 15, in <module>
    CHANNEL_HANDLE = Variable.get("MrBeast")
  File "/home/airflow/.local/lib/python3.10/site-packages/airflow/models/variable.py", line 143, in get
    raise KeyError(f"Variable {key} does not exist")
KeyError: 'Variable MrBeast does not exist'
[2026-05-08T19:50:51.677+0000] {processor.py:842} WARNING - No viable dags retrieved from /opt/airflow/dags/main.py
[2026-05-08T19:50:51.686+0000] {processor.py:183} INFO - Processing /opt/airflow/dags/main.py took 0.073 seconds
[2026-05-08T19:51:21.776+0000] {processor.py:161} INFO - Started process (PID=321) to work on /opt/airflow/dags/main.py
[2026-05-08T19:51:21.777+0000] {processor.py:830} INFO - Processing file /opt/airflow/dags/main.py for tasks to queue
[2026-05-08T19:51:21.779+0000] {logging_mixin.py:188} INFO - [2026-05-08T19:51:21.779+0000] {dagbag.py:545} INFO - Filling up the DagBag from /opt/airflow/dags/main.py
[2026-05-08T19:51:21.859+0000] {logging_mixin.py:188} INFO - [2026-05-08T19:51:21.848+0000] {dagbag.py:355} ERROR - Failed to import: /opt/airflow/dags/main.py
Traceback (most recent call last):
  File "/home/airflow/.local/lib/python3.10/site-packages/airflow/models/dagbag.py", line 351, in parse
    loader.exec_module(new_module)
  File "<frozen importlib._bootstrap_external>", line 883, in exec_module
  File "<frozen importlib._bootstrap>", line 241, in _call_with_frames_removed
  File "/opt/airflow/dags/main.py", line 4, in <module>
    from api.video_stats import get_playlist_id, get_video_ids, extract_video_data, save_to_json
  File "/opt/airflow/dags/api/video_stats.py", line 15, in <module>
    CHANNEL_HANDLE = Variable.get("MrBeast")
  File "/home/airflow/.local/lib/python3.10/site-packages/airflow/models/variable.py", line 143, in get
    raise KeyError(f"Variable {key} does not exist")
KeyError: 'Variable MrBeast does not exist'
[2026-05-08T19:51:21.861+0000] {processor.py:842} WARNING - No viable dags retrieved from /opt/airflow/dags/main.py
[2026-05-08T19:51:21.873+0000] {processor.py:183} INFO - Processing /opt/airflow/dags/main.py took 0.104 seconds
[2026-05-08T19:51:51.959+0000] {processor.py:161} INFO - Started process (PID=328) to work on /opt/airflow/dags/main.py
[2026-05-08T19:51:51.960+0000] {processor.py:830} INFO - Processing file /opt/airflow/dags/main.py for tasks to queue
[2026-05-08T19:51:51.962+0000] {logging_mixin.py:188} INFO - [2026-05-08T19:51:51.961+0000] {dagbag.py:545} INFO - Filling up the DagBag from /opt/airflow/dags/main.py
[2026-05-08T19:51:52.024+0000] {logging_mixin.py:188} INFO - [2026-05-08T19:51:52.016+0000] {dagbag.py:355} ERROR - Failed to import: /opt/airflow/dags/main.py
Traceback (most recent call last):
  File "/home/airflow/.local/lib/python3.10/site-packages/airflow/models/dagbag.py", line 351, in parse
    loader.exec_module(new_module)
  File "<frozen importlib._bootstrap_external>", line 883, in exec_module
  File "<frozen importlib._bootstrap>", line 241, in _call_with_frames_removed
  File "/opt/airflow/dags/main.py", line 4, in <module>
    from api.video_stats import get_playlist_id, get_video_ids, extract_video_data, save_to_json
  File "/opt/airflow/dags/api/video_stats.py", line 15, in <module>
    CHANNEL_HANDLE = Variable.get("MrBeast")
  File "/home/airflow/.local/lib/python3.10/site-packages/airflow/models/variable.py", line 143, in get
    raise KeyError(f"Variable {key} does not exist")
KeyError: 'Variable MrBeast does not exist'
[2026-05-08T19:51:52.026+0000] {processor.py:842} WARNING - No viable dags retrieved from /opt/airflow/dags/main.py
[2026-05-08T19:51:52.035+0000] {processor.py:183} INFO - Processing /opt/airflow/dags/main.py took 0.081 seconds
[2026-05-08T19:52:22.149+0000] {processor.py:161} INFO - Started process (PID=335) to work on /opt/airflow/dags/main.py
[2026-05-08T19:52:22.151+0000] {processor.py:830} INFO - Processing file /opt/airflow/dags/main.py for tasks to queue
[2026-05-08T19:52:22.153+0000] {logging_mixin.py:188} INFO - [2026-05-08T19:52:22.152+0000] {dagbag.py:545} INFO - Filling up the DagBag from /opt/airflow/dags/main.py
[2026-05-08T19:52:22.210+0000] {logging_mixin.py:188} INFO - [2026-05-08T19:52:22.204+0000] {dagbag.py:355} ERROR - Failed to import: /opt/airflow/dags/main.py
Traceback (most recent call last):
  File "/home/airflow/.local/lib/python3.10/site-packages/airflow/models/dagbag.py", line 351, in parse
    loader.exec_module(new_module)
  File "<frozen importlib._bootstrap_external>", line 883, in exec_module
  File "<frozen importlib._bootstrap>", line 241, in _call_with_frames_removed
  File "/opt/airflow/dags/main.py", line 4, in <module>
    from api.video_stats import get_playlist_id, get_video_ids, extract_video_data, save_to_json
  File "/opt/airflow/dags/api/video_stats.py", line 15, in <module>
    CHANNEL_HANDLE = Variable.get("MrBeast")
  File "/home/airflow/.local/lib/python3.10/site-packages/airflow/models/variable.py", line 143, in get
    raise KeyError(f"Variable {key} does not exist")
KeyError: 'Variable MrBeast does not exist'
[2026-05-08T19:52:22.211+0000] {processor.py:842} WARNING - No viable dags retrieved from /opt/airflow/dags/main.py
[2026-05-08T19:52:22.221+0000] {processor.py:183} INFO - Processing /opt/airflow/dags/main.py took 0.078 seconds
[2026-05-08T19:52:52.318+0000] {processor.py:161} INFO - Started process (PID=342) to work on /opt/airflow/dags/main.py
[2026-05-08T19:52:52.320+0000] {processor.py:830} INFO - Processing file /opt/airflow/dags/main.py for tasks to queue
[2026-05-08T19:52:52.322+0000] {logging_mixin.py:188} INFO - [2026-05-08T19:52:52.321+0000] {dagbag.py:545} INFO - Filling up the DagBag from /opt/airflow/dags/main.py
[2026-05-08T19:52:52.382+0000] {logging_mixin.py:188} INFO - [2026-05-08T19:52:52.374+0000] {dagbag.py:355} ERROR - Failed to import: /opt/airflow/dags/main.py
Traceback (most recent call last):
  File "/home/airflow/.local/lib/python3.10/site-packages/airflow/models/dagbag.py", line 351, in parse
    loader.exec_module(new_module)
  File "<frozen importlib._bootstrap_external>", line 883, in exec_module
  File "<frozen importlib._bootstrap>", line 241, in _call_with_frames_removed
  File "/opt/airflow/dags/main.py", line 4, in <module>
    from api.video_stats import get_playlist_id, get_video_ids, extract_video_data, save_to_json
  File "/opt/airflow/dags/api/video_stats.py", line 15, in <module>
    CHANNEL_HANDLE = Variable.get("MrBeast")
  File "/home/airflow/.local/lib/python3.10/site-packages/airflow/models/variable.py", line 143, in get
    raise KeyError(f"Variable {key} does not exist")
KeyError: 'Variable MrBeast does not exist'
[2026-05-08T19:52:52.384+0000] {processor.py:842} WARNING - No viable dags retrieved from /opt/airflow/dags/main.py
[2026-05-08T19:52:52.392+0000] {processor.py:183} INFO - Processing /opt/airflow/dags/main.py took 0.081 seconds
[2026-05-08T19:53:22.500+0000] {processor.py:161} INFO - Started process (PID=349) to work on /opt/airflow/dags/main.py
[2026-05-08T19:53:22.501+0000] {processor.py:830} INFO - Processing file /opt/airflow/dags/main.py for tasks to queue
[2026-05-08T19:53:22.503+0000] {logging_mixin.py:188} INFO - [2026-05-08T19:53:22.503+0000] {dagbag.py:545} INFO - Filling up the DagBag from /opt/airflow/dags/main.py
[2026-05-08T19:53:22.565+0000] {logging_mixin.py:188} INFO - [2026-05-08T19:53:22.557+0000] {dagbag.py:355} ERROR - Failed to import: /opt/airflow/dags/main.py
Traceback (most recent call last):
  File "/home/airflow/.local/lib/python3.10/site-packages/airflow/models/dagbag.py", line 351, in parse
    loader.exec_module(new_module)
  File "<frozen importlib._bootstrap_external>", line 883, in exec_module
  File "<frozen importlib._bootstrap>", line 241, in _call_with_frames_removed
  File "/opt/airflow/dags/main.py", line 4, in <module>
    from api.video_stats import get_playlist_id, get_video_ids, extract_video_data, save_to_json
  File "/opt/airflow/dags/api/video_stats.py", line 15, in <module>
    CHANNEL_HANDLE = Variable.get("MrBeast")
  File "/home/airflow/.local/lib/python3.10/site-packages/airflow/models/variable.py", line 143, in get
    raise KeyError(f"Variable {key} does not exist")
KeyError: 'Variable MrBeast does not exist'
[2026-05-08T19:53:22.567+0000] {processor.py:842} WARNING - No viable dags retrieved from /opt/airflow/dags/main.py
[2026-05-08T19:53:22.575+0000] {processor.py:183} INFO - Processing /opt/airflow/dags/main.py took 0.081 seconds
[2026-05-08T19:53:52.665+0000] {processor.py:161} INFO - Started process (PID=356) to work on /opt/airflow/dags/main.py
[2026-05-08T19:53:52.667+0000] {processor.py:830} INFO - Processing file /opt/airflow/dags/main.py for tasks to queue
[2026-05-08T19:53:52.669+0000] {logging_mixin.py:188} INFO - [2026-05-08T19:53:52.669+0000] {dagbag.py:545} INFO - Filling up the DagBag from /opt/airflow/dags/main.py
[2026-05-08T19:53:52.725+0000] {logging_mixin.py:188} INFO - [2026-05-08T19:53:52.719+0000] {dagbag.py:355} ERROR - Failed to import: /opt/airflow/dags/main.py
Traceback (most recent call last):
  File "/home/airflow/.local/lib/python3.10/site-packages/airflow/models/dagbag.py", line 351, in parse
    loader.exec_module(new_module)
  File "<frozen importlib._bootstrap_external>", line 883, in exec_module
  File "<frozen importlib._bootstrap>", line 241, in _call_with_frames_removed
  File "/opt/airflow/dags/main.py", line 4, in <module>
    from api.video_stats import get_playlist_id, get_video_ids, extract_video_data, save_to_json
  File "/opt/airflow/dags/api/video_stats.py", line 15, in <module>
    CHANNEL_HANDLE = Variable.get("MrBeast")
  File "/home/airflow/.local/lib/python3.10/site-packages/airflow/models/variable.py", line 143, in get
    raise KeyError(f"Variable {key} does not exist")
KeyError: 'Variable MrBeast does not exist'
[2026-05-08T19:53:52.727+0000] {processor.py:842} WARNING - No viable dags retrieved from /opt/airflow/dags/main.py
[2026-05-08T19:53:52.737+0000] {processor.py:183} INFO - Processing /opt/airflow/dags/main.py took 0.079 seconds
[2026-05-08T19:54:22.872+0000] {processor.py:161} INFO - Started process (PID=363) to work on /opt/airflow/dags/main.py
[2026-05-08T19:54:22.873+0000] {processor.py:830} INFO - Processing file /opt/airflow/dags/main.py for tasks to queue
[2026-05-08T19:54:22.875+0000] {logging_mixin.py:188} INFO - [2026-05-08T19:54:22.874+0000] {dagbag.py:545} INFO - Filling up the DagBag from /opt/airflow/dags/main.py
[2026-05-08T19:54:22.933+0000] {logging_mixin.py:188} INFO - [2026-05-08T19:54:22.925+0000] {dagbag.py:355} ERROR - Failed to import: /opt/airflow/dags/main.py
Traceback (most recent call last):
  File "/home/airflow/.local/lib/python3.10/site-packages/airflow/models/dagbag.py", line 351, in parse
    loader.exec_module(new_module)
  File "<frozen importlib._bootstrap_external>", line 883, in exec_module
  File "<frozen importlib._bootstrap>", line 241, in _call_with_frames_removed
  File "/opt/airflow/dags/main.py", line 4, in <module>
    from api.video_stats import get_playlist_id, get_video_ids, extract_video_data, save_to_json
  File "/opt/airflow/dags/api/video_stats.py", line 15, in <module>
    CHANNEL_HANDLE = Variable.get("MrBeast")
  File "/home/airflow/.local/lib/python3.10/site-packages/airflow/models/variable.py", line 143, in get
    raise KeyError(f"Variable {key} does not exist")
KeyError: 'Variable MrBeast does not exist'
[2026-05-08T19:54:22.935+0000] {processor.py:842} WARNING - No viable dags retrieved from /opt/airflow/dags/main.py
[2026-05-08T19:54:22.942+0000] {processor.py:183} INFO - Processing /opt/airflow/dags/main.py took 0.075 seconds
[2026-05-08T19:54:53.065+0000] {processor.py:161} INFO - Started process (PID=370) to work on /opt/airflow/dags/main.py
[2026-05-08T19:54:53.066+0000] {processor.py:830} INFO - Processing file /opt/airflow/dags/main.py for tasks to queue
[2026-05-08T19:54:53.067+0000] {logging_mixin.py:188} INFO - [2026-05-08T19:54:53.067+0000] {dagbag.py:545} INFO - Filling up the DagBag from /opt/airflow/dags/main.py
[2026-05-08T19:54:53.127+0000] {logging_mixin.py:188} INFO - [2026-05-08T19:54:53.119+0000] {dagbag.py:355} ERROR - Failed to import: /opt/airflow/dags/main.py
Traceback (most recent call last):
  File "/home/airflow/.local/lib/python3.10/site-packages/airflow/models/dagbag.py", line 351, in parse
    loader.exec_module(new_module)
  File "<frozen importlib._bootstrap_external>", line 883, in exec_module
  File "<frozen importlib._bootstrap>", line 241, in _call_with_frames_removed
  File "/opt/airflow/dags/main.py", line 4, in <module>
    from api.video_stats import get_playlist_id, get_video_ids, extract_video_data, save_to_json
  File "/opt/airflow/dags/api/video_stats.py", line 15, in <module>
    CHANNEL_HANDLE = Variable.get("MrBeast")
  File "/home/airflow/.local/lib/python3.10/site-packages/airflow/models/variable.py", line 143, in get
    raise KeyError(f"Variable {key} does not exist")
KeyError: 'Variable MrBeast does not exist'
[2026-05-08T19:54:53.129+0000] {processor.py:842} WARNING - No viable dags retrieved from /opt/airflow/dags/main.py
[2026-05-08T19:54:53.137+0000] {processor.py:183} INFO - Processing /opt/airflow/dags/main.py took 0.078 seconds
[2026-05-08T19:55:23.227+0000] {processor.py:161} INFO - Started process (PID=377) to work on /opt/airflow/dags/main.py
[2026-05-08T19:55:23.228+0000] {processor.py:830} INFO - Processing file /opt/airflow/dags/main.py for tasks to queue
[2026-05-08T19:55:23.230+0000] {logging_mixin.py:188} INFO - [2026-05-08T19:55:23.229+0000] {dagbag.py:545} INFO - Filling up the DagBag from /opt/airflow/dags/main.py
[2026-05-08T19:55:23.250+0000] {logging_mixin.py:188} INFO - [2026-05-08T19:55:23.247+0000] {dagbag.py:355} ERROR - Failed to import: /opt/airflow/dags/main.py
Traceback (most recent call last):
  File "/home/airflow/.local/lib/python3.10/site-packages/airflow/models/dagbag.py", line 351, in parse
    loader.exec_module(new_module)
  File "<frozen importlib._bootstrap_external>", line 879, in exec_module
  File "<frozen importlib._bootstrap_external>", line 1017, in get_code
  File "<frozen importlib._bootstrap_external>", line 947, in source_to_code
  File "<frozen importlib._bootstrap>", line 241, in _call_with_frames_removed
  File "/opt/airflow/dags/main.py", line 27
    description='DAG to produce JSON file with raw data'
                
SyntaxError: invalid syntax. Perhaps you forgot a comma?
[2026-05-08T19:55:23.251+0000] {processor.py:842} WARNING - No viable dags retrieved from /opt/airflow/dags/main.py
[2026-05-08T19:55:23.270+0000] {processor.py:183} INFO - Processing /opt/airflow/dags/main.py took 0.048 seconds
[2026-05-08T19:55:53.404+0000] {processor.py:161} INFO - Started process (PID=385) to work on /opt/airflow/dags/main.py
[2026-05-08T19:55:53.405+0000] {processor.py:830} INFO - Processing file /opt/airflow/dags/main.py for tasks to queue
[2026-05-08T19:55:53.407+0000] {logging_mixin.py:188} INFO - [2026-05-08T19:55:53.407+0000] {dagbag.py:545} INFO - Filling up the DagBag from /opt/airflow/dags/main.py
[2026-05-08T19:55:53.421+0000] {logging_mixin.py:188} INFO - [2026-05-08T19:55:53.420+0000] {dagbag.py:355} ERROR - Failed to import: /opt/airflow/dags/main.py
Traceback (most recent call last):
  File "/home/airflow/.local/lib/python3.10/site-packages/airflow/models/dagbag.py", line 351, in parse
    loader.exec_module(new_module)
  File "<frozen importlib._bootstrap_external>", line 879, in exec_module
  File "<frozen importlib._bootstrap_external>", line 1017, in get_code
  File "<frozen importlib._bootstrap_external>", line 947, in source_to_code
  File "<frozen importlib._bootstrap>", line 241, in _call_with_frames_removed
  File "/opt/airflow/dags/main.py", line 27
    description='DAG to produce JSON file with raw data'
                
SyntaxError: invalid syntax. Perhaps you forgot a comma?
[2026-05-08T19:55:53.421+0000] {processor.py:842} WARNING - No viable dags retrieved from /opt/airflow/dags/main.py
[2026-05-08T19:55:53.439+0000] {processor.py:183} INFO - Processing /opt/airflow/dags/main.py took 0.039 seconds
[2026-05-08T19:56:00.451+0000] {processor.py:161} INFO - Started process (PID=386) to work on /opt/airflow/dags/main.py
[2026-05-08T19:56:00.452+0000] {processor.py:830} INFO - Processing file /opt/airflow/dags/main.py for tasks to queue
[2026-05-08T19:56:00.453+0000] {logging_mixin.py:188} INFO - [2026-05-08T19:56:00.453+0000] {dagbag.py:545} INFO - Filling up the DagBag from /opt/airflow/dags/main.py
[2026-05-08T19:56:00.470+0000] {logging_mixin.py:188} INFO - [2026-05-08T19:56:00.469+0000] {dagbag.py:355} ERROR - Failed to import: /opt/airflow/dags/main.py
Traceback (most recent call last):
  File "/home/airflow/.local/lib/python3.10/site-packages/airflow/models/dagbag.py", line 351, in parse
    loader.exec_module(new_module)
  File "<frozen importlib._bootstrap_external>", line 879, in exec_module
  File "<frozen importlib._bootstrap_external>", line 1017, in get_code
  File "<frozen importlib._bootstrap_external>", line 947, in source_to_code
  File "<frozen importlib._bootstrap>", line 241, in _call_with_frames_removed
  File "/opt/airflow/dags/main.py", line 27
    description='DAG to produce JSON file with raw data'
                
SyntaxError: invalid syntax. Perhaps you forgot a comma?
[2026-05-08T19:56:00.470+0000] {processor.py:842} WARNING - No viable dags retrieved from /opt/airflow/dags/main.py
[2026-05-08T19:56:00.486+0000] {processor.py:183} INFO - Processing /opt/airflow/dags/main.py took 0.040 seconds
[2026-05-08T19:56:09.538+0000] {processor.py:161} INFO - Started process (PID=387) to work on /opt/airflow/dags/main.py
[2026-05-08T19:56:09.539+0000] {processor.py:830} INFO - Processing file /opt/airflow/dags/main.py for tasks to queue
[2026-05-08T19:56:09.541+0000] {logging_mixin.py:188} INFO - [2026-05-08T19:56:09.540+0000] {dagbag.py:545} INFO - Filling up the DagBag from /opt/airflow/dags/main.py
[2026-05-08T19:56:09.555+0000] {logging_mixin.py:188} INFO - [2026-05-08T19:56:09.554+0000] {dagbag.py:355} ERROR - Failed to import: /opt/airflow/dags/main.py
Traceback (most recent call last):
  File "/home/airflow/.local/lib/python3.10/site-packages/airflow/models/dagbag.py", line 351, in parse
    loader.exec_module(new_module)
  File "<frozen importlib._bootstrap_external>", line 879, in exec_module
  File "<frozen importlib._bootstrap_external>", line 1017, in get_code
  File "<frozen importlib._bootstrap_external>", line 947, in source_to_code
  File "<frozen importlib._bootstrap>", line 241, in _call_with_frames_removed
  File "/opt/airflow/dags/main.py", line 27
    description='DAG to produce JSON file with raw data'
                
SyntaxError: invalid syntax. Perhaps you forgot a comma?
[2026-05-08T19:56:09.555+0000] {processor.py:842} WARNING - No viable dags retrieved from /opt/airflow/dags/main.py
[2026-05-08T19:56:09.574+0000] {processor.py:183} INFO - Processing /opt/airflow/dags/main.py took 0.041 seconds
[2026-05-08T19:56:21.620+0000] {processor.py:161} INFO - Started process (PID=394) to work on /opt/airflow/dags/main.py
[2026-05-08T19:56:21.621+0000] {processor.py:830} INFO - Processing file /opt/airflow/dags/main.py for tasks to queue
[2026-05-08T19:56:21.622+0000] {logging_mixin.py:188} INFO - [2026-05-08T19:56:21.622+0000] {dagbag.py:545} INFO - Filling up the DagBag from /opt/airflow/dags/main.py
[2026-05-08T19:56:21.689+0000] {logging_mixin.py:188} INFO - [2026-05-08T19:56:21.682+0000] {dagbag.py:355} ERROR - Failed to import: /opt/airflow/dags/main.py
Traceback (most recent call last):
  File "/home/airflow/.local/lib/python3.10/site-packages/airflow/models/dagbag.py", line 351, in parse
    loader.exec_module(new_module)
  File "<frozen importlib._bootstrap_external>", line 883, in exec_module
  File "<frozen importlib._bootstrap>", line 241, in _call_with_frames_removed
  File "/opt/airflow/dags/main.py", line 4, in <module>
    from api.video_stats import get_playlist_id, get_video_ids, extract_video_data, save_to_json
  File "/opt/airflow/dags/api/video_stats.py", line 15, in <module>
    CHANNEL_HANDLE = Variable.get("MrBeast")
  File "/home/airflow/.local/lib/python3.10/site-packages/airflow/models/variable.py", line 143, in get
    raise KeyError(f"Variable {key} does not exist")
KeyError: 'Variable MrBeast does not exist'
[2026-05-08T19:56:21.690+0000] {processor.py:842} WARNING - No viable dags retrieved from /opt/airflow/dags/main.py
[2026-05-08T19:56:21.699+0000] {processor.py:183} INFO - Processing /opt/airflow/dags/main.py took 0.083 seconds
[2026-05-08T19:56:51.801+0000] {processor.py:161} INFO - Started process (PID=401) to work on /opt/airflow/dags/main.py
[2026-05-08T19:56:51.802+0000] {processor.py:830} INFO - Processing file /opt/airflow/dags/main.py for tasks to queue
[2026-05-08T19:56:51.803+0000] {logging_mixin.py:188} INFO - [2026-05-08T19:56:51.803+0000] {dagbag.py:545} INFO - Filling up the DagBag from /opt/airflow/dags/main.py
[2026-05-08T19:56:51.867+0000] {logging_mixin.py:188} INFO - [2026-05-08T19:56:51.859+0000] {dagbag.py:355} ERROR - Failed to import: /opt/airflow/dags/main.py
Traceback (most recent call last):
  File "/home/airflow/.local/lib/python3.10/site-packages/airflow/models/dagbag.py", line 351, in parse
    loader.exec_module(new_module)
  File "<frozen importlib._bootstrap_external>", line 883, in exec_module
  File "<frozen importlib._bootstrap>", line 241, in _call_with_frames_removed
  File "/opt/airflow/dags/main.py", line 4, in <module>
    from api.video_stats import get_playlist_id, get_video_ids, extract_video_data, save_to_json
  File "/opt/airflow/dags/api/video_stats.py", line 15, in <module>
    CHANNEL_HANDLE = Variable.get("MrBeast")
  File "/home/airflow/.local/lib/python3.10/site-packages/airflow/models/variable.py", line 143, in get
    raise KeyError(f"Variable {key} does not exist")
KeyError: 'Variable MrBeast does not exist'
[2026-05-08T19:56:51.869+0000] {processor.py:842} WARNING - No viable dags retrieved from /opt/airflow/dags/main.py
[2026-05-08T19:56:51.878+0000] {processor.py:183} INFO - Processing /opt/airflow/dags/main.py took 0.082 seconds
[2026-05-08T19:57:21.985+0000] {processor.py:161} INFO - Started process (PID=408) to work on /opt/airflow/dags/main.py
[2026-05-08T19:57:21.986+0000] {processor.py:830} INFO - Processing file /opt/airflow/dags/main.py for tasks to queue
[2026-05-08T19:57:21.988+0000] {logging_mixin.py:188} INFO - [2026-05-08T19:57:21.987+0000] {dagbag.py:545} INFO - Filling up the DagBag from /opt/airflow/dags/main.py
[2026-05-08T19:57:22.066+0000] {logging_mixin.py:188} INFO - get_playlist_id will not be executed
[2026-05-08T19:57:22.077+0000] {logging_mixin.py:188} INFO - [2026-05-08T19:57:22.074+0000] {dagbag.py:355} ERROR - Failed to import: /opt/airflow/dags/main.py
Traceback (most recent call last):
  File "/home/airflow/.local/lib/python3.10/site-packages/airflow/models/dagbag.py", line 351, in parse
    loader.exec_module(new_module)
  File "<frozen importlib._bootstrap_external>", line 883, in exec_module
  File "<frozen importlib._bootstrap>", line 241, in _call_with_frames_removed
  File "/opt/airflow/dags/main.py", line 20, in <module>
    "start_date": datetime(2025, 1, tzinfo=local_tz),
TypeError: function missing required argument 'day' (pos 3)
[2026-05-08T19:57:22.078+0000] {processor.py:842} WARNING - No viable dags retrieved from /opt/airflow/dags/main.py
[2026-05-08T19:57:22.098+0000] {processor.py:183} INFO - Processing /opt/airflow/dags/main.py took 0.118 seconds
[2026-05-08T19:57:52.138+0000] {processor.py:161} INFO - Started process (PID=415) to work on /opt/airflow/dags/main.py
[2026-05-08T19:57:52.139+0000] {processor.py:830} INFO - Processing file /opt/airflow/dags/main.py for tasks to queue
[2026-05-08T19:57:52.141+0000] {logging_mixin.py:188} INFO - [2026-05-08T19:57:52.141+0000] {dagbag.py:545} INFO - Filling up the DagBag from /opt/airflow/dags/main.py
[2026-05-08T19:57:52.177+0000] {logging_mixin.py:188} INFO - get_playlist_id will not be executed
[2026-05-08T19:57:52.182+0000] {logging_mixin.py:188} INFO - [2026-05-08T19:57:52.178+0000] {dagbag.py:355} ERROR - Failed to import: /opt/airflow/dags/main.py
Traceback (most recent call last):
  File "/home/airflow/.local/lib/python3.10/site-packages/airflow/models/dagbag.py", line 351, in parse
    loader.exec_module(new_module)
  File "<frozen importlib._bootstrap_external>", line 883, in exec_module
  File "<frozen importlib._bootstrap>", line 241, in _call_with_frames_removed
  File "/opt/airflow/dags/main.py", line 20, in <module>
    "start_date": datetime(2025, 1, tzinfo=local_tz),
TypeError: function missing required argument 'day' (pos 3)
[2026-05-08T19:57:52.183+0000] {processor.py:842} WARNING - No viable dags retrieved from /opt/airflow/dags/main.py
[2026-05-08T19:57:52.203+0000] {processor.py:183} INFO - Processing /opt/airflow/dags/main.py took 0.069 seconds
[2026-05-08T19:58:22.354+0000] {processor.py:161} INFO - Started process (PID=422) to work on /opt/airflow/dags/main.py
[2026-05-08T19:58:22.355+0000] {processor.py:830} INFO - Processing file /opt/airflow/dags/main.py for tasks to queue
[2026-05-08T19:58:22.356+0000] {logging_mixin.py:188} INFO - [2026-05-08T19:58:22.356+0000] {dagbag.py:545} INFO - Filling up the DagBag from /opt/airflow/dags/main.py
[2026-05-08T19:58:22.395+0000] {logging_mixin.py:188} INFO - get_playlist_id will not be executed
[2026-05-08T19:58:22.399+0000] {logging_mixin.py:188} INFO - [2026-05-08T19:58:22.396+0000] {dagbag.py:355} ERROR - Failed to import: /opt/airflow/dags/main.py
Traceback (most recent call last):
  File "/home/airflow/.local/lib/python3.10/site-packages/airflow/models/dagbag.py", line 351, in parse
    loader.exec_module(new_module)
  File "<frozen importlib._bootstrap_external>", line 883, in exec_module
  File "<frozen importlib._bootstrap>", line 241, in _call_with_frames_removed
  File "/opt/airflow/dags/main.py", line 20, in <module>
    "start_date": datetime(2025, 1, tzinfo=local_tz),
TypeError: function missing required argument 'day' (pos 3)
[2026-05-08T19:58:22.400+0000] {processor.py:842} WARNING - No viable dags retrieved from /opt/airflow/dags/main.py
[2026-05-08T19:58:22.419+0000] {processor.py:183} INFO - Processing /opt/airflow/dags/main.py took 0.072 seconds
[2026-05-08T19:58:52.500+0000] {processor.py:161} INFO - Started process (PID=429) to work on /opt/airflow/dags/main.py
[2026-05-08T19:58:52.502+0000] {processor.py:830} INFO - Processing file /opt/airflow/dags/main.py for tasks to queue
[2026-05-08T19:58:52.504+0000] {logging_mixin.py:188} INFO - [2026-05-08T19:58:52.503+0000] {dagbag.py:545} INFO - Filling up the DagBag from /opt/airflow/dags/main.py
[2026-05-08T19:58:52.552+0000] {logging_mixin.py:188} INFO - get_playlist_id will not be executed
[2026-05-08T19:58:52.556+0000] {logging_mixin.py:188} INFO - [2026-05-08T19:58:52.553+0000] {dagbag.py:355} ERROR - Failed to import: /opt/airflow/dags/main.py
Traceback (most recent call last):
  File "/home/airflow/.local/lib/python3.10/site-packages/airflow/models/dagbag.py", line 351, in parse
    loader.exec_module(new_module)
  File "<frozen importlib._bootstrap_external>", line 883, in exec_module
  File "<frozen importlib._bootstrap>", line 241, in _call_with_frames_removed
  File "/opt/airflow/dags/main.py", line 20, in <module>
    "start_date": datetime(2025, 1, tzinfo=local_tz),
TypeError: function missing required argument 'day' (pos 3)
[2026-05-08T19:58:52.558+0000] {processor.py:842} WARNING - No viable dags retrieved from /opt/airflow/dags/main.py
[2026-05-08T19:58:52.576+0000] {processor.py:183} INFO - Processing /opt/airflow/dags/main.py took 0.080 seconds
[2026-05-08T19:59:22.687+0000] {processor.py:161} INFO - Started process (PID=436) to work on /opt/airflow/dags/main.py
[2026-05-08T19:59:22.688+0000] {processor.py:830} INFO - Processing file /opt/airflow/dags/main.py for tasks to queue
[2026-05-08T19:59:22.689+0000] {logging_mixin.py:188} INFO - [2026-05-08T19:59:22.689+0000] {dagbag.py:545} INFO - Filling up the DagBag from /opt/airflow/dags/main.py
[2026-05-08T19:59:22.728+0000] {logging_mixin.py:188} INFO - get_playlist_id will not be executed
[2026-05-08T19:59:22.732+0000] {logging_mixin.py:188} INFO - [2026-05-08T19:59:22.728+0000] {dagbag.py:355} ERROR - Failed to import: /opt/airflow/dags/main.py
Traceback (most recent call last):
  File "/home/airflow/.local/lib/python3.10/site-packages/airflow/models/dagbag.py", line 351, in parse
    loader.exec_module(new_module)
  File "<frozen importlib._bootstrap_external>", line 883, in exec_module
  File "<frozen importlib._bootstrap>", line 241, in _call_with_frames_removed
  File "/opt/airflow/dags/main.py", line 20, in <module>
    "start_date": datetime(2025, 1, tzinfo=local_tz),
TypeError: function missing required argument 'day' (pos 3)
[2026-05-08T19:59:22.734+0000] {processor.py:842} WARNING - No viable dags retrieved from /opt/airflow/dags/main.py
[2026-05-08T19:59:22.751+0000] {processor.py:183} INFO - Processing /opt/airflow/dags/main.py took 0.069 seconds
[2026-05-08T19:59:40.793+0000] {processor.py:161} INFO - Started process (PID=437) to work on /opt/airflow/dags/main.py
[2026-05-08T19:59:40.794+0000] {processor.py:830} INFO - Processing file /opt/airflow/dags/main.py for tasks to queue
[2026-05-08T19:59:40.796+0000] {logging_mixin.py:188} INFO - [2026-05-08T19:59:40.795+0000] {dagbag.py:545} INFO - Filling up the DagBag from /opt/airflow/dags/main.py
[2026-05-08T19:59:40.841+0000] {logging_mixin.py:188} INFO - get_playlist_id will not be executed
[2026-05-08T19:59:40.846+0000] {logging_mixin.py:188} INFO - [2026-05-08T19:59:40.842+0000] {dagbag.py:355} ERROR - Failed to import: /opt/airflow/dags/main.py
Traceback (most recent call last):
  File "/home/airflow/.local/lib/python3.10/site-packages/airflow/models/dagbag.py", line 351, in parse
    loader.exec_module(new_module)
  File "<frozen importlib._bootstrap_external>", line 883, in exec_module
  File "<frozen importlib._bootstrap>", line 241, in _call_with_frames_removed
  File "/opt/airflow/dags/main.py", line 20, in <module>
    "start_date": datetime(2025, 1, tzinfo=local_tz),
TypeError: function missing required argument 'day' (pos 3)
[2026-05-08T19:59:40.847+0000] {processor.py:842} WARNING - No viable dags retrieved from /opt/airflow/dags/main.py
[2026-05-08T19:59:40.866+0000] {processor.py:183} INFO - Processing /opt/airflow/dags/main.py took 0.077 seconds
[2026-05-08T20:00:08.026+0000] {processor.py:161} INFO - Started process (PID=444) to work on /opt/airflow/dags/main.py
[2026-05-08T20:00:08.027+0000] {processor.py:830} INFO - Processing file /opt/airflow/dags/main.py for tasks to queue
[2026-05-08T20:00:08.029+0000] {logging_mixin.py:188} INFO - [2026-05-08T20:00:08.028+0000] {dagbag.py:545} INFO - Filling up the DagBag from /opt/airflow/dags/main.py
[2026-05-08T20:00:08.079+0000] {logging_mixin.py:188} INFO - get_playlist_id will not be executed
[2026-05-08T20:00:08.082+0000] {logging_mixin.py:188} INFO - [2026-05-08T20:00:08.079+0000] {dagbag.py:355} ERROR - Failed to import: /opt/airflow/dags/main.py
Traceback (most recent call last):
  File "/home/airflow/.local/lib/python3.10/site-packages/airflow/models/dagbag.py", line 351, in parse
    loader.exec_module(new_module)
  File "<frozen importlib._bootstrap_external>", line 883, in exec_module
  File "<frozen importlib._bootstrap>", line 241, in _call_with_frames_removed
  File "/opt/airflow/dags/main.py", line 20, in <module>
    "start_date": datetime(2025, 1, tzinfo=local_tz),
TypeError: function missing required argument 'day' (pos 3)
[2026-05-08T20:00:08.083+0000] {processor.py:842} WARNING - No viable dags retrieved from /opt/airflow/dags/main.py
[2026-05-08T20:00:08.102+0000] {processor.py:183} INFO - Processing /opt/airflow/dags/main.py took 0.080 seconds
[2026-05-08T20:00:16.088+0000] {processor.py:161} INFO - Started process (PID=445) to work on /opt/airflow/dags/main.py
[2026-05-08T20:00:16.089+0000] {processor.py:830} INFO - Processing file /opt/airflow/dags/main.py for tasks to queue
[2026-05-08T20:00:16.090+0000] {logging_mixin.py:188} INFO - [2026-05-08T20:00:16.090+0000] {dagbag.py:545} INFO - Filling up the DagBag from /opt/airflow/dags/main.py
[2026-05-08T20:00:16.140+0000] {logging_mixin.py:188} INFO - get_playlist_id will not be executed
[2026-05-08T20:00:16.234+0000] {logging_mixin.py:188} INFO - [2026-05-08T20:00:16.226+0000] {dagbag.py:355} ERROR - Failed to import: /opt/airflow/dags/main.py
Traceback (most recent call last):
  File "/home/airflow/.local/lib/python3.10/site-packages/airflow/models/dagbag.py", line 351, in parse
    loader.exec_module(new_module)
  File "<frozen importlib._bootstrap_external>", line 883, in exec_module
  File "<frozen importlib._bootstrap>", line 241, in _call_with_frames_removed
  File "/opt/airflow/dags/main.py", line 38, in <module>
    playlist_id >> video_ids >> extract_data >> save_to_json
  File "/home/airflow/.local/lib/python3.10/site-packages/airflow/models/taskmixin.py", line 104, in __rshift__
    self.set_downstream(other)
  File "/home/airflow/.local/lib/python3.10/site-packages/airflow/models/xcom_arg.py", line 157, in set_downstream
    operator.set_downstream(task_or_task_list, edge_modifier)
  File "/home/airflow/.local/lib/python3.10/site-packages/airflow/models/taskmixin.py", line 262, in set_downstream
    self._set_relatives(task_or_task_list, upstream=False, edge_modifier=edge_modifier)
  File "/home/airflow/.local/lib/python3.10/site-packages/airflow/models/taskmixin.py", line 214, in _set_relatives
    task_object.update_relative(self, not upstream, edge_modifier=edge_modifier)
AttributeError: '_TaskDecorator' object has no attribute 'update_relative'
[2026-05-08T20:00:16.234+0000] {processor.py:842} WARNING - No viable dags retrieved from /opt/airflow/dags/main.py
[2026-05-08T20:00:16.250+0000] {processor.py:183} INFO - Processing /opt/airflow/dags/main.py took 0.168 seconds
[2026-05-08T20:00:46.301+0000] {processor.py:161} INFO - Started process (PID=452) to work on /opt/airflow/dags/main.py
[2026-05-08T20:00:46.302+0000] {processor.py:830} INFO - Processing file /opt/airflow/dags/main.py for tasks to queue
[2026-05-08T20:00:46.303+0000] {logging_mixin.py:188} INFO - [2026-05-08T20:00:46.303+0000] {dagbag.py:545} INFO - Filling up the DagBag from /opt/airflow/dags/main.py
[2026-05-08T20:00:46.341+0000] {logging_mixin.py:188} INFO - get_playlist_id will not be executed
[2026-05-08T20:00:46.352+0000] {logging_mixin.py:188} INFO - [2026-05-08T20:00:46.348+0000] {dagbag.py:355} ERROR - Failed to import: /opt/airflow/dags/main.py
Traceback (most recent call last):
  File "/home/airflow/.local/lib/python3.10/site-packages/airflow/models/dagbag.py", line 351, in parse
    loader.exec_module(new_module)
  File "<frozen importlib._bootstrap_external>", line 883, in exec_module
  File "<frozen importlib._bootstrap>", line 241, in _call_with_frames_removed
  File "/opt/airflow/dags/main.py", line 38, in <module>
    playlist_id >> video_ids >> extract_data >> save_to_json
  File "/home/airflow/.local/lib/python3.10/site-packages/airflow/models/taskmixin.py", line 104, in __rshift__
    self.set_downstream(other)
  File "/home/airflow/.local/lib/python3.10/site-packages/airflow/models/xcom_arg.py", line 157, in set_downstream
    operator.set_downstream(task_or_task_list, edge_modifier)
  File "/home/airflow/.local/lib/python3.10/site-packages/airflow/models/taskmixin.py", line 262, in set_downstream
    self._set_relatives(task_or_task_list, upstream=False, edge_modifier=edge_modifier)
  File "/home/airflow/.local/lib/python3.10/site-packages/airflow/models/taskmixin.py", line 214, in _set_relatives
    task_object.update_relative(self, not upstream, edge_modifier=edge_modifier)
AttributeError: '_TaskDecorator' object has no attribute 'update_relative'
[2026-05-08T20:00:46.352+0000] {processor.py:842} WARNING - No viable dags retrieved from /opt/airflow/dags/main.py
[2026-05-08T20:00:46.368+0000] {processor.py:183} INFO - Processing /opt/airflow/dags/main.py took 0.073 seconds
[2026-05-08T20:01:16.540+0000] {processor.py:161} INFO - Started process (PID=459) to work on /opt/airflow/dags/main.py
[2026-05-08T20:01:16.542+0000] {processor.py:830} INFO - Processing file /opt/airflow/dags/main.py for tasks to queue
[2026-05-08T20:01:16.545+0000] {logging_mixin.py:188} INFO - [2026-05-08T20:01:16.544+0000] {dagbag.py:545} INFO - Filling up the DagBag from /opt/airflow/dags/main.py
[2026-05-08T20:01:16.591+0000] {logging_mixin.py:188} INFO - get_playlist_id will not be executed
[2026-05-08T20:01:16.605+0000] {logging_mixin.py:188} INFO - [2026-05-08T20:01:16.601+0000] {dagbag.py:355} ERROR - Failed to import: /opt/airflow/dags/main.py
Traceback (most recent call last):
  File "/home/airflow/.local/lib/python3.10/site-packages/airflow/models/dagbag.py", line 351, in parse
    loader.exec_module(new_module)
  File "<frozen importlib._bootstrap_external>", line 883, in exec_module
  File "<frozen importlib._bootstrap>", line 241, in _call_with_frames_removed
  File "/opt/airflow/dags/main.py", line 38, in <module>
    playlist_id >> video_ids >> extract_data >> save_to_json
  File "/home/airflow/.local/lib/python3.10/site-packages/airflow/models/taskmixin.py", line 104, in __rshift__
    self.set_downstream(other)
  File "/home/airflow/.local/lib/python3.10/site-packages/airflow/models/xcom_arg.py", line 157, in set_downstream
    operator.set_downstream(task_or_task_list, edge_modifier)
  File "/home/airflow/.local/lib/python3.10/site-packages/airflow/models/taskmixin.py", line 262, in set_downstream
    self._set_relatives(task_or_task_list, upstream=False, edge_modifier=edge_modifier)
  File "/home/airflow/.local/lib/python3.10/site-packages/airflow/models/taskmixin.py", line 214, in _set_relatives
    task_object.update_relative(self, not upstream, edge_modifier=edge_modifier)
AttributeError: '_TaskDecorator' object has no attribute 'update_relative'
[2026-05-08T20:01:16.605+0000] {processor.py:842} WARNING - No viable dags retrieved from /opt/airflow/dags/main.py
[2026-05-08T20:01:16.629+0000] {processor.py:183} INFO - Processing /opt/airflow/dags/main.py took 0.095 seconds
[2026-05-08T20:01:46.683+0000] {processor.py:161} INFO - Started process (PID=467) to work on /opt/airflow/dags/main.py
[2026-05-08T20:01:46.684+0000] {processor.py:830} INFO - Processing file /opt/airflow/dags/main.py for tasks to queue
[2026-05-08T20:01:46.685+0000] {logging_mixin.py:188} INFO - [2026-05-08T20:01:46.685+0000] {dagbag.py:545} INFO - Filling up the DagBag from /opt/airflow/dags/main.py
[2026-05-08T20:01:46.730+0000] {logging_mixin.py:188} INFO - get_playlist_id will not be executed
[2026-05-08T20:01:46.738+0000] {logging_mixin.py:188} INFO - [2026-05-08T20:01:46.735+0000] {dagbag.py:355} ERROR - Failed to import: /opt/airflow/dags/main.py
Traceback (most recent call last):
  File "/home/airflow/.local/lib/python3.10/site-packages/airflow/models/dagbag.py", line 351, in parse
    loader.exec_module(new_module)
  File "<frozen importlib._bootstrap_external>", line 883, in exec_module
  File "<frozen importlib._bootstrap>", line 241, in _call_with_frames_removed
  File "/opt/airflow/dags/main.py", line 38, in <module>
    playlist_id >> video_ids >> extract_data >> save_to_json
  File "/home/airflow/.local/lib/python3.10/site-packages/airflow/models/taskmixin.py", line 104, in __rshift__
    self.set_downstream(other)
  File "/home/airflow/.local/lib/python3.10/site-packages/airflow/models/xcom_arg.py", line 157, in set_downstream
    operator.set_downstream(task_or_task_list, edge_modifier)
  File "/home/airflow/.local/lib/python3.10/site-packages/airflow/models/taskmixin.py", line 262, in set_downstream
    self._set_relatives(task_or_task_list, upstream=False, edge_modifier=edge_modifier)
  File "/home/airflow/.local/lib/python3.10/site-packages/airflow/models/taskmixin.py", line 214, in _set_relatives
    task_object.update_relative(self, not upstream, edge_modifier=edge_modifier)
AttributeError: '_TaskDecorator' object has no attribute 'update_relative'
[2026-05-08T20:01:46.738+0000] {processor.py:842} WARNING - No viable dags retrieved from /opt/airflow/dags/main.py
[2026-05-08T20:01:46.754+0000] {processor.py:183} INFO - Processing /opt/airflow/dags/main.py took 0.076 seconds
[2026-05-08T20:02:16.903+0000] {processor.py:161} INFO - Started process (PID=479) to work on /opt/airflow/dags/main.py
[2026-05-08T20:02:16.904+0000] {processor.py:830} INFO - Processing file /opt/airflow/dags/main.py for tasks to queue
[2026-05-08T20:02:16.905+0000] {logging_mixin.py:188} INFO - [2026-05-08T20:02:16.905+0000] {dagbag.py:545} INFO - Filling up the DagBag from /opt/airflow/dags/main.py
[2026-05-08T20:02:16.945+0000] {logging_mixin.py:188} INFO - get_playlist_id will not be executed
[2026-05-08T20:02:16.953+0000] {logging_mixin.py:188} INFO - [2026-05-08T20:02:16.950+0000] {dagbag.py:355} ERROR - Failed to import: /opt/airflow/dags/main.py
Traceback (most recent call last):
  File "/home/airflow/.local/lib/python3.10/site-packages/airflow/models/dagbag.py", line 351, in parse
    loader.exec_module(new_module)
  File "<frozen importlib._bootstrap_external>", line 883, in exec_module
  File "<frozen importlib._bootstrap>", line 241, in _call_with_frames_removed
  File "/opt/airflow/dags/main.py", line 38, in <module>
    playlist_id >> video_ids >> extract_data >> save_to_json
  File "/home/airflow/.local/lib/python3.10/site-packages/airflow/models/taskmixin.py", line 104, in __rshift__
    self.set_downstream(other)
  File "/home/airflow/.local/lib/python3.10/site-packages/airflow/models/xcom_arg.py", line 157, in set_downstream
    operator.set_downstream(task_or_task_list, edge_modifier)
  File "/home/airflow/.local/lib/python3.10/site-packages/airflow/models/taskmixin.py", line 262, in set_downstream
    self._set_relatives(task_or_task_list, upstream=False, edge_modifier=edge_modifier)
  File "/home/airflow/.local/lib/python3.10/site-packages/airflow/models/taskmixin.py", line 214, in _set_relatives
    task_object.update_relative(self, not upstream, edge_modifier=edge_modifier)
AttributeError: '_TaskDecorator' object has no attribute 'update_relative'
[2026-05-08T20:02:16.953+0000] {processor.py:842} WARNING - No viable dags retrieved from /opt/airflow/dags/main.py
[2026-05-08T20:02:16.968+0000] {processor.py:183} INFO - Processing /opt/airflow/dags/main.py took 0.070 seconds
[2026-05-08T20:02:47.070+0000] {processor.py:161} INFO - Started process (PID=486) to work on /opt/airflow/dags/main.py
[2026-05-08T20:02:47.071+0000] {processor.py:830} INFO - Processing file /opt/airflow/dags/main.py for tasks to queue
[2026-05-08T20:02:47.073+0000] {logging_mixin.py:188} INFO - [2026-05-08T20:02:47.072+0000] {dagbag.py:545} INFO - Filling up the DagBag from /opt/airflow/dags/main.py
[2026-05-08T20:02:47.114+0000] {logging_mixin.py:188} INFO - get_playlist_id will not be executed
[2026-05-08T20:02:47.121+0000] {logging_mixin.py:188} INFO - [2026-05-08T20:02:47.118+0000] {dagbag.py:355} ERROR - Failed to import: /opt/airflow/dags/main.py
Traceback (most recent call last):
  File "/home/airflow/.local/lib/python3.10/site-packages/airflow/models/dagbag.py", line 351, in parse
    loader.exec_module(new_module)
  File "<frozen importlib._bootstrap_external>", line 883, in exec_module
  File "<frozen importlib._bootstrap>", line 241, in _call_with_frames_removed
  File "/opt/airflow/dags/main.py", line 38, in <module>
    playlist_id >> video_ids >> extract_data >> save_to_json
  File "/home/airflow/.local/lib/python3.10/site-packages/airflow/models/taskmixin.py", line 104, in __rshift__
    self.set_downstream(other)
  File "/home/airflow/.local/lib/python3.10/site-packages/airflow/models/xcom_arg.py", line 157, in set_downstream
    operator.set_downstream(task_or_task_list, edge_modifier)
  File "/home/airflow/.local/lib/python3.10/site-packages/airflow/models/taskmixin.py", line 262, in set_downstream
    self._set_relatives(task_or_task_list, upstream=False, edge_modifier=edge_modifier)
  File "/home/airflow/.local/lib/python3.10/site-packages/airflow/models/taskmixin.py", line 214, in _set_relatives
    task_object.update_relative(self, not upstream, edge_modifier=edge_modifier)
AttributeError: '_TaskDecorator' object has no attribute 'update_relative'
[2026-05-08T20:02:47.121+0000] {processor.py:842} WARNING - No viable dags retrieved from /opt/airflow/dags/main.py
[2026-05-08T20:02:47.140+0000] {processor.py:183} INFO - Processing /opt/airflow/dags/main.py took 0.075 seconds
[2026-05-08T20:02:49.154+0000] {processor.py:161} INFO - Started process (PID=487) to work on /opt/airflow/dags/main.py
[2026-05-08T20:02:49.156+0000] {processor.py:830} INFO - Processing file /opt/airflow/dags/main.py for tasks to queue
[2026-05-08T20:02:49.158+0000] {logging_mixin.py:188} INFO - [2026-05-08T20:02:49.157+0000] {dagbag.py:545} INFO - Filling up the DagBag from /opt/airflow/dags/main.py
[2026-05-08T20:02:49.207+0000] {logging_mixin.py:188} INFO - get_playlist_id will not be executed
[2026-05-08T20:02:49.215+0000] {logging_mixin.py:188} INFO - [2026-05-08T20:02:49.212+0000] {dagbag.py:355} ERROR - Failed to import: /opt/airflow/dags/main.py
Traceback (most recent call last):
  File "/home/airflow/.local/lib/python3.10/site-packages/airflow/models/dagbag.py", line 351, in parse
    loader.exec_module(new_module)
  File "<frozen importlib._bootstrap_external>", line 883, in exec_module
  File "<frozen importlib._bootstrap>", line 241, in _call_with_frames_removed
  File "/opt/airflow/dags/main.py", line 38, in <module>
    playlist_id >> video_ids >> extract_data >> save_to_json
  File "/home/airflow/.local/lib/python3.10/site-packages/airflow/models/taskmixin.py", line 104, in __rshift__
    self.set_downstream(other)
  File "/home/airflow/.local/lib/python3.10/site-packages/airflow/models/xcom_arg.py", line 157, in set_downstream
    operator.set_downstream(task_or_task_list, edge_modifier)
  File "/home/airflow/.local/lib/python3.10/site-packages/airflow/models/taskmixin.py", line 262, in set_downstream
    self._set_relatives(task_or_task_list, upstream=False, edge_modifier=edge_modifier)
  File "/home/airflow/.local/lib/python3.10/site-packages/airflow/models/taskmixin.py", line 214, in _set_relatives
    task_object.update_relative(self, not upstream, edge_modifier=edge_modifier)
AttributeError: '_TaskDecorator' object has no attribute 'update_relative'
[2026-05-08T20:02:49.216+0000] {processor.py:842} WARNING - No viable dags retrieved from /opt/airflow/dags/main.py
[2026-05-08T20:02:49.234+0000] {processor.py:183} INFO - Processing /opt/airflow/dags/main.py took 0.086 seconds
[2026-05-08T20:03:19.311+0000] {processor.py:161} INFO - Started process (PID=494) to work on /opt/airflow/dags/main.py
[2026-05-08T20:03:19.312+0000] {processor.py:830} INFO - Processing file /opt/airflow/dags/main.py for tasks to queue
[2026-05-08T20:03:19.314+0000] {logging_mixin.py:188} INFO - [2026-05-08T20:03:19.314+0000] {dagbag.py:545} INFO - Filling up the DagBag from /opt/airflow/dags/main.py
[2026-05-08T20:03:19.352+0000] {logging_mixin.py:188} INFO - get_playlist_id will not be executed
[2026-05-08T20:03:19.361+0000] {logging_mixin.py:188} INFO - [2026-05-08T20:03:19.356+0000] {dagbag.py:355} ERROR - Failed to import: /opt/airflow/dags/main.py
Traceback (most recent call last):
  File "/home/airflow/.local/lib/python3.10/site-packages/airflow/models/dagbag.py", line 351, in parse
    loader.exec_module(new_module)
  File "<frozen importlib._bootstrap_external>", line 883, in exec_module
  File "<frozen importlib._bootstrap>", line 241, in _call_with_frames_removed
  File "/opt/airflow/dags/main.py", line 38, in <module>
    playlist_id >> video_ids >> extract_data >> save_to_json
  File "/home/airflow/.local/lib/python3.10/site-packages/airflow/models/taskmixin.py", line 104, in __rshift__
    self.set_downstream(other)
  File "/home/airflow/.local/lib/python3.10/site-packages/airflow/models/xcom_arg.py", line 157, in set_downstream
    operator.set_downstream(task_or_task_list, edge_modifier)
  File "/home/airflow/.local/lib/python3.10/site-packages/airflow/models/taskmixin.py", line 262, in set_downstream
    self._set_relatives(task_or_task_list, upstream=False, edge_modifier=edge_modifier)
  File "/home/airflow/.local/lib/python3.10/site-packages/airflow/models/taskmixin.py", line 214, in _set_relatives
    task_object.update_relative(self, not upstream, edge_modifier=edge_modifier)
AttributeError: '_TaskDecorator' object has no attribute 'update_relative'
[2026-05-08T20:03:19.362+0000] {processor.py:842} WARNING - No viable dags retrieved from /opt/airflow/dags/main.py
[2026-05-08T20:03:19.378+0000] {processor.py:183} INFO - Processing /opt/airflow/dags/main.py took 0.072 seconds
[2026-05-08T20:03:49.487+0000] {processor.py:161} INFO - Started process (PID=501) to work on /opt/airflow/dags/main.py
[2026-05-08T20:03:49.487+0000] {processor.py:830} INFO - Processing file /opt/airflow/dags/main.py for tasks to queue
[2026-05-08T20:03:49.489+0000] {logging_mixin.py:188} INFO - [2026-05-08T20:03:49.489+0000] {dagbag.py:545} INFO - Filling up the DagBag from /opt/airflow/dags/main.py
[2026-05-08T20:03:49.524+0000] {logging_mixin.py:188} INFO - get_playlist_id will not be executed
[2026-05-08T20:03:49.530+0000] {logging_mixin.py:188} INFO - [2026-05-08T20:03:49.527+0000] {dagbag.py:355} ERROR - Failed to import: /opt/airflow/dags/main.py
Traceback (most recent call last):
  File "/home/airflow/.local/lib/python3.10/site-packages/airflow/models/dagbag.py", line 351, in parse
    loader.exec_module(new_module)
  File "<frozen importlib._bootstrap_external>", line 883, in exec_module
  File "<frozen importlib._bootstrap>", line 241, in _call_with_frames_removed
  File "/opt/airflow/dags/main.py", line 38, in <module>
    playlist_id >> video_ids >> extract_data >> save_to_json
  File "/home/airflow/.local/lib/python3.10/site-packages/airflow/models/taskmixin.py", line 104, in __rshift__
    self.set_downstream(other)
  File "/home/airflow/.local/lib/python3.10/site-packages/airflow/models/xcom_arg.py", line 157, in set_downstream
    operator.set_downstream(task_or_task_list, edge_modifier)
  File "/home/airflow/.local/lib/python3.10/site-packages/airflow/models/taskmixin.py", line 262, in set_downstream
    self._set_relatives(task_or_task_list, upstream=False, edge_modifier=edge_modifier)
  File "/home/airflow/.local/lib/python3.10/site-packages/airflow/models/taskmixin.py", line 214, in _set_relatives
    task_object.update_relative(self, not upstream, edge_modifier=edge_modifier)
AttributeError: '_TaskDecorator' object has no attribute 'update_relative'
[2026-05-08T20:03:49.530+0000] {processor.py:842} WARNING - No viable dags retrieved from /opt/airflow/dags/main.py
[2026-05-08T20:03:49.545+0000] {processor.py:183} INFO - Processing /opt/airflow/dags/main.py took 0.064 seconds
[2026-05-08T20:04:19.637+0000] {processor.py:161} INFO - Started process (PID=508) to work on /opt/airflow/dags/main.py
[2026-05-08T20:04:19.639+0000] {processor.py:830} INFO - Processing file /opt/airflow/dags/main.py for tasks to queue
[2026-05-08T20:04:19.640+0000] {logging_mixin.py:188} INFO - [2026-05-08T20:04:19.640+0000] {dagbag.py:545} INFO - Filling up the DagBag from /opt/airflow/dags/main.py
[2026-05-08T20:04:19.676+0000] {logging_mixin.py:188} INFO - get_playlist_id will not be executed
[2026-05-08T20:04:19.683+0000] {logging_mixin.py:188} INFO - [2026-05-08T20:04:19.680+0000] {dagbag.py:355} ERROR - Failed to import: /opt/airflow/dags/main.py
Traceback (most recent call last):
  File "/home/airflow/.local/lib/python3.10/site-packages/airflow/models/dagbag.py", line 351, in parse
    loader.exec_module(new_module)
  File "<frozen importlib._bootstrap_external>", line 883, in exec_module
  File "<frozen importlib._bootstrap>", line 241, in _call_with_frames_removed
  File "/opt/airflow/dags/main.py", line 38, in <module>
    playlist_id >> video_ids >> extract_data >> save_to_json
  File "/home/airflow/.local/lib/python3.10/site-packages/airflow/models/taskmixin.py", line 104, in __rshift__
    self.set_downstream(other)
  File "/home/airflow/.local/lib/python3.10/site-packages/airflow/models/xcom_arg.py", line 157, in set_downstream
    operator.set_downstream(task_or_task_list, edge_modifier)
  File "/home/airflow/.local/lib/python3.10/site-packages/airflow/models/taskmixin.py", line 262, in set_downstream
    self._set_relatives(task_or_task_list, upstream=False, edge_modifier=edge_modifier)
  File "/home/airflow/.local/lib/python3.10/site-packages/airflow/models/taskmixin.py", line 214, in _set_relatives
    task_object.update_relative(self, not upstream, edge_modifier=edge_modifier)
AttributeError: '_TaskDecorator' object has no attribute 'update_relative'
[2026-05-08T20:04:19.684+0000] {processor.py:842} WARNING - No viable dags retrieved from /opt/airflow/dags/main.py
[2026-05-08T20:04:19.701+0000] {processor.py:183} INFO - Processing /opt/airflow/dags/main.py took 0.070 seconds
[2026-05-08T20:04:49.854+0000] {processor.py:161} INFO - Started process (PID=515) to work on /opt/airflow/dags/main.py
[2026-05-08T20:04:49.855+0000] {processor.py:830} INFO - Processing file /opt/airflow/dags/main.py for tasks to queue
[2026-05-08T20:04:49.857+0000] {logging_mixin.py:188} INFO - [2026-05-08T20:04:49.857+0000] {dagbag.py:545} INFO - Filling up the DagBag from /opt/airflow/dags/main.py
[2026-05-08T20:04:49.903+0000] {logging_mixin.py:188} INFO - get_playlist_id will not be executed
[2026-05-08T20:04:49.911+0000] {logging_mixin.py:188} INFO - [2026-05-08T20:04:49.907+0000] {dagbag.py:355} ERROR - Failed to import: /opt/airflow/dags/main.py
Traceback (most recent call last):
  File "/home/airflow/.local/lib/python3.10/site-packages/airflow/models/dagbag.py", line 351, in parse
    loader.exec_module(new_module)
  File "<frozen importlib._bootstrap_external>", line 883, in exec_module
  File "<frozen importlib._bootstrap>", line 241, in _call_with_frames_removed
  File "/opt/airflow/dags/main.py", line 38, in <module>
    playlist_id >> video_ids >> extract_data >> save_to_json
  File "/home/airflow/.local/lib/python3.10/site-packages/airflow/models/taskmixin.py", line 104, in __rshift__
    self.set_downstream(other)
  File "/home/airflow/.local/lib/python3.10/site-packages/airflow/models/xcom_arg.py", line 157, in set_downstream
    operator.set_downstream(task_or_task_list, edge_modifier)
  File "/home/airflow/.local/lib/python3.10/site-packages/airflow/models/taskmixin.py", line 262, in set_downstream
    self._set_relatives(task_or_task_list, upstream=False, edge_modifier=edge_modifier)
  File "/home/airflow/.local/lib/python3.10/site-packages/airflow/models/taskmixin.py", line 214, in _set_relatives
    task_object.update_relative(self, not upstream, edge_modifier=edge_modifier)
AttributeError: '_TaskDecorator' object has no attribute 'update_relative'
[2026-05-08T20:04:49.912+0000] {processor.py:842} WARNING - No viable dags retrieved from /opt/airflow/dags/main.py
[2026-05-08T20:04:49.930+0000] {processor.py:183} INFO - Processing /opt/airflow/dags/main.py took 0.082 seconds
[2026-05-08T20:05:20.003+0000] {processor.py:161} INFO - Started process (PID=522) to work on /opt/airflow/dags/main.py
[2026-05-08T20:05:20.003+0000] {processor.py:830} INFO - Processing file /opt/airflow/dags/main.py for tasks to queue
[2026-05-08T20:05:20.005+0000] {logging_mixin.py:188} INFO - [2026-05-08T20:05:20.005+0000] {dagbag.py:545} INFO - Filling up the DagBag from /opt/airflow/dags/main.py
[2026-05-08T20:05:20.043+0000] {logging_mixin.py:188} INFO - get_playlist_id will not be executed
[2026-05-08T20:05:20.052+0000] {logging_mixin.py:188} INFO - [2026-05-08T20:05:20.048+0000] {dagbag.py:355} ERROR - Failed to import: /opt/airflow/dags/main.py
Traceback (most recent call last):
  File "/home/airflow/.local/lib/python3.10/site-packages/airflow/models/dagbag.py", line 351, in parse
    loader.exec_module(new_module)
  File "<frozen importlib._bootstrap_external>", line 883, in exec_module
  File "<frozen importlib._bootstrap>", line 241, in _call_with_frames_removed
  File "/opt/airflow/dags/main.py", line 38, in <module>
    playlist_id >> video_ids >> extract_data >> save_to_json
  File "/home/airflow/.local/lib/python3.10/site-packages/airflow/models/taskmixin.py", line 104, in __rshift__
    self.set_downstream(other)
  File "/home/airflow/.local/lib/python3.10/site-packages/airflow/models/xcom_arg.py", line 157, in set_downstream
    operator.set_downstream(task_or_task_list, edge_modifier)
  File "/home/airflow/.local/lib/python3.10/site-packages/airflow/models/taskmixin.py", line 262, in set_downstream
    self._set_relatives(task_or_task_list, upstream=False, edge_modifier=edge_modifier)
  File "/home/airflow/.local/lib/python3.10/site-packages/airflow/models/taskmixin.py", line 214, in _set_relatives
    task_object.update_relative(self, not upstream, edge_modifier=edge_modifier)
AttributeError: '_TaskDecorator' object has no attribute 'update_relative'
[2026-05-08T20:05:20.052+0000] {processor.py:842} WARNING - No viable dags retrieved from /opt/airflow/dags/main.py
[2026-05-08T20:05:20.070+0000] {processor.py:183} INFO - Processing /opt/airflow/dags/main.py took 0.072 seconds
[2026-05-08T20:05:50.207+0000] {processor.py:161} INFO - Started process (PID=529) to work on /opt/airflow/dags/main.py
[2026-05-08T20:05:50.208+0000] {processor.py:830} INFO - Processing file /opt/airflow/dags/main.py for tasks to queue
[2026-05-08T20:05:50.210+0000] {logging_mixin.py:188} INFO - [2026-05-08T20:05:50.210+0000] {dagbag.py:545} INFO - Filling up the DagBag from /opt/airflow/dags/main.py
[2026-05-08T20:05:50.245+0000] {logging_mixin.py:188} INFO - get_playlist_id will not be executed
[2026-05-08T20:05:50.252+0000] {logging_mixin.py:188} INFO - [2026-05-08T20:05:50.249+0000] {dagbag.py:355} ERROR - Failed to import: /opt/airflow/dags/main.py
Traceback (most recent call last):
  File "/home/airflow/.local/lib/python3.10/site-packages/airflow/models/dagbag.py", line 351, in parse
    loader.exec_module(new_module)
  File "<frozen importlib._bootstrap_external>", line 883, in exec_module
  File "<frozen importlib._bootstrap>", line 241, in _call_with_frames_removed
  File "/opt/airflow/dags/main.py", line 38, in <module>
    playlist_id >> video_ids >> extract_data >> save_to_json
  File "/home/airflow/.local/lib/python3.10/site-packages/airflow/models/taskmixin.py", line 104, in __rshift__
    self.set_downstream(other)
  File "/home/airflow/.local/lib/python3.10/site-packages/airflow/models/xcom_arg.py", line 157, in set_downstream
    operator.set_downstream(task_or_task_list, edge_modifier)
  File "/home/airflow/.local/lib/python3.10/site-packages/airflow/models/taskmixin.py", line 262, in set_downstream
    self._set_relatives(task_or_task_list, upstream=False, edge_modifier=edge_modifier)
  File "/home/airflow/.local/lib/python3.10/site-packages/airflow/models/taskmixin.py", line 214, in _set_relatives
    task_object.update_relative(self, not upstream, edge_modifier=edge_modifier)
AttributeError: '_TaskDecorator' object has no attribute 'update_relative'
[2026-05-08T20:05:50.252+0000] {processor.py:842} WARNING - No viable dags retrieved from /opt/airflow/dags/main.py
[2026-05-08T20:05:50.267+0000] {processor.py:183} INFO - Processing /opt/airflow/dags/main.py took 0.065 seconds
[2026-05-08T20:06:20.369+0000] {processor.py:161} INFO - Started process (PID=536) to work on /opt/airflow/dags/main.py
[2026-05-08T20:06:20.370+0000] {processor.py:830} INFO - Processing file /opt/airflow/dags/main.py for tasks to queue
[2026-05-08T20:06:20.371+0000] {logging_mixin.py:188} INFO - [2026-05-08T20:06:20.371+0000] {dagbag.py:545} INFO - Filling up the DagBag from /opt/airflow/dags/main.py
[2026-05-08T20:06:20.408+0000] {logging_mixin.py:188} INFO - get_playlist_id will not be executed
[2026-05-08T20:06:20.414+0000] {logging_mixin.py:188} INFO - [2026-05-08T20:06:20.411+0000] {dagbag.py:355} ERROR - Failed to import: /opt/airflow/dags/main.py
Traceback (most recent call last):
  File "/home/airflow/.local/lib/python3.10/site-packages/airflow/models/dagbag.py", line 351, in parse
    loader.exec_module(new_module)
  File "<frozen importlib._bootstrap_external>", line 883, in exec_module
  File "<frozen importlib._bootstrap>", line 241, in _call_with_frames_removed
  File "/opt/airflow/dags/main.py", line 38, in <module>
    playlist_id >> video_ids >> extract_data >> save_to_json
  File "/home/airflow/.local/lib/python3.10/site-packages/airflow/models/taskmixin.py", line 104, in __rshift__
    self.set_downstream(other)
  File "/home/airflow/.local/lib/python3.10/site-packages/airflow/models/xcom_arg.py", line 157, in set_downstream
    operator.set_downstream(task_or_task_list, edge_modifier)
  File "/home/airflow/.local/lib/python3.10/site-packages/airflow/models/taskmixin.py", line 262, in set_downstream
    self._set_relatives(task_or_task_list, upstream=False, edge_modifier=edge_modifier)
  File "/home/airflow/.local/lib/python3.10/site-packages/airflow/models/taskmixin.py", line 214, in _set_relatives
    task_object.update_relative(self, not upstream, edge_modifier=edge_modifier)
AttributeError: '_TaskDecorator' object has no attribute 'update_relative'
[2026-05-08T20:06:20.414+0000] {processor.py:842} WARNING - No viable dags retrieved from /opt/airflow/dags/main.py
[2026-05-08T20:06:20.431+0000] {processor.py:183} INFO - Processing /opt/airflow/dags/main.py took 0.067 seconds
[2026-05-08T20:06:31.477+0000] {processor.py:161} INFO - Started process (PID=537) to work on /opt/airflow/dags/main.py
[2026-05-08T20:06:31.478+0000] {processor.py:830} INFO - Processing file /opt/airflow/dags/main.py for tasks to queue
[2026-05-08T20:06:31.480+0000] {logging_mixin.py:188} INFO - [2026-05-08T20:06:31.480+0000] {dagbag.py:545} INFO - Filling up the DagBag from /opt/airflow/dags/main.py
[2026-05-08T20:06:31.531+0000] {logging_mixin.py:188} INFO - get_playlist_id will not be executed
[2026-05-08T20:06:31.542+0000] {logging_mixin.py:188} INFO - [2026-05-08T20:06:31.537+0000] {dagbag.py:355} ERROR - Failed to import: /opt/airflow/dags/main.py
Traceback (most recent call last):
  File "/home/airflow/.local/lib/python3.10/site-packages/airflow/models/dagbag.py", line 351, in parse
    loader.exec_module(new_module)
  File "<frozen importlib._bootstrap_external>", line 883, in exec_module
  File "<frozen importlib._bootstrap>", line 241, in _call_with_frames_removed
  File "/opt/airflow/dags/main.py", line 38, in <module>
    playlist_id >> video_ids >> extract_data >> save_to_json
  File "/home/airflow/.local/lib/python3.10/site-packages/airflow/models/taskmixin.py", line 104, in __rshift__
    self.set_downstream(other)
  File "/home/airflow/.local/lib/python3.10/site-packages/airflow/models/xcom_arg.py", line 157, in set_downstream
    operator.set_downstream(task_or_task_list, edge_modifier)
  File "/home/airflow/.local/lib/python3.10/site-packages/airflow/models/taskmixin.py", line 262, in set_downstream
    self._set_relatives(task_or_task_list, upstream=False, edge_modifier=edge_modifier)
  File "/home/airflow/.local/lib/python3.10/site-packages/airflow/models/taskmixin.py", line 214, in _set_relatives
    task_object.update_relative(self, not upstream, edge_modifier=edge_modifier)
AttributeError: '_TaskDecorator' object has no attribute 'update_relative'
[2026-05-08T20:06:31.542+0000] {processor.py:842} WARNING - No viable dags retrieved from /opt/airflow/dags/main.py
[2026-05-08T20:06:31.562+0000] {processor.py:183} INFO - Processing /opt/airflow/dags/main.py took 0.091 seconds
[2026-05-08T20:07:01.640+0000] {processor.py:161} INFO - Started process (PID=544) to work on /opt/airflow/dags/main.py
[2026-05-08T20:07:01.641+0000] {processor.py:830} INFO - Processing file /opt/airflow/dags/main.py for tasks to queue
[2026-05-08T20:07:01.643+0000] {logging_mixin.py:188} INFO - [2026-05-08T20:07:01.643+0000] {dagbag.py:545} INFO - Filling up the DagBag from /opt/airflow/dags/main.py
[2026-05-08T20:07:01.684+0000] {logging_mixin.py:188} INFO - get_playlist_id will not be executed
[2026-05-08T20:07:01.691+0000] {logging_mixin.py:188} INFO - [2026-05-08T20:07:01.688+0000] {dagbag.py:355} ERROR - Failed to import: /opt/airflow/dags/main.py
Traceback (most recent call last):
  File "/home/airflow/.local/lib/python3.10/site-packages/airflow/models/dagbag.py", line 351, in parse
    loader.exec_module(new_module)
  File "<frozen importlib._bootstrap_external>", line 883, in exec_module
  File "<frozen importlib._bootstrap>", line 241, in _call_with_frames_removed
  File "/opt/airflow/dags/main.py", line 38, in <module>
    playlist_id >> video_ids >> extract_data >> save_to_json
  File "/home/airflow/.local/lib/python3.10/site-packages/airflow/models/taskmixin.py", line 104, in __rshift__
    self.set_downstream(other)
  File "/home/airflow/.local/lib/python3.10/site-packages/airflow/models/xcom_arg.py", line 157, in set_downstream
    operator.set_downstream(task_or_task_list, edge_modifier)
  File "/home/airflow/.local/lib/python3.10/site-packages/airflow/models/taskmixin.py", line 262, in set_downstream
    self._set_relatives(task_or_task_list, upstream=False, edge_modifier=edge_modifier)
  File "/home/airflow/.local/lib/python3.10/site-packages/airflow/models/taskmixin.py", line 214, in _set_relatives
    task_object.update_relative(self, not upstream, edge_modifier=edge_modifier)
AttributeError: '_TaskDecorator' object has no attribute 'update_relative'
[2026-05-08T20:07:01.692+0000] {processor.py:842} WARNING - No viable dags retrieved from /opt/airflow/dags/main.py
[2026-05-08T20:07:01.708+0000] {processor.py:183} INFO - Processing /opt/airflow/dags/main.py took 0.073 seconds
[2026-05-08T20:07:31.855+0000] {processor.py:161} INFO - Started process (PID=551) to work on /opt/airflow/dags/main.py
[2026-05-08T20:07:31.856+0000] {processor.py:830} INFO - Processing file /opt/airflow/dags/main.py for tasks to queue
[2026-05-08T20:07:31.857+0000] {logging_mixin.py:188} INFO - [2026-05-08T20:07:31.857+0000] {dagbag.py:545} INFO - Filling up the DagBag from /opt/airflow/dags/main.py
[2026-05-08T20:07:31.902+0000] {logging_mixin.py:188} INFO - get_playlist_id will not be executed
[2026-05-08T20:07:31.911+0000] {logging_mixin.py:188} INFO - [2026-05-08T20:07:31.907+0000] {dagbag.py:355} ERROR - Failed to import: /opt/airflow/dags/main.py
Traceback (most recent call last):
  File "/home/airflow/.local/lib/python3.10/site-packages/airflow/models/dagbag.py", line 351, in parse
    loader.exec_module(new_module)
  File "<frozen importlib._bootstrap_external>", line 883, in exec_module
  File "<frozen importlib._bootstrap>", line 241, in _call_with_frames_removed
  File "/opt/airflow/dags/main.py", line 38, in <module>
    playlist_id >> video_ids >> extract_data >> save_to_json
  File "/home/airflow/.local/lib/python3.10/site-packages/airflow/models/taskmixin.py", line 104, in __rshift__
    self.set_downstream(other)
  File "/home/airflow/.local/lib/python3.10/site-packages/airflow/models/xcom_arg.py", line 157, in set_downstream
    operator.set_downstream(task_or_task_list, edge_modifier)
  File "/home/airflow/.local/lib/python3.10/site-packages/airflow/models/taskmixin.py", line 262, in set_downstream
    self._set_relatives(task_or_task_list, upstream=False, edge_modifier=edge_modifier)
  File "/home/airflow/.local/lib/python3.10/site-packages/airflow/models/taskmixin.py", line 214, in _set_relatives
    task_object.update_relative(self, not upstream, edge_modifier=edge_modifier)
AttributeError: '_TaskDecorator' object has no attribute 'update_relative'
[2026-05-08T20:07:31.912+0000] {processor.py:842} WARNING - No viable dags retrieved from /opt/airflow/dags/main.py
[2026-05-08T20:07:31.928+0000] {processor.py:183} INFO - Processing /opt/airflow/dags/main.py took 0.077 seconds
[2026-05-08T20:08:02.008+0000] {processor.py:161} INFO - Started process (PID=559) to work on /opt/airflow/dags/main.py
[2026-05-08T20:08:02.009+0000] {processor.py:830} INFO - Processing file /opt/airflow/dags/main.py for tasks to queue
[2026-05-08T20:08:02.011+0000] {logging_mixin.py:188} INFO - [2026-05-08T20:08:02.011+0000] {dagbag.py:545} INFO - Filling up the DagBag from /opt/airflow/dags/main.py
[2026-05-08T20:08:02.048+0000] {logging_mixin.py:188} INFO - get_playlist_id will not be executed
[2026-05-08T20:08:02.054+0000] {logging_mixin.py:188} INFO - [2026-05-08T20:08:02.051+0000] {dagbag.py:355} ERROR - Failed to import: /opt/airflow/dags/main.py
Traceback (most recent call last):
  File "/home/airflow/.local/lib/python3.10/site-packages/airflow/models/dagbag.py", line 351, in parse
    loader.exec_module(new_module)
  File "<frozen importlib._bootstrap_external>", line 883, in exec_module
  File "<frozen importlib._bootstrap>", line 241, in _call_with_frames_removed
  File "/opt/airflow/dags/main.py", line 38, in <module>
    playlist_id >> video_ids >> extract_data >> save_to_json
  File "/home/airflow/.local/lib/python3.10/site-packages/airflow/models/taskmixin.py", line 104, in __rshift__
    self.set_downstream(other)
  File "/home/airflow/.local/lib/python3.10/site-packages/airflow/models/xcom_arg.py", line 157, in set_downstream
    operator.set_downstream(task_or_task_list, edge_modifier)
  File "/home/airflow/.local/lib/python3.10/site-packages/airflow/models/taskmixin.py", line 262, in set_downstream
    self._set_relatives(task_or_task_list, upstream=False, edge_modifier=edge_modifier)
  File "/home/airflow/.local/lib/python3.10/site-packages/airflow/models/taskmixin.py", line 214, in _set_relatives
    task_object.update_relative(self, not upstream, edge_modifier=edge_modifier)
AttributeError: '_TaskDecorator' object has no attribute 'update_relative'
[2026-05-08T20:08:02.055+0000] {processor.py:842} WARNING - No viable dags retrieved from /opt/airflow/dags/main.py
[2026-05-08T20:08:02.071+0000] {processor.py:183} INFO - Processing /opt/airflow/dags/main.py took 0.068 seconds
[2026-05-08T20:08:32.191+0000] {processor.py:161} INFO - Started process (PID=566) to work on /opt/airflow/dags/main.py
[2026-05-08T20:08:32.191+0000] {processor.py:830} INFO - Processing file /opt/airflow/dags/main.py for tasks to queue
[2026-05-08T20:08:32.193+0000] {logging_mixin.py:188} INFO - [2026-05-08T20:08:32.193+0000] {dagbag.py:545} INFO - Filling up the DagBag from /opt/airflow/dags/main.py
[2026-05-08T20:08:32.226+0000] {logging_mixin.py:188} INFO - get_playlist_id will not be executed
[2026-05-08T20:08:32.233+0000] {logging_mixin.py:188} INFO - [2026-05-08T20:08:32.230+0000] {dagbag.py:355} ERROR - Failed to import: /opt/airflow/dags/main.py
Traceback (most recent call last):
  File "/home/airflow/.local/lib/python3.10/site-packages/airflow/models/dagbag.py", line 351, in parse
    loader.exec_module(new_module)
  File "<frozen importlib._bootstrap_external>", line 883, in exec_module
  File "<frozen importlib._bootstrap>", line 241, in _call_with_frames_removed
  File "/opt/airflow/dags/main.py", line 38, in <module>
    playlist_id >> video_ids >> extract_data >> save_to_json
  File "/home/airflow/.local/lib/python3.10/site-packages/airflow/models/taskmixin.py", line 104, in __rshift__
    self.set_downstream(other)
  File "/home/airflow/.local/lib/python3.10/site-packages/airflow/models/xcom_arg.py", line 157, in set_downstream
    operator.set_downstream(task_or_task_list, edge_modifier)
  File "/home/airflow/.local/lib/python3.10/site-packages/airflow/models/taskmixin.py", line 262, in set_downstream
    self._set_relatives(task_or_task_list, upstream=False, edge_modifier=edge_modifier)
  File "/home/airflow/.local/lib/python3.10/site-packages/airflow/models/taskmixin.py", line 214, in _set_relatives
    task_object.update_relative(self, not upstream, edge_modifier=edge_modifier)
AttributeError: '_TaskDecorator' object has no attribute 'update_relative'
[2026-05-08T20:08:32.233+0000] {processor.py:842} WARNING - No viable dags retrieved from /opt/airflow/dags/main.py
[2026-05-08T20:08:32.250+0000] {processor.py:183} INFO - Processing /opt/airflow/dags/main.py took 0.064 seconds
[2026-05-08T20:08:53.320+0000] {processor.py:161} INFO - Started process (PID=574) to work on /opt/airflow/dags/main.py
[2026-05-08T20:08:53.321+0000] {processor.py:830} INFO - Processing file /opt/airflow/dags/main.py for tasks to queue
[2026-05-08T20:08:53.323+0000] {logging_mixin.py:188} INFO - [2026-05-08T20:08:53.323+0000] {dagbag.py:545} INFO - Filling up the DagBag from /opt/airflow/dags/main.py
[2026-05-08T20:08:53.375+0000] {logging_mixin.py:188} INFO - get_playlist_id will not be executed
[2026-05-08T20:08:53.382+0000] {logging_mixin.py:188} INFO - [2026-05-08T20:08:53.378+0000] {dagbag.py:355} ERROR - Failed to import: /opt/airflow/dags/main.py
Traceback (most recent call last):
  File "/home/airflow/.local/lib/python3.10/site-packages/airflow/models/dagbag.py", line 351, in parse
    loader.exec_module(new_module)
  File "<frozen importlib._bootstrap_external>", line 883, in exec_module
  File "<frozen importlib._bootstrap>", line 241, in _call_with_frames_removed
  File "/opt/airflow/dags/main.py", line 38, in <module>
    playlist_id() >> video_ids() >> extract_data() >> save_to_json()
TypeError: 'PlainXComArg' object is not callable
[2026-05-08T20:08:53.384+0000] {processor.py:842} WARNING - No viable dags retrieved from /opt/airflow/dags/main.py
[2026-05-08T20:08:53.401+0000] {processor.py:183} INFO - Processing /opt/airflow/dags/main.py took 0.089 seconds
[2026-05-08T20:09:23.496+0000] {processor.py:161} INFO - Started process (PID=581) to work on /opt/airflow/dags/main.py
[2026-05-08T20:09:23.497+0000] {processor.py:830} INFO - Processing file /opt/airflow/dags/main.py for tasks to queue
[2026-05-08T20:09:23.500+0000] {logging_mixin.py:188} INFO - [2026-05-08T20:09:23.499+0000] {dagbag.py:545} INFO - Filling up the DagBag from /opt/airflow/dags/main.py
[2026-05-08T20:09:23.549+0000] {logging_mixin.py:188} INFO - get_playlist_id will not be executed
[2026-05-08T20:09:23.556+0000] {logging_mixin.py:188} INFO - [2026-05-08T20:09:23.553+0000] {dagbag.py:355} ERROR - Failed to import: /opt/airflow/dags/main.py
Traceback (most recent call last):
  File "/home/airflow/.local/lib/python3.10/site-packages/airflow/models/dagbag.py", line 351, in parse
    loader.exec_module(new_module)
  File "<frozen importlib._bootstrap_external>", line 883, in exec_module
  File "<frozen importlib._bootstrap>", line 241, in _call_with_frames_removed
  File "/opt/airflow/dags/main.py", line 38, in <module>
    playlist_id >> video_ids >> extract_data >> save_to_json
  File "/home/airflow/.local/lib/python3.10/site-packages/airflow/models/taskmixin.py", line 104, in __rshift__
    self.set_downstream(other)
  File "/home/airflow/.local/lib/python3.10/site-packages/airflow/models/xcom_arg.py", line 157, in set_downstream
    operator.set_downstream(task_or_task_list, edge_modifier)
  File "/home/airflow/.local/lib/python3.10/site-packages/airflow/models/taskmixin.py", line 262, in set_downstream
    self._set_relatives(task_or_task_list, upstream=False, edge_modifier=edge_modifier)
  File "/home/airflow/.local/lib/python3.10/site-packages/airflow/models/taskmixin.py", line 214, in _set_relatives
    task_object.update_relative(self, not upstream, edge_modifier=edge_modifier)
AttributeError: '_TaskDecorator' object has no attribute 'update_relative'
[2026-05-08T20:09:23.557+0000] {processor.py:842} WARNING - No viable dags retrieved from /opt/airflow/dags/main.py
[2026-05-08T20:09:23.576+0000] {processor.py:183} INFO - Processing /opt/airflow/dags/main.py took 0.086 seconds
[2026-05-08T20:09:53.750+0000] {processor.py:161} INFO - Started process (PID=588) to work on /opt/airflow/dags/main.py
[2026-05-08T20:09:53.751+0000] {processor.py:830} INFO - Processing file /opt/airflow/dags/main.py for tasks to queue
[2026-05-08T20:09:53.753+0000] {logging_mixin.py:188} INFO - [2026-05-08T20:09:53.753+0000] {dagbag.py:545} INFO - Filling up the DagBag from /opt/airflow/dags/main.py
[2026-05-08T20:09:53.794+0000] {logging_mixin.py:188} INFO - get_playlist_id will not be executed
[2026-05-08T20:09:53.803+0000] {logging_mixin.py:188} INFO - [2026-05-08T20:09:53.799+0000] {dagbag.py:355} ERROR - Failed to import: /opt/airflow/dags/main.py
Traceback (most recent call last):
  File "/home/airflow/.local/lib/python3.10/site-packages/airflow/models/dagbag.py", line 351, in parse
    loader.exec_module(new_module)
  File "<frozen importlib._bootstrap_external>", line 883, in exec_module
  File "<frozen importlib._bootstrap>", line 241, in _call_with_frames_removed
  File "/opt/airflow/dags/main.py", line 38, in <module>
    playlist_id >> video_ids >> extract_data >> save_to_json
  File "/home/airflow/.local/lib/python3.10/site-packages/airflow/models/taskmixin.py", line 104, in __rshift__
    self.set_downstream(other)
  File "/home/airflow/.local/lib/python3.10/site-packages/airflow/models/xcom_arg.py", line 157, in set_downstream
    operator.set_downstream(task_or_task_list, edge_modifier)
  File "/home/airflow/.local/lib/python3.10/site-packages/airflow/models/taskmixin.py", line 262, in set_downstream
    self._set_relatives(task_or_task_list, upstream=False, edge_modifier=edge_modifier)
  File "/home/airflow/.local/lib/python3.10/site-packages/airflow/models/taskmixin.py", line 214, in _set_relatives
    task_object.update_relative(self, not upstream, edge_modifier=edge_modifier)
AttributeError: '_TaskDecorator' object has no attribute 'update_relative'
[2026-05-08T20:09:53.803+0000] {processor.py:842} WARNING - No viable dags retrieved from /opt/airflow/dags/main.py
[2026-05-08T20:09:53.821+0000] {processor.py:183} INFO - Processing /opt/airflow/dags/main.py took 0.077 seconds
[2026-05-08T20:10:23.915+0000] {processor.py:161} INFO - Started process (PID=595) to work on /opt/airflow/dags/main.py
[2026-05-08T20:10:23.916+0000] {processor.py:830} INFO - Processing file /opt/airflow/dags/main.py for tasks to queue
[2026-05-08T20:10:23.918+0000] {logging_mixin.py:188} INFO - [2026-05-08T20:10:23.918+0000] {dagbag.py:545} INFO - Filling up the DagBag from /opt/airflow/dags/main.py
[2026-05-08T20:10:23.957+0000] {logging_mixin.py:188} INFO - get_playlist_id will not be executed
[2026-05-08T20:10:23.965+0000] {logging_mixin.py:188} INFO - [2026-05-08T20:10:23.962+0000] {dagbag.py:355} ERROR - Failed to import: /opt/airflow/dags/main.py
Traceback (most recent call last):
  File "/home/airflow/.local/lib/python3.10/site-packages/airflow/models/dagbag.py", line 351, in parse
    loader.exec_module(new_module)
  File "<frozen importlib._bootstrap_external>", line 883, in exec_module
  File "<frozen importlib._bootstrap>", line 241, in _call_with_frames_removed
  File "/opt/airflow/dags/main.py", line 38, in <module>
    playlist_id >> video_ids >> extract_data >> save_to_json
  File "/home/airflow/.local/lib/python3.10/site-packages/airflow/models/taskmixin.py", line 104, in __rshift__
    self.set_downstream(other)
  File "/home/airflow/.local/lib/python3.10/site-packages/airflow/models/xcom_arg.py", line 157, in set_downstream
    operator.set_downstream(task_or_task_list, edge_modifier)
  File "/home/airflow/.local/lib/python3.10/site-packages/airflow/models/taskmixin.py", line 262, in set_downstream
    self._set_relatives(task_or_task_list, upstream=False, edge_modifier=edge_modifier)
  File "/home/airflow/.local/lib/python3.10/site-packages/airflow/models/taskmixin.py", line 214, in _set_relatives
    task_object.update_relative(self, not upstream, edge_modifier=edge_modifier)
AttributeError: '_TaskDecorator' object has no attribute 'update_relative'
[2026-05-08T20:10:23.966+0000] {processor.py:842} WARNING - No viable dags retrieved from /opt/airflow/dags/main.py
[2026-05-08T20:10:23.985+0000] {processor.py:183} INFO - Processing /opt/airflow/dags/main.py took 0.075 seconds
[2026-05-08T20:10:40.047+0000] {processor.py:161} INFO - Started process (PID=596) to work on /opt/airflow/dags/main.py
[2026-05-08T20:10:40.048+0000] {processor.py:830} INFO - Processing file /opt/airflow/dags/main.py for tasks to queue
[2026-05-08T20:10:40.049+0000] {logging_mixin.py:188} INFO - [2026-05-08T20:10:40.049+0000] {dagbag.py:545} INFO - Filling up the DagBag from /opt/airflow/dags/main.py
[2026-05-08T20:10:40.095+0000] {logging_mixin.py:188} INFO - get_playlist_id will not be executed
[2026-05-08T20:10:40.114+0000] {processor.py:840} INFO - DAG(s) 'produce_json' retrieved from /opt/airflow/dags/main.py
[2026-05-08T20:10:40.412+0000] {logging_mixin.py:188} INFO - [2026-05-08T20:10:40.412+0000] {override.py:1829} INFO - Created Permission View: can delete on DAG:produce_json
[2026-05-08T20:10:40.421+0000] {logging_mixin.py:188} INFO - [2026-05-08T20:10:40.421+0000] {override.py:1829} INFO - Created Permission View: can read on DAG:produce_json
[2026-05-08T20:10:40.426+0000] {logging_mixin.py:188} INFO - [2026-05-08T20:10:40.426+0000] {override.py:1829} INFO - Created Permission View: can edit on DAG:produce_json
[2026-05-08T20:10:40.427+0000] {logging_mixin.py:188} INFO - [2026-05-08T20:10:40.427+0000] {dag.py:3096} INFO - Sync 1 DAGs
[2026-05-08T20:10:40.439+0000] {logging_mixin.py:188} INFO - [2026-05-08T20:10:40.438+0000] {dag.py:3118} INFO - Creating ORM DAG for produce_json
[2026-05-08T20:10:40.453+0000] {logging_mixin.py:188} INFO - [2026-05-08T20:10:40.453+0000] {dag.py:3954} INFO - Setting next_dagrun for produce_json to 2026-05-07 19:00:00+00:00, run_after=2026-05-08 19:00:00+00:00
[2026-05-08T20:10:40.473+0000] {processor.py:183} INFO - Processing /opt/airflow/dags/main.py took 0.431 seconds
[2026-05-08T20:11:10.639+0000] {processor.py:161} INFO - Started process (PID=603) to work on /opt/airflow/dags/main.py
[2026-05-08T20:11:10.640+0000] {processor.py:830} INFO - Processing file /opt/airflow/dags/main.py for tasks to queue
[2026-05-08T20:11:10.642+0000] {logging_mixin.py:188} INFO - [2026-05-08T20:11:10.642+0000] {dagbag.py:545} INFO - Filling up the DagBag from /opt/airflow/dags/main.py
[2026-05-08T20:11:10.684+0000] {logging_mixin.py:188} INFO - get_playlist_id will not be executed
[2026-05-08T20:11:10.689+0000] {processor.py:840} INFO - DAG(s) 'produce_json' retrieved from /opt/airflow/dags/main.py
[2026-05-08T20:11:10.721+0000] {logging_mixin.py:188} INFO - [2026-05-08T20:11:10.721+0000] {dag.py:3096} INFO - Sync 1 DAGs
[2026-05-08T20:11:10.740+0000] {logging_mixin.py:188} INFO - [2026-05-08T20:11:10.740+0000] {dag.py:3954} INFO - Setting next_dagrun for produce_json to 2026-05-07 19:00:00+00:00, run_after=2026-05-08 19:00:00+00:00
[2026-05-08T20:11:10.756+0000] {processor.py:183} INFO - Processing /opt/airflow/dags/main.py took 0.122 seconds
[2026-05-08T20:11:40.911+0000] {processor.py:161} INFO - Started process (PID=618) to work on /opt/airflow/dags/main.py
[2026-05-08T20:11:40.912+0000] {processor.py:830} INFO - Processing file /opt/airflow/dags/main.py for tasks to queue
[2026-05-08T20:11:40.914+0000] {logging_mixin.py:188} INFO - [2026-05-08T20:11:40.914+0000] {dagbag.py:545} INFO - Filling up the DagBag from /opt/airflow/dags/main.py
[2026-05-08T20:11:40.958+0000] {logging_mixin.py:188} INFO - get_playlist_id will not be executed
[2026-05-08T20:11:40.965+0000] {processor.py:840} INFO - DAG(s) 'produce_json' retrieved from /opt/airflow/dags/main.py
[2026-05-08T20:11:40.993+0000] {logging_mixin.py:188} INFO - [2026-05-08T20:11:40.992+0000] {dag.py:3096} INFO - Sync 1 DAGs
[2026-05-08T20:11:41.019+0000] {logging_mixin.py:188} INFO - [2026-05-08T20:11:41.019+0000] {dag.py:3954} INFO - Setting next_dagrun for produce_json to 2026-05-08 19:00:00+00:00, run_after=2026-05-09 19:00:00+00:00
[2026-05-08T20:11:41.043+0000] {processor.py:183} INFO - Processing /opt/airflow/dags/main.py took 0.140 seconds
[2026-05-08T20:12:11.199+0000] {processor.py:161} INFO - Started process (PID=625) to work on /opt/airflow/dags/main.py
[2026-05-08T20:12:11.200+0000] {processor.py:830} INFO - Processing file /opt/airflow/dags/main.py for tasks to queue
[2026-05-08T20:12:11.202+0000] {logging_mixin.py:188} INFO - [2026-05-08T20:12:11.201+0000] {dagbag.py:545} INFO - Filling up the DagBag from /opt/airflow/dags/main.py
[2026-05-08T20:12:11.245+0000] {logging_mixin.py:188} INFO - get_playlist_id will not be executed
[2026-05-08T20:12:11.252+0000] {processor.py:840} INFO - DAG(s) 'produce_json' retrieved from /opt/airflow/dags/main.py
[2026-05-08T20:12:11.278+0000] {logging_mixin.py:188} INFO - [2026-05-08T20:12:11.278+0000] {dag.py:3096} INFO - Sync 1 DAGs
[2026-05-08T20:12:11.294+0000] {logging_mixin.py:188} INFO - [2026-05-08T20:12:11.293+0000] {dag.py:3954} INFO - Setting next_dagrun for produce_json to 2026-05-08 19:00:00+00:00, run_after=2026-05-09 19:00:00+00:00
[2026-05-08T20:12:11.311+0000] {processor.py:183} INFO - Processing /opt/airflow/dags/main.py took 0.118 seconds
[2026-05-08T20:12:41.357+0000] {processor.py:161} INFO - Started process (PID=632) to work on /opt/airflow/dags/main.py
[2026-05-08T20:12:41.358+0000] {processor.py:830} INFO - Processing file /opt/airflow/dags/main.py for tasks to queue
[2026-05-08T20:12:41.361+0000] {logging_mixin.py:188} INFO - [2026-05-08T20:12:41.360+0000] {dagbag.py:545} INFO - Filling up the DagBag from /opt/airflow/dags/main.py
[2026-05-08T20:12:41.404+0000] {logging_mixin.py:188} INFO - get_playlist_id will not be executed
[2026-05-08T20:12:41.410+0000] {processor.py:840} INFO - DAG(s) 'produce_json' retrieved from /opt/airflow/dags/main.py
[2026-05-08T20:12:41.438+0000] {logging_mixin.py:188} INFO - [2026-05-08T20:12:41.438+0000] {dag.py:3096} INFO - Sync 1 DAGs
[2026-05-08T20:12:41.456+0000] {logging_mixin.py:188} INFO - [2026-05-08T20:12:41.456+0000] {dag.py:3954} INFO - Setting next_dagrun for produce_json to 2026-05-08 19:00:00+00:00, run_after=2026-05-09 19:00:00+00:00
[2026-05-08T20:12:41.471+0000] {processor.py:183} INFO - Processing /opt/airflow/dags/main.py took 0.121 seconds
[2026-05-08T20:13:11.593+0000] {processor.py:161} INFO - Started process (PID=639) to work on /opt/airflow/dags/main.py
[2026-05-08T20:13:11.594+0000] {processor.py:830} INFO - Processing file /opt/airflow/dags/main.py for tasks to queue
[2026-05-08T20:13:11.596+0000] {logging_mixin.py:188} INFO - [2026-05-08T20:13:11.595+0000] {dagbag.py:545} INFO - Filling up the DagBag from /opt/airflow/dags/main.py
[2026-05-08T20:13:11.634+0000] {logging_mixin.py:188} INFO - get_playlist_id will not be executed
[2026-05-08T20:13:11.640+0000] {processor.py:840} INFO - DAG(s) 'produce_json' retrieved from /opt/airflow/dags/main.py
[2026-05-08T20:13:11.666+0000] {logging_mixin.py:188} INFO - [2026-05-08T20:13:11.666+0000] {dag.py:3096} INFO - Sync 1 DAGs
[2026-05-08T20:13:11.684+0000] {logging_mixin.py:188} INFO - [2026-05-08T20:13:11.684+0000] {dag.py:3954} INFO - Setting next_dagrun for produce_json to 2026-05-08 19:00:00+00:00, run_after=2026-05-09 19:00:00+00:00
[2026-05-08T20:13:11.698+0000] {processor.py:183} INFO - Processing /opt/airflow/dags/main.py took 0.110 seconds
[2026-05-08T20:13:41.748+0000] {processor.py:161} INFO - Started process (PID=646) to work on /opt/airflow/dags/main.py
[2026-05-08T20:13:41.749+0000] {processor.py:830} INFO - Processing file /opt/airflow/dags/main.py for tasks to queue
[2026-05-08T20:13:41.751+0000] {logging_mixin.py:188} INFO - [2026-05-08T20:13:41.751+0000] {dagbag.py:545} INFO - Filling up the DagBag from /opt/airflow/dags/main.py
[2026-05-08T20:13:41.792+0000] {logging_mixin.py:188} INFO - get_playlist_id will not be executed
[2026-05-08T20:13:41.798+0000] {processor.py:840} INFO - DAG(s) 'produce_json' retrieved from /opt/airflow/dags/main.py
[2026-05-08T20:13:41.825+0000] {logging_mixin.py:188} INFO - [2026-05-08T20:13:41.825+0000] {dag.py:3096} INFO - Sync 1 DAGs
[2026-05-08T20:13:41.840+0000] {logging_mixin.py:188} INFO - [2026-05-08T20:13:41.840+0000] {dag.py:3954} INFO - Setting next_dagrun for produce_json to 2026-05-08 19:00:00+00:00, run_after=2026-05-09 19:00:00+00:00
[2026-05-08T20:13:41.855+0000] {processor.py:183} INFO - Processing /opt/airflow/dags/main.py took 0.111 seconds
[2026-05-08T20:14:11.965+0000] {processor.py:161} INFO - Started process (PID=653) to work on /opt/airflow/dags/main.py
[2026-05-08T20:14:11.966+0000] {processor.py:830} INFO - Processing file /opt/airflow/dags/main.py for tasks to queue
[2026-05-08T20:14:11.968+0000] {logging_mixin.py:188} INFO - [2026-05-08T20:14:11.968+0000] {dagbag.py:545} INFO - Filling up the DagBag from /opt/airflow/dags/main.py
[2026-05-08T20:14:12.009+0000] {logging_mixin.py:188} INFO - get_playlist_id will not be executed
[2026-05-08T20:14:12.016+0000] {processor.py:840} INFO - DAG(s) 'produce_json' retrieved from /opt/airflow/dags/main.py
[2026-05-08T20:14:12.042+0000] {logging_mixin.py:188} INFO - [2026-05-08T20:14:12.042+0000] {dag.py:3096} INFO - Sync 1 DAGs
[2026-05-08T20:14:12.058+0000] {logging_mixin.py:188} INFO - [2026-05-08T20:14:12.058+0000] {dag.py:3954} INFO - Setting next_dagrun for produce_json to 2026-05-08 19:00:00+00:00, run_after=2026-05-09 19:00:00+00:00
[2026-05-08T20:14:12.073+0000] {processor.py:183} INFO - Processing /opt/airflow/dags/main.py took 0.113 seconds
[2026-05-08T20:14:42.118+0000] {processor.py:161} INFO - Started process (PID=660) to work on /opt/airflow/dags/main.py
[2026-05-08T20:14:42.120+0000] {processor.py:830} INFO - Processing file /opt/airflow/dags/main.py for tasks to queue
[2026-05-08T20:14:42.122+0000] {logging_mixin.py:188} INFO - [2026-05-08T20:14:42.122+0000] {dagbag.py:545} INFO - Filling up the DagBag from /opt/airflow/dags/main.py
[2026-05-08T20:14:42.167+0000] {logging_mixin.py:188} INFO - get_playlist_id will not be executed
[2026-05-08T20:14:42.174+0000] {processor.py:840} INFO - DAG(s) 'produce_json' retrieved from /opt/airflow/dags/main.py
[2026-05-08T20:14:42.203+0000] {logging_mixin.py:188} INFO - [2026-05-08T20:14:42.203+0000] {dag.py:3096} INFO - Sync 1 DAGs
[2026-05-08T20:14:42.220+0000] {logging_mixin.py:188} INFO - [2026-05-08T20:14:42.220+0000] {dag.py:3954} INFO - Setting next_dagrun for produce_json to 2026-05-08 19:00:00+00:00, run_after=2026-05-09 19:00:00+00:00
[2026-05-08T20:14:42.235+0000] {processor.py:183} INFO - Processing /opt/airflow/dags/main.py took 0.124 seconds
[2026-05-08T20:15:12.478+0000] {processor.py:161} INFO - Started process (PID=667) to work on /opt/airflow/dags/main.py
[2026-05-08T20:15:12.479+0000] {processor.py:830} INFO - Processing file /opt/airflow/dags/main.py for tasks to queue
[2026-05-08T20:15:12.480+0000] {logging_mixin.py:188} INFO - [2026-05-08T20:15:12.480+0000] {dagbag.py:545} INFO - Filling up the DagBag from /opt/airflow/dags/main.py
[2026-05-08T20:15:12.529+0000] {logging_mixin.py:188} INFO - get_playlist_id will not be executed
[2026-05-08T20:15:12.537+0000] {processor.py:840} INFO - DAG(s) 'produce_json' retrieved from /opt/airflow/dags/main.py
[2026-05-08T20:15:12.568+0000] {logging_mixin.py:188} INFO - [2026-05-08T20:15:12.567+0000] {dag.py:3096} INFO - Sync 1 DAGs
[2026-05-08T20:15:12.588+0000] {logging_mixin.py:188} INFO - [2026-05-08T20:15:12.588+0000] {dag.py:3954} INFO - Setting next_dagrun for produce_json to 2026-05-08 19:00:00+00:00, run_after=2026-05-09 19:00:00+00:00
[2026-05-08T20:15:12.605+0000] {processor.py:183} INFO - Processing /opt/airflow/dags/main.py took 0.134 seconds
[2026-05-08T20:15:42.745+0000] {processor.py:161} INFO - Started process (PID=674) to work on /opt/airflow/dags/main.py
[2026-05-08T20:15:42.746+0000] {processor.py:830} INFO - Processing file /opt/airflow/dags/main.py for tasks to queue
[2026-05-08T20:15:42.748+0000] {logging_mixin.py:188} INFO - [2026-05-08T20:15:42.748+0000] {dagbag.py:545} INFO - Filling up the DagBag from /opt/airflow/dags/main.py
[2026-05-08T20:15:42.797+0000] {logging_mixin.py:188} INFO - get_playlist_id will not be executed
[2026-05-08T20:15:42.805+0000] {processor.py:840} INFO - DAG(s) 'produce_json' retrieved from /opt/airflow/dags/main.py
[2026-05-08T20:15:42.841+0000] {logging_mixin.py:188} INFO - [2026-05-08T20:15:42.841+0000] {dag.py:3096} INFO - Sync 1 DAGs
[2026-05-08T20:15:42.864+0000] {logging_mixin.py:188} INFO - [2026-05-08T20:15:42.864+0000] {dag.py:3954} INFO - Setting next_dagrun for produce_json to 2026-05-08 19:00:00+00:00, run_after=2026-05-09 19:00:00+00:00
[2026-05-08T20:15:42.882+0000] {processor.py:183} INFO - Processing /opt/airflow/dags/main.py took 0.143 seconds
[2026-05-08T20:16:13.024+0000] {processor.py:161} INFO - Started process (PID=681) to work on /opt/airflow/dags/main.py
[2026-05-08T20:16:13.025+0000] {processor.py:830} INFO - Processing file /opt/airflow/dags/main.py for tasks to queue
[2026-05-08T20:16:13.027+0000] {logging_mixin.py:188} INFO - [2026-05-08T20:16:13.027+0000] {dagbag.py:545} INFO - Filling up the DagBag from /opt/airflow/dags/main.py
[2026-05-08T20:16:13.067+0000] {logging_mixin.py:188} INFO - get_playlist_id will not be executed
[2026-05-08T20:16:13.071+0000] {processor.py:840} INFO - DAG(s) 'produce_json' retrieved from /opt/airflow/dags/main.py
[2026-05-08T20:16:13.097+0000] {logging_mixin.py:188} INFO - [2026-05-08T20:16:13.097+0000] {dag.py:3096} INFO - Sync 1 DAGs
[2026-05-08T20:16:13.112+0000] {logging_mixin.py:188} INFO - [2026-05-08T20:16:13.112+0000] {dag.py:3954} INFO - Setting next_dagrun for produce_json to 2026-05-08 19:00:00+00:00, run_after=2026-05-09 19:00:00+00:00
[2026-05-08T20:16:13.126+0000] {processor.py:183} INFO - Processing /opt/airflow/dags/main.py took 0.106 seconds
[2026-05-08T20:16:43.173+0000] {processor.py:161} INFO - Started process (PID=688) to work on /opt/airflow/dags/main.py
[2026-05-08T20:16:43.174+0000] {processor.py:830} INFO - Processing file /opt/airflow/dags/main.py for tasks to queue
[2026-05-08T20:16:43.175+0000] {logging_mixin.py:188} INFO - [2026-05-08T20:16:43.175+0000] {dagbag.py:545} INFO - Filling up the DagBag from /opt/airflow/dags/main.py
[2026-05-08T20:16:43.215+0000] {logging_mixin.py:188} INFO - get_playlist_id will not be executed
[2026-05-08T20:16:43.220+0000] {processor.py:840} INFO - DAG(s) 'produce_json' retrieved from /opt/airflow/dags/main.py
[2026-05-08T20:16:43.246+0000] {logging_mixin.py:188} INFO - [2026-05-08T20:16:43.246+0000] {dag.py:3096} INFO - Sync 1 DAGs
[2026-05-08T20:16:43.261+0000] {logging_mixin.py:188} INFO - [2026-05-08T20:16:43.260+0000] {dag.py:3954} INFO - Setting next_dagrun for produce_json to 2026-05-08 19:00:00+00:00, run_after=2026-05-09 19:00:00+00:00
[2026-05-08T20:16:43.274+0000] {processor.py:183} INFO - Processing /opt/airflow/dags/main.py took 0.106 seconds
[2026-05-08T20:17:13.412+0000] {processor.py:161} INFO - Started process (PID=695) to work on /opt/airflow/dags/main.py
[2026-05-08T20:17:13.413+0000] {processor.py:830} INFO - Processing file /opt/airflow/dags/main.py for tasks to queue
[2026-05-08T20:17:13.415+0000] {logging_mixin.py:188} INFO - [2026-05-08T20:17:13.415+0000] {dagbag.py:545} INFO - Filling up the DagBag from /opt/airflow/dags/main.py
[2026-05-08T20:17:13.458+0000] {logging_mixin.py:188} INFO - get_playlist_id will not be executed
[2026-05-08T20:17:13.465+0000] {processor.py:840} INFO - DAG(s) 'produce_json' retrieved from /opt/airflow/dags/main.py
[2026-05-08T20:17:13.490+0000] {logging_mixin.py:188} INFO - [2026-05-08T20:17:13.490+0000] {dag.py:3096} INFO - Sync 1 DAGs
[2026-05-08T20:17:13.510+0000] {logging_mixin.py:188} INFO - [2026-05-08T20:17:13.510+0000] {dag.py:3954} INFO - Setting next_dagrun for produce_json to 2026-05-08 19:00:00+00:00, run_after=2026-05-09 19:00:00+00:00
[2026-05-08T20:17:13.526+0000] {processor.py:183} INFO - Processing /opt/airflow/dags/main.py took 0.118 seconds
[2026-05-08T20:17:43.576+0000] {processor.py:161} INFO - Started process (PID=702) to work on /opt/airflow/dags/main.py
[2026-05-08T20:17:43.577+0000] {processor.py:830} INFO - Processing file /opt/airflow/dags/main.py for tasks to queue
[2026-05-08T20:17:43.579+0000] {logging_mixin.py:188} INFO - [2026-05-08T20:17:43.578+0000] {dagbag.py:545} INFO - Filling up the DagBag from /opt/airflow/dags/main.py
[2026-05-08T20:17:43.620+0000] {logging_mixin.py:188} INFO - get_playlist_id will not be executed
[2026-05-08T20:17:43.627+0000] {processor.py:840} INFO - DAG(s) 'produce_json' retrieved from /opt/airflow/dags/main.py
[2026-05-08T20:17:43.659+0000] {logging_mixin.py:188} INFO - [2026-05-08T20:17:43.659+0000] {dag.py:3096} INFO - Sync 1 DAGs
[2026-05-08T20:17:43.678+0000] {logging_mixin.py:188} INFO - [2026-05-08T20:17:43.678+0000] {dag.py:3954} INFO - Setting next_dagrun for produce_json to 2026-05-08 19:00:00+00:00, run_after=2026-05-09 19:00:00+00:00
[2026-05-08T20:17:43.702+0000] {processor.py:183} INFO - Processing /opt/airflow/dags/main.py took 0.131 seconds
[2026-05-08T20:18:13.827+0000] {processor.py:161} INFO - Started process (PID=709) to work on /opt/airflow/dags/main.py
[2026-05-08T20:18:13.828+0000] {processor.py:830} INFO - Processing file /opt/airflow/dags/main.py for tasks to queue
[2026-05-08T20:18:13.830+0000] {logging_mixin.py:188} INFO - [2026-05-08T20:18:13.829+0000] {dagbag.py:545} INFO - Filling up the DagBag from /opt/airflow/dags/main.py
[2026-05-08T20:18:13.877+0000] {logging_mixin.py:188} INFO - get_playlist_id will not be executed
[2026-05-08T20:18:13.886+0000] {processor.py:840} INFO - DAG(s) 'produce_json' retrieved from /opt/airflow/dags/main.py
[2026-05-08T20:18:13.913+0000] {logging_mixin.py:188} INFO - [2026-05-08T20:18:13.912+0000] {dag.py:3096} INFO - Sync 1 DAGs
[2026-05-08T20:18:13.931+0000] {logging_mixin.py:188} INFO - [2026-05-08T20:18:13.930+0000] {dag.py:3954} INFO - Setting next_dagrun for produce_json to 2026-05-08 19:00:00+00:00, run_after=2026-05-09 19:00:00+00:00
[2026-05-08T20:18:13.944+0000] {processor.py:183} INFO - Processing /opt/airflow/dags/main.py took 0.122 seconds
[2026-05-08T20:18:44.000+0000] {processor.py:161} INFO - Started process (PID=716) to work on /opt/airflow/dags/main.py
[2026-05-08T20:18:44.001+0000] {processor.py:830} INFO - Processing file /opt/airflow/dags/main.py for tasks to queue
[2026-05-08T20:18:44.002+0000] {logging_mixin.py:188} INFO - [2026-05-08T20:18:44.002+0000] {dagbag.py:545} INFO - Filling up the DagBag from /opt/airflow/dags/main.py
[2026-05-08T20:18:44.048+0000] {logging_mixin.py:188} INFO - get_playlist_id will not be executed
[2026-05-08T20:18:44.054+0000] {processor.py:840} INFO - DAG(s) 'produce_json' retrieved from /opt/airflow/dags/main.py
[2026-05-08T20:18:44.081+0000] {logging_mixin.py:188} INFO - [2026-05-08T20:18:44.080+0000] {dag.py:3096} INFO - Sync 1 DAGs
[2026-05-08T20:18:44.097+0000] {logging_mixin.py:188} INFO - [2026-05-08T20:18:44.097+0000] {dag.py:3954} INFO - Setting next_dagrun for produce_json to 2026-05-08 19:00:00+00:00, run_after=2026-05-09 19:00:00+00:00
[2026-05-08T20:18:44.111+0000] {processor.py:183} INFO - Processing /opt/airflow/dags/main.py took 0.117 seconds
[2026-05-08T20:19:14.233+0000] {processor.py:161} INFO - Started process (PID=723) to work on /opt/airflow/dags/main.py
[2026-05-08T20:19:14.234+0000] {processor.py:830} INFO - Processing file /opt/airflow/dags/main.py for tasks to queue
[2026-05-08T20:19:14.235+0000] {logging_mixin.py:188} INFO - [2026-05-08T20:19:14.235+0000] {dagbag.py:545} INFO - Filling up the DagBag from /opt/airflow/dags/main.py
[2026-05-08T20:19:14.271+0000] {logging_mixin.py:188} INFO - get_playlist_id will not be executed
[2026-05-08T20:19:14.277+0000] {processor.py:840} INFO - DAG(s) 'produce_json' retrieved from /opt/airflow/dags/main.py
[2026-05-08T20:19:14.303+0000] {logging_mixin.py:188} INFO - [2026-05-08T20:19:14.303+0000] {dag.py:3096} INFO - Sync 1 DAGs
[2026-05-08T20:19:14.318+0000] {logging_mixin.py:188} INFO - [2026-05-08T20:19:14.317+0000] {dag.py:3954} INFO - Setting next_dagrun for produce_json to 2026-05-08 19:00:00+00:00, run_after=2026-05-09 19:00:00+00:00
[2026-05-08T20:19:14.331+0000] {processor.py:183} INFO - Processing /opt/airflow/dags/main.py took 0.103 seconds
[2026-05-08T20:19:44.383+0000] {processor.py:161} INFO - Started process (PID=730) to work on /opt/airflow/dags/main.py
[2026-05-08T20:19:44.384+0000] {processor.py:830} INFO - Processing file /opt/airflow/dags/main.py for tasks to queue
[2026-05-08T20:19:44.387+0000] {logging_mixin.py:188} INFO - [2026-05-08T20:19:44.387+0000] {dagbag.py:545} INFO - Filling up the DagBag from /opt/airflow/dags/main.py
[2026-05-08T20:19:44.431+0000] {logging_mixin.py:188} INFO - get_playlist_id will not be executed
[2026-05-08T20:19:44.438+0000] {processor.py:840} INFO - DAG(s) 'produce_json' retrieved from /opt/airflow/dags/main.py
[2026-05-08T20:19:44.463+0000] {logging_mixin.py:188} INFO - [2026-05-08T20:19:44.463+0000] {dag.py:3096} INFO - Sync 1 DAGs
[2026-05-08T20:19:44.477+0000] {logging_mixin.py:188} INFO - [2026-05-08T20:19:44.477+0000] {dag.py:3954} INFO - Setting next_dagrun for produce_json to 2026-05-08 19:00:00+00:00, run_after=2026-05-09 19:00:00+00:00
[2026-05-08T20:19:44.491+0000] {processor.py:183} INFO - Processing /opt/airflow/dags/main.py took 0.113 seconds
[2026-05-08T20:20:14.639+0000] {processor.py:161} INFO - Started process (PID=737) to work on /opt/airflow/dags/main.py
[2026-05-08T20:20:14.640+0000] {processor.py:830} INFO - Processing file /opt/airflow/dags/main.py for tasks to queue
[2026-05-08T20:20:14.642+0000] {logging_mixin.py:188} INFO - [2026-05-08T20:20:14.642+0000] {dagbag.py:545} INFO - Filling up the DagBag from /opt/airflow/dags/main.py
[2026-05-08T20:20:14.682+0000] {logging_mixin.py:188} INFO - get_playlist_id will not be executed
[2026-05-08T20:20:14.688+0000] {processor.py:840} INFO - DAG(s) 'produce_json' retrieved from /opt/airflow/dags/main.py
[2026-05-08T20:20:14.713+0000] {logging_mixin.py:188} INFO - [2026-05-08T20:20:14.713+0000] {dag.py:3096} INFO - Sync 1 DAGs
[2026-05-08T20:20:14.728+0000] {logging_mixin.py:188} INFO - [2026-05-08T20:20:14.728+0000] {dag.py:3954} INFO - Setting next_dagrun for produce_json to 2026-05-08 19:00:00+00:00, run_after=2026-05-09 19:00:00+00:00
[2026-05-08T20:20:14.741+0000] {processor.py:183} INFO - Processing /opt/airflow/dags/main.py took 0.105 seconds
[2026-05-08T20:20:44.803+0000] {processor.py:161} INFO - Started process (PID=744) to work on /opt/airflow/dags/main.py
[2026-05-08T20:20:44.804+0000] {processor.py:830} INFO - Processing file /opt/airflow/dags/main.py for tasks to queue
[2026-05-08T20:20:44.806+0000] {logging_mixin.py:188} INFO - [2026-05-08T20:20:44.806+0000] {dagbag.py:545} INFO - Filling up the DagBag from /opt/airflow/dags/main.py
[2026-05-08T20:20:44.858+0000] {logging_mixin.py:188} INFO - get_playlist_id will not be executed
[2026-05-08T20:20:44.867+0000] {processor.py:840} INFO - DAG(s) 'produce_json' retrieved from /opt/airflow/dags/main.py
[2026-05-08T20:20:44.891+0000] {logging_mixin.py:188} INFO - [2026-05-08T20:20:44.891+0000] {dag.py:3096} INFO - Sync 1 DAGs
[2026-05-08T20:20:44.906+0000] {logging_mixin.py:188} INFO - [2026-05-08T20:20:44.906+0000] {dag.py:3954} INFO - Setting next_dagrun for produce_json to 2026-05-08 19:00:00+00:00, run_after=2026-05-09 19:00:00+00:00
[2026-05-08T20:20:44.921+0000] {processor.py:183} INFO - Processing /opt/airflow/dags/main.py took 0.125 seconds
[2026-05-08T20:21:15.041+0000] {processor.py:161} INFO - Started process (PID=751) to work on /opt/airflow/dags/main.py
[2026-05-08T20:21:15.042+0000] {processor.py:830} INFO - Processing file /opt/airflow/dags/main.py for tasks to queue
[2026-05-08T20:21:15.043+0000] {logging_mixin.py:188} INFO - [2026-05-08T20:21:15.043+0000] {dagbag.py:545} INFO - Filling up the DagBag from /opt/airflow/dags/main.py
[2026-05-08T20:21:15.090+0000] {logging_mixin.py:188} INFO - get_playlist_id will not be executed
[2026-05-08T20:21:15.098+0000] {processor.py:840} INFO - DAG(s) 'produce_json' retrieved from /opt/airflow/dags/main.py
[2026-05-08T20:21:15.130+0000] {logging_mixin.py:188} INFO - [2026-05-08T20:21:15.130+0000] {dag.py:3096} INFO - Sync 1 DAGs
[2026-05-08T20:21:15.153+0000] {logging_mixin.py:188} INFO - [2026-05-08T20:21:15.152+0000] {dag.py:3954} INFO - Setting next_dagrun for produce_json to 2026-05-08 19:00:00+00:00, run_after=2026-05-09 19:00:00+00:00
[2026-05-08T20:21:15.170+0000] {processor.py:183} INFO - Processing /opt/airflow/dags/main.py took 0.135 seconds
[2026-05-08T20:21:45.323+0000] {processor.py:161} INFO - Started process (PID=758) to work on /opt/airflow/dags/main.py
[2026-05-08T20:21:45.324+0000] {processor.py:830} INFO - Processing file /opt/airflow/dags/main.py for tasks to queue
[2026-05-08T20:21:45.326+0000] {logging_mixin.py:188} INFO - [2026-05-08T20:21:45.326+0000] {dagbag.py:545} INFO - Filling up the DagBag from /opt/airflow/dags/main.py
[2026-05-08T20:21:45.370+0000] {logging_mixin.py:188} INFO - get_playlist_id will not be executed
[2026-05-08T20:21:45.376+0000] {processor.py:840} INFO - DAG(s) 'produce_json' retrieved from /opt/airflow/dags/main.py
[2026-05-08T20:21:45.403+0000] {logging_mixin.py:188} INFO - [2026-05-08T20:21:45.402+0000] {dag.py:3096} INFO - Sync 1 DAGs
[2026-05-08T20:21:45.420+0000] {logging_mixin.py:188} INFO - [2026-05-08T20:21:45.420+0000] {dag.py:3954} INFO - Setting next_dagrun for produce_json to 2026-05-08 19:00:00+00:00, run_after=2026-05-09 19:00:00+00:00
[2026-05-08T20:21:45.436+0000] {processor.py:183} INFO - Processing /opt/airflow/dags/main.py took 0.119 seconds
[2026-05-08T20:22:06.445+0000] {processor.py:161} INFO - Started process (PID=765) to work on /opt/airflow/dags/main.py
[2026-05-08T20:22:06.446+0000] {processor.py:830} INFO - Processing file /opt/airflow/dags/main.py for tasks to queue
[2026-05-08T20:22:06.449+0000] {logging_mixin.py:188} INFO - [2026-05-08T20:22:06.449+0000] {dagbag.py:545} INFO - Filling up the DagBag from /opt/airflow/dags/main.py
[2026-05-08T20:22:06.504+0000] {logging_mixin.py:188} INFO - get_playlist_id will not be executed
[2026-05-08T20:22:06.508+0000] {processor.py:840} INFO - DAG(s) 'produce_json' retrieved from /opt/airflow/dags/main.py
[2026-05-08T20:22:06.538+0000] {logging_mixin.py:188} INFO - [2026-05-08T20:22:06.537+0000] {dag.py:3096} INFO - Sync 1 DAGs
[2026-05-08T20:22:06.558+0000] {logging_mixin.py:188} INFO - [2026-05-08T20:22:06.558+0000] {dag.py:3954} INFO - Setting next_dagrun for produce_json to 2026-05-08 19:00:00+00:00, run_after=2026-05-09 19:00:00+00:00
[2026-05-08T20:22:06.576+0000] {processor.py:183} INFO - Processing /opt/airflow/dags/main.py took 0.138 seconds
[2026-05-08T20:22:36.695+0000] {processor.py:161} INFO - Started process (PID=772) to work on /opt/airflow/dags/main.py
[2026-05-08T20:22:36.696+0000] {processor.py:830} INFO - Processing file /opt/airflow/dags/main.py for tasks to queue
[2026-05-08T20:22:36.698+0000] {logging_mixin.py:188} INFO - [2026-05-08T20:22:36.698+0000] {dagbag.py:545} INFO - Filling up the DagBag from /opt/airflow/dags/main.py
[2026-05-08T20:22:36.736+0000] {logging_mixin.py:188} INFO - get_playlist_id will not be executed
[2026-05-08T20:22:36.743+0000] {processor.py:840} INFO - DAG(s) 'produce_json' retrieved from /opt/airflow/dags/main.py
[2026-05-08T20:22:36.771+0000] {logging_mixin.py:188} INFO - [2026-05-08T20:22:36.771+0000] {dag.py:3096} INFO - Sync 1 DAGs
[2026-05-08T20:22:36.787+0000] {logging_mixin.py:188} INFO - [2026-05-08T20:22:36.787+0000] {dag.py:3954} INFO - Setting next_dagrun for produce_json to 2026-05-08 19:00:00+00:00, run_after=2026-05-09 19:00:00+00:00
[2026-05-08T20:22:36.802+0000] {processor.py:183} INFO - Processing /opt/airflow/dags/main.py took 0.113 seconds
[2026-05-08T20:23:06.859+0000] {processor.py:161} INFO - Started process (PID=779) to work on /opt/airflow/dags/main.py
[2026-05-08T20:23:06.859+0000] {processor.py:830} INFO - Processing file /opt/airflow/dags/main.py for tasks to queue
[2026-05-08T20:23:06.861+0000] {logging_mixin.py:188} INFO - [2026-05-08T20:23:06.861+0000] {dagbag.py:545} INFO - Filling up the DagBag from /opt/airflow/dags/main.py
[2026-05-08T20:23:06.903+0000] {logging_mixin.py:188} INFO - get_playlist_id will not be executed
[2026-05-08T20:23:06.909+0000] {processor.py:840} INFO - DAG(s) 'produce_json' retrieved from /opt/airflow/dags/main.py
[2026-05-08T20:23:06.935+0000] {logging_mixin.py:188} INFO - [2026-05-08T20:23:06.935+0000] {dag.py:3096} INFO - Sync 1 DAGs
[2026-05-08T20:23:06.950+0000] {logging_mixin.py:188} INFO - [2026-05-08T20:23:06.950+0000] {dag.py:3954} INFO - Setting next_dagrun for produce_json to 2026-05-08 19:00:00+00:00, run_after=2026-05-09 19:00:00+00:00
[2026-05-08T20:23:06.964+0000] {processor.py:183} INFO - Processing /opt/airflow/dags/main.py took 0.111 seconds
[2026-05-08T20:23:37.074+0000] {processor.py:161} INFO - Started process (PID=786) to work on /opt/airflow/dags/main.py
[2026-05-08T20:23:37.075+0000] {processor.py:830} INFO - Processing file /opt/airflow/dags/main.py for tasks to queue
[2026-05-08T20:23:37.077+0000] {logging_mixin.py:188} INFO - [2026-05-08T20:23:37.077+0000] {dagbag.py:545} INFO - Filling up the DagBag from /opt/airflow/dags/main.py
[2026-05-08T20:23:37.119+0000] {logging_mixin.py:188} INFO - get_playlist_id will not be executed
[2026-05-08T20:23:37.128+0000] {processor.py:840} INFO - DAG(s) 'produce_json' retrieved from /opt/airflow/dags/main.py
[2026-05-08T20:23:37.154+0000] {logging_mixin.py:188} INFO - [2026-05-08T20:23:37.153+0000] {dag.py:3096} INFO - Sync 1 DAGs
[2026-05-08T20:23:37.169+0000] {logging_mixin.py:188} INFO - [2026-05-08T20:23:37.169+0000] {dag.py:3954} INFO - Setting next_dagrun for produce_json to 2026-05-08 19:00:00+00:00, run_after=2026-05-09 19:00:00+00:00
[2026-05-08T20:23:37.183+0000] {processor.py:183} INFO - Processing /opt/airflow/dags/main.py took 0.114 seconds
[2026-05-08T20:23:46.140+0000] {processor.py:161} INFO - Started process (PID=787) to work on /opt/airflow/dags/main.py
[2026-05-08T20:23:46.141+0000] {processor.py:830} INFO - Processing file /opt/airflow/dags/main.py for tasks to queue
[2026-05-08T20:23:46.142+0000] {logging_mixin.py:188} INFO - [2026-05-08T20:23:46.142+0000] {dagbag.py:545} INFO - Filling up the DagBag from /opt/airflow/dags/main.py
[2026-05-08T20:23:46.187+0000] {logging_mixin.py:188} INFO - get_playlist_id will not be executed
[2026-05-08T20:23:46.192+0000] {processor.py:840} INFO - DAG(s) 'produce_json' retrieved from /opt/airflow/dags/main.py
[2026-05-08T20:23:46.224+0000] {logging_mixin.py:188} INFO - [2026-05-08T20:23:46.224+0000] {dag.py:3096} INFO - Sync 1 DAGs
[2026-05-08T20:23:46.243+0000] {logging_mixin.py:188} INFO - [2026-05-08T20:23:46.243+0000] {dag.py:3954} INFO - Setting next_dagrun for produce_json to 2026-05-08 19:00:00+00:00, run_after=2026-05-09 19:00:00+00:00
[2026-05-08T20:23:46.260+0000] {processor.py:183} INFO - Processing /opt/airflow/dags/main.py took 0.126 seconds
[2026-05-08T20:24:16.404+0000] {processor.py:161} INFO - Started process (PID=794) to work on /opt/airflow/dags/main.py
[2026-05-08T20:24:16.405+0000] {processor.py:830} INFO - Processing file /opt/airflow/dags/main.py for tasks to queue
[2026-05-08T20:24:16.406+0000] {logging_mixin.py:188} INFO - [2026-05-08T20:24:16.406+0000] {dagbag.py:545} INFO - Filling up the DagBag from /opt/airflow/dags/main.py
[2026-05-08T20:24:16.444+0000] {logging_mixin.py:188} INFO - get_playlist_id will not be executed
[2026-05-08T20:24:16.452+0000] {processor.py:840} INFO - DAG(s) 'produce_json' retrieved from /opt/airflow/dags/main.py
[2026-05-08T20:24:16.478+0000] {logging_mixin.py:188} INFO - [2026-05-08T20:24:16.477+0000] {dag.py:3096} INFO - Sync 1 DAGs
[2026-05-08T20:24:16.499+0000] {logging_mixin.py:188} INFO - [2026-05-08T20:24:16.499+0000] {dag.py:3954} INFO - Setting next_dagrun for produce_json to 2026-05-08 19:00:00+00:00, run_after=2026-05-09 19:00:00+00:00
[2026-05-08T20:24:16.515+0000] {processor.py:183} INFO - Processing /opt/airflow/dags/main.py took 0.117 seconds
[2026-05-08T20:24:46.592+0000] {processor.py:161} INFO - Started process (PID=801) to work on /opt/airflow/dags/main.py
[2026-05-08T20:24:46.593+0000] {processor.py:830} INFO - Processing file /opt/airflow/dags/main.py for tasks to queue
[2026-05-08T20:24:46.595+0000] {logging_mixin.py:188} INFO - [2026-05-08T20:24:46.594+0000] {dagbag.py:545} INFO - Filling up the DagBag from /opt/airflow/dags/main.py
[2026-05-08T20:24:46.634+0000] {logging_mixin.py:188} INFO - get_playlist_id will not be executed
[2026-05-08T20:24:46.639+0000] {processor.py:840} INFO - DAG(s) 'produce_json' retrieved from /opt/airflow/dags/main.py
[2026-05-08T20:24:46.663+0000] {logging_mixin.py:188} INFO - [2026-05-08T20:24:46.663+0000] {dag.py:3096} INFO - Sync 1 DAGs
[2026-05-08T20:24:46.677+0000] {logging_mixin.py:188} INFO - [2026-05-08T20:24:46.677+0000] {dag.py:3954} INFO - Setting next_dagrun for produce_json to 2026-05-08 19:00:00+00:00, run_after=2026-05-09 19:00:00+00:00
[2026-05-08T20:24:46.691+0000] {processor.py:183} INFO - Processing /opt/airflow/dags/main.py took 0.103 seconds
[2026-05-08T20:25:16.787+0000] {processor.py:161} INFO - Started process (PID=808) to work on /opt/airflow/dags/main.py
[2026-05-08T20:25:16.788+0000] {processor.py:830} INFO - Processing file /opt/airflow/dags/main.py for tasks to queue
[2026-05-08T20:25:16.789+0000] {logging_mixin.py:188} INFO - [2026-05-08T20:25:16.789+0000] {dagbag.py:545} INFO - Filling up the DagBag from /opt/airflow/dags/main.py
[2026-05-08T20:25:16.826+0000] {logging_mixin.py:188} INFO - get_playlist_id will not be executed
[2026-05-08T20:25:16.833+0000] {processor.py:840} INFO - DAG(s) 'produce_json' retrieved from /opt/airflow/dags/main.py
[2026-05-08T20:25:16.857+0000] {logging_mixin.py:188} INFO - [2026-05-08T20:25:16.856+0000] {dag.py:3096} INFO - Sync 1 DAGs
[2026-05-08T20:25:16.872+0000] {logging_mixin.py:188} INFO - [2026-05-08T20:25:16.872+0000] {dag.py:3954} INFO - Setting next_dagrun for produce_json to 2026-05-08 19:00:00+00:00, run_after=2026-05-09 19:00:00+00:00
[2026-05-08T20:25:16.886+0000] {processor.py:183} INFO - Processing /opt/airflow/dags/main.py took 0.104 seconds
[2026-05-08T20:25:46.986+0000] {processor.py:161} INFO - Started process (PID=816) to work on /opt/airflow/dags/main.py
[2026-05-08T20:25:46.987+0000] {processor.py:830} INFO - Processing file /opt/airflow/dags/main.py for tasks to queue
[2026-05-08T20:25:46.989+0000] {logging_mixin.py:188} INFO - [2026-05-08T20:25:46.988+0000] {dagbag.py:545} INFO - Filling up the DagBag from /opt/airflow/dags/main.py
[2026-05-08T20:25:47.030+0000] {logging_mixin.py:188} INFO - get_playlist_id will not be executed
[2026-05-08T20:25:47.038+0000] {processor.py:840} INFO - DAG(s) 'produce_json' retrieved from /opt/airflow/dags/main.py
[2026-05-08T20:25:47.063+0000] {logging_mixin.py:188} INFO - [2026-05-08T20:25:47.062+0000] {dag.py:3096} INFO - Sync 1 DAGs
[2026-05-08T20:25:47.078+0000] {logging_mixin.py:188} INFO - [2026-05-08T20:25:47.077+0000] {dag.py:3954} INFO - Setting next_dagrun for produce_json to 2026-05-08 19:00:00+00:00, run_after=2026-05-09 19:00:00+00:00
[2026-05-08T20:25:47.093+0000] {processor.py:183} INFO - Processing /opt/airflow/dags/main.py took 0.114 seconds
[2026-05-08T20:26:17.178+0000] {processor.py:161} INFO - Started process (PID=823) to work on /opt/airflow/dags/main.py
[2026-05-08T20:26:17.180+0000] {processor.py:830} INFO - Processing file /opt/airflow/dags/main.py for tasks to queue
[2026-05-08T20:26:17.182+0000] {logging_mixin.py:188} INFO - [2026-05-08T20:26:17.181+0000] {dagbag.py:545} INFO - Filling up the DagBag from /opt/airflow/dags/main.py
[2026-05-08T20:26:17.222+0000] {logging_mixin.py:188} INFO - get_playlist_id will not be executed
[2026-05-08T20:26:17.228+0000] {processor.py:840} INFO - DAG(s) 'produce_json' retrieved from /opt/airflow/dags/main.py
[2026-05-08T20:26:17.251+0000] {logging_mixin.py:188} INFO - [2026-05-08T20:26:17.251+0000] {dag.py:3096} INFO - Sync 1 DAGs
[2026-05-08T20:26:17.267+0000] {logging_mixin.py:188} INFO - [2026-05-08T20:26:17.267+0000] {dag.py:3954} INFO - Setting next_dagrun for produce_json to 2026-05-08 19:00:00+00:00, run_after=2026-05-09 19:00:00+00:00
[2026-05-08T20:26:17.283+0000] {processor.py:183} INFO - Processing /opt/airflow/dags/main.py took 0.111 seconds
[2026-05-08T20:26:47.381+0000] {processor.py:161} INFO - Started process (PID=830) to work on /opt/airflow/dags/main.py
[2026-05-08T20:26:47.382+0000] {processor.py:830} INFO - Processing file /opt/airflow/dags/main.py for tasks to queue
[2026-05-08T20:26:47.384+0000] {logging_mixin.py:188} INFO - [2026-05-08T20:26:47.384+0000] {dagbag.py:545} INFO - Filling up the DagBag from /opt/airflow/dags/main.py
[2026-05-08T20:26:47.421+0000] {logging_mixin.py:188} INFO - get_playlist_id will not be executed
[2026-05-08T20:26:47.427+0000] {processor.py:840} INFO - DAG(s) 'produce_json' retrieved from /opt/airflow/dags/main.py
[2026-05-08T20:26:47.451+0000] {logging_mixin.py:188} INFO - [2026-05-08T20:26:47.450+0000] {dag.py:3096} INFO - Sync 1 DAGs
[2026-05-08T20:26:47.467+0000] {logging_mixin.py:188} INFO - [2026-05-08T20:26:47.466+0000] {dag.py:3954} INFO - Setting next_dagrun for produce_json to 2026-05-08 19:00:00+00:00, run_after=2026-05-09 19:00:00+00:00
[2026-05-08T20:26:47.483+0000] {processor.py:183} INFO - Processing /opt/airflow/dags/main.py took 0.106 seconds
[2026-05-08T20:27:17.560+0000] {processor.py:161} INFO - Started process (PID=837) to work on /opt/airflow/dags/main.py
[2026-05-08T20:27:17.561+0000] {processor.py:830} INFO - Processing file /opt/airflow/dags/main.py for tasks to queue
[2026-05-08T20:27:17.562+0000] {logging_mixin.py:188} INFO - [2026-05-08T20:27:17.562+0000] {dagbag.py:545} INFO - Filling up the DagBag from /opt/airflow/dags/main.py
[2026-05-08T20:27:17.604+0000] {logging_mixin.py:188} INFO - get_playlist_id will not be executed
[2026-05-08T20:27:17.611+0000] {processor.py:840} INFO - DAG(s) 'produce_json' retrieved from /opt/airflow/dags/main.py
[2026-05-08T20:27:17.636+0000] {logging_mixin.py:188} INFO - [2026-05-08T20:27:17.636+0000] {dag.py:3096} INFO - Sync 1 DAGs
[2026-05-08T20:27:17.653+0000] {logging_mixin.py:188} INFO - [2026-05-08T20:27:17.653+0000] {dag.py:3954} INFO - Setting next_dagrun for produce_json to 2026-05-08 19:00:00+00:00, run_after=2026-05-09 19:00:00+00:00
[2026-05-08T20:27:17.667+0000] {processor.py:183} INFO - Processing /opt/airflow/dags/main.py took 0.113 seconds
[2026-05-08T20:27:47.757+0000] {processor.py:161} INFO - Started process (PID=844) to work on /opt/airflow/dags/main.py
[2026-05-08T20:27:47.759+0000] {processor.py:830} INFO - Processing file /opt/airflow/dags/main.py for tasks to queue
[2026-05-08T20:27:47.761+0000] {logging_mixin.py:188} INFO - [2026-05-08T20:27:47.761+0000] {dagbag.py:545} INFO - Filling up the DagBag from /opt/airflow/dags/main.py
[2026-05-08T20:27:47.833+0000] {logging_mixin.py:188} INFO - get_playlist_id will not be executed
[2026-05-08T20:27:47.839+0000] {processor.py:840} INFO - DAG(s) 'produce_json' retrieved from /opt/airflow/dags/main.py
[2026-05-08T20:27:47.863+0000] {logging_mixin.py:188} INFO - [2026-05-08T20:27:47.863+0000] {dag.py:3096} INFO - Sync 1 DAGs
[2026-05-08T20:27:47.879+0000] {logging_mixin.py:188} INFO - [2026-05-08T20:27:47.879+0000] {dag.py:3954} INFO - Setting next_dagrun for produce_json to 2026-05-08 19:00:00+00:00, run_after=2026-05-09 19:00:00+00:00
[2026-05-08T20:27:47.892+0000] {processor.py:183} INFO - Processing /opt/airflow/dags/main.py took 0.140 seconds
[2026-05-08T20:28:17.958+0000] {processor.py:161} INFO - Started process (PID=851) to work on /opt/airflow/dags/main.py
[2026-05-08T20:28:17.958+0000] {processor.py:830} INFO - Processing file /opt/airflow/dags/main.py for tasks to queue
[2026-05-08T20:28:17.961+0000] {logging_mixin.py:188} INFO - [2026-05-08T20:28:17.961+0000] {dagbag.py:545} INFO - Filling up the DagBag from /opt/airflow/dags/main.py
[2026-05-08T20:28:18.003+0000] {logging_mixin.py:188} INFO - get_playlist_id will not be executed
[2026-05-08T20:28:18.008+0000] {processor.py:840} INFO - DAG(s) 'produce_json' retrieved from /opt/airflow/dags/main.py
[2026-05-08T20:28:18.030+0000] {logging_mixin.py:188} INFO - [2026-05-08T20:28:18.029+0000] {dag.py:3096} INFO - Sync 1 DAGs
[2026-05-08T20:28:18.042+0000] {logging_mixin.py:188} INFO - [2026-05-08T20:28:18.042+0000] {dag.py:3954} INFO - Setting next_dagrun for produce_json to 2026-05-08 19:00:00+00:00, run_after=2026-05-09 19:00:00+00:00
[2026-05-08T20:28:18.055+0000] {processor.py:183} INFO - Processing /opt/airflow/dags/main.py took 0.103 seconds
[2026-05-08T20:28:48.199+0000] {processor.py:161} INFO - Started process (PID=858) to work on /opt/airflow/dags/main.py
[2026-05-08T20:28:48.200+0000] {processor.py:830} INFO - Processing file /opt/airflow/dags/main.py for tasks to queue
[2026-05-08T20:28:48.202+0000] {logging_mixin.py:188} INFO - [2026-05-08T20:28:48.202+0000] {dagbag.py:545} INFO - Filling up the DagBag from /opt/airflow/dags/main.py
[2026-05-08T20:28:48.239+0000] {logging_mixin.py:188} INFO - get_playlist_id will not be executed
[2026-05-08T20:28:48.245+0000] {processor.py:840} INFO - DAG(s) 'produce_json' retrieved from /opt/airflow/dags/main.py
[2026-05-08T20:28:48.269+0000] {logging_mixin.py:188} INFO - [2026-05-08T20:28:48.268+0000] {dag.py:3096} INFO - Sync 1 DAGs
[2026-05-08T20:28:48.284+0000] {logging_mixin.py:188} INFO - [2026-05-08T20:28:48.284+0000] {dag.py:3954} INFO - Setting next_dagrun for produce_json to 2026-05-08 19:00:00+00:00, run_after=2026-05-09 19:00:00+00:00
[2026-05-08T20:28:48.298+0000] {processor.py:183} INFO - Processing /opt/airflow/dags/main.py took 0.107 seconds
[2026-05-08T20:29:18.367+0000] {processor.py:161} INFO - Started process (PID=865) to work on /opt/airflow/dags/main.py
[2026-05-08T20:29:18.367+0000] {processor.py:830} INFO - Processing file /opt/airflow/dags/main.py for tasks to queue
[2026-05-08T20:29:18.369+0000] {logging_mixin.py:188} INFO - [2026-05-08T20:29:18.369+0000] {dagbag.py:545} INFO - Filling up the DagBag from /opt/airflow/dags/main.py
[2026-05-08T20:29:18.409+0000] {logging_mixin.py:188} INFO - get_playlist_id will not be executed
[2026-05-08T20:29:18.414+0000] {processor.py:840} INFO - DAG(s) 'produce_json' retrieved from /opt/airflow/dags/main.py
[2026-05-08T20:29:18.441+0000] {logging_mixin.py:188} INFO - [2026-05-08T20:29:18.441+0000] {dag.py:3096} INFO - Sync 1 DAGs
[2026-05-08T20:29:18.456+0000] {logging_mixin.py:188} INFO - [2026-05-08T20:29:18.456+0000] {dag.py:3954} INFO - Setting next_dagrun for produce_json to 2026-05-08 19:00:00+00:00, run_after=2026-05-09 19:00:00+00:00
[2026-05-08T20:29:18.472+0000] {processor.py:183} INFO - Processing /opt/airflow/dags/main.py took 0.111 seconds
[2026-05-08T20:29:48.653+0000] {processor.py:161} INFO - Started process (PID=872) to work on /opt/airflow/dags/main.py
[2026-05-08T20:29:48.654+0000] {processor.py:830} INFO - Processing file /opt/airflow/dags/main.py for tasks to queue
[2026-05-08T20:29:48.655+0000] {logging_mixin.py:188} INFO - [2026-05-08T20:29:48.655+0000] {dagbag.py:545} INFO - Filling up the DagBag from /opt/airflow/dags/main.py
[2026-05-08T20:29:48.700+0000] {logging_mixin.py:188} INFO - get_playlist_id will not be executed
[2026-05-08T20:29:48.706+0000] {processor.py:840} INFO - DAG(s) 'produce_json' retrieved from /opt/airflow/dags/main.py
[2026-05-08T20:29:48.732+0000] {logging_mixin.py:188} INFO - [2026-05-08T20:29:48.732+0000] {dag.py:3096} INFO - Sync 1 DAGs
[2026-05-08T20:29:48.749+0000] {logging_mixin.py:188} INFO - [2026-05-08T20:29:48.749+0000] {dag.py:3954} INFO - Setting next_dagrun for produce_json to 2026-05-08 19:00:00+00:00, run_after=2026-05-09 19:00:00+00:00
[2026-05-08T20:29:48.763+0000] {processor.py:183} INFO - Processing /opt/airflow/dags/main.py took 0.116 seconds
[2026-05-08T20:30:18.823+0000] {processor.py:161} INFO - Started process (PID=879) to work on /opt/airflow/dags/main.py
[2026-05-08T20:30:18.824+0000] {processor.py:830} INFO - Processing file /opt/airflow/dags/main.py for tasks to queue
[2026-05-08T20:30:18.826+0000] {logging_mixin.py:188} INFO - [2026-05-08T20:30:18.825+0000] {dagbag.py:545} INFO - Filling up the DagBag from /opt/airflow/dags/main.py
[2026-05-08T20:30:18.878+0000] {logging_mixin.py:188} INFO - get_playlist_id will not be executed
[2026-05-08T20:30:18.888+0000] {processor.py:840} INFO - DAG(s) 'produce_json' retrieved from /opt/airflow/dags/main.py
[2026-05-08T20:30:18.918+0000] {logging_mixin.py:188} INFO - [2026-05-08T20:30:18.918+0000] {dag.py:3096} INFO - Sync 1 DAGs
[2026-05-08T20:30:18.933+0000] {logging_mixin.py:188} INFO - [2026-05-08T20:30:18.933+0000] {dag.py:3954} INFO - Setting next_dagrun for produce_json to 2026-05-08 19:00:00+00:00, run_after=2026-05-09 19:00:00+00:00
[2026-05-08T20:30:18.948+0000] {processor.py:183} INFO - Processing /opt/airflow/dags/main.py took 0.130 seconds
[2026-05-08T20:30:49.061+0000] {processor.py:161} INFO - Started process (PID=886) to work on /opt/airflow/dags/main.py
[2026-05-08T20:30:49.062+0000] {processor.py:830} INFO - Processing file /opt/airflow/dags/main.py for tasks to queue
[2026-05-08T20:30:49.063+0000] {logging_mixin.py:188} INFO - [2026-05-08T20:30:49.063+0000] {dagbag.py:545} INFO - Filling up the DagBag from /opt/airflow/dags/main.py
[2026-05-08T20:30:49.104+0000] {logging_mixin.py:188} INFO - get_playlist_id will not be executed
[2026-05-08T20:30:49.110+0000] {processor.py:840} INFO - DAG(s) 'produce_json' retrieved from /opt/airflow/dags/main.py
[2026-05-08T20:30:49.133+0000] {logging_mixin.py:188} INFO - [2026-05-08T20:30:49.133+0000] {dag.py:3096} INFO - Sync 1 DAGs
[2026-05-08T20:30:49.148+0000] {logging_mixin.py:188} INFO - [2026-05-08T20:30:49.147+0000] {dag.py:3954} INFO - Setting next_dagrun for produce_json to 2026-05-08 19:00:00+00:00, run_after=2026-05-09 19:00:00+00:00
[2026-05-08T20:30:49.162+0000] {processor.py:183} INFO - Processing /opt/airflow/dags/main.py took 0.106 seconds
[2026-05-08T20:30:50.102+0000] {processor.py:161} INFO - Started process (PID=887) to work on /opt/airflow/dags/main.py
[2026-05-08T20:30:50.103+0000] {processor.py:830} INFO - Processing file /opt/airflow/dags/main.py for tasks to queue
[2026-05-08T20:30:50.104+0000] {logging_mixin.py:188} INFO - [2026-05-08T20:30:50.104+0000] {dagbag.py:545} INFO - Filling up the DagBag from /opt/airflow/dags/main.py
[2026-05-08T20:30:50.150+0000] {logging_mixin.py:188} INFO - get_playlist_id will not be executed
[2026-05-08T20:30:50.155+0000] {processor.py:840} INFO - DAG(s) 'produce_json' retrieved from /opt/airflow/dags/main.py
[2026-05-08T20:30:50.179+0000] {logging_mixin.py:188} INFO - [2026-05-08T20:30:50.179+0000] {dag.py:3096} INFO - Sync 1 DAGs
[2026-05-08T20:30:50.193+0000] {logging_mixin.py:188} INFO - [2026-05-08T20:30:50.193+0000] {dag.py:3954} INFO - Setting next_dagrun for produce_json to 2026-05-08 19:00:00+00:00, run_after=2026-05-09 19:00:00+00:00
[2026-05-08T20:30:50.209+0000] {processor.py:183} INFO - Processing /opt/airflow/dags/main.py took 0.113 seconds
[2026-05-08T20:31:20.344+0000] {processor.py:161} INFO - Started process (PID=894) to work on /opt/airflow/dags/main.py
[2026-05-08T20:31:20.345+0000] {processor.py:830} INFO - Processing file /opt/airflow/dags/main.py for tasks to queue
[2026-05-08T20:31:20.349+0000] {logging_mixin.py:188} INFO - [2026-05-08T20:31:20.349+0000] {dagbag.py:545} INFO - Filling up the DagBag from /opt/airflow/dags/main.py
[2026-05-08T20:31:20.392+0000] {logging_mixin.py:188} INFO - get_playlist_id will not be executed
[2026-05-08T20:31:20.399+0000] {processor.py:840} INFO - DAG(s) 'produce_json' retrieved from /opt/airflow/dags/main.py
[2026-05-08T20:31:20.423+0000] {logging_mixin.py:188} INFO - [2026-05-08T20:31:20.423+0000] {dag.py:3096} INFO - Sync 1 DAGs
[2026-05-08T20:31:20.438+0000] {logging_mixin.py:188} INFO - [2026-05-08T20:31:20.438+0000] {dag.py:3954} INFO - Setting next_dagrun for produce_json to 2026-05-08 19:00:00+00:00, run_after=2026-05-09 19:00:00+00:00
[2026-05-08T20:31:20.453+0000] {processor.py:183} INFO - Processing /opt/airflow/dags/main.py took 0.115 seconds
[2026-05-08T20:31:50.502+0000] {processor.py:161} INFO - Started process (PID=901) to work on /opt/airflow/dags/main.py
[2026-05-08T20:31:50.503+0000] {processor.py:830} INFO - Processing file /opt/airflow/dags/main.py for tasks to queue
[2026-05-08T20:31:50.504+0000] {logging_mixin.py:188} INFO - [2026-05-08T20:31:50.504+0000] {dagbag.py:545} INFO - Filling up the DagBag from /opt/airflow/dags/main.py
[2026-05-08T20:31:50.544+0000] {logging_mixin.py:188} INFO - get_playlist_id will not be executed
[2026-05-08T20:31:50.549+0000] {processor.py:840} INFO - DAG(s) 'produce_json' retrieved from /opt/airflow/dags/main.py
[2026-05-08T20:31:50.577+0000] {logging_mixin.py:188} INFO - [2026-05-08T20:31:50.577+0000] {dag.py:3096} INFO - Sync 1 DAGs
[2026-05-08T20:31:50.595+0000] {logging_mixin.py:188} INFO - [2026-05-08T20:31:50.595+0000] {dag.py:3954} INFO - Setting next_dagrun for produce_json to 2026-05-08 19:00:00+00:00, run_after=2026-05-09 19:00:00+00:00
[2026-05-08T20:31:50.609+0000] {processor.py:183} INFO - Processing /opt/airflow/dags/main.py took 0.112 seconds
[2026-05-08T20:32:20.733+0000] {processor.py:161} INFO - Started process (PID=908) to work on /opt/airflow/dags/main.py
[2026-05-08T20:32:20.734+0000] {processor.py:830} INFO - Processing file /opt/airflow/dags/main.py for tasks to queue
[2026-05-08T20:32:20.735+0000] {logging_mixin.py:188} INFO - [2026-05-08T20:32:20.735+0000] {dagbag.py:545} INFO - Filling up the DagBag from /opt/airflow/dags/main.py
[2026-05-08T20:32:20.774+0000] {logging_mixin.py:188} INFO - get_playlist_id will not be executed
[2026-05-08T20:32:20.780+0000] {processor.py:840} INFO - DAG(s) 'produce_json' retrieved from /opt/airflow/dags/main.py
[2026-05-08T20:32:20.802+0000] {logging_mixin.py:188} INFO - [2026-05-08T20:32:20.802+0000] {dag.py:3096} INFO - Sync 1 DAGs
[2026-05-08T20:32:20.816+0000] {logging_mixin.py:188} INFO - [2026-05-08T20:32:20.816+0000] {dag.py:3954} INFO - Setting next_dagrun for produce_json to 2026-05-08 19:00:00+00:00, run_after=2026-05-09 19:00:00+00:00
[2026-05-08T20:32:20.831+0000] {processor.py:183} INFO - Processing /opt/airflow/dags/main.py took 0.104 seconds
[2026-05-08T20:32:50.890+0000] {processor.py:161} INFO - Started process (PID=915) to work on /opt/airflow/dags/main.py
[2026-05-08T20:32:50.891+0000] {processor.py:830} INFO - Processing file /opt/airflow/dags/main.py for tasks to queue
[2026-05-08T20:32:50.892+0000] {logging_mixin.py:188} INFO - [2026-05-08T20:32:50.892+0000] {dagbag.py:545} INFO - Filling up the DagBag from /opt/airflow/dags/main.py
[2026-05-08T20:32:50.928+0000] {logging_mixin.py:188} INFO - get_playlist_id will not be executed
[2026-05-08T20:32:50.934+0000] {processor.py:840} INFO - DAG(s) 'produce_json' retrieved from /opt/airflow/dags/main.py
[2026-05-08T20:32:50.961+0000] {logging_mixin.py:188} INFO - [2026-05-08T20:32:50.961+0000] {dag.py:3096} INFO - Sync 1 DAGs
[2026-05-08T20:32:50.983+0000] {logging_mixin.py:188} INFO - [2026-05-08T20:32:50.983+0000] {dag.py:3954} INFO - Setting next_dagrun for produce_json to 2026-05-08 19:00:00+00:00, run_after=2026-05-09 19:00:00+00:00
[2026-05-08T20:32:50.999+0000] {processor.py:183} INFO - Processing /opt/airflow/dags/main.py took 0.115 seconds
[2026-05-08T20:33:21.107+0000] {processor.py:161} INFO - Started process (PID=928) to work on /opt/airflow/dags/main.py
[2026-05-08T20:33:21.108+0000] {processor.py:830} INFO - Processing file /opt/airflow/dags/main.py for tasks to queue
[2026-05-08T20:33:21.110+0000] {logging_mixin.py:188} INFO - [2026-05-08T20:33:21.110+0000] {dagbag.py:545} INFO - Filling up the DagBag from /opt/airflow/dags/main.py
[2026-05-08T20:33:21.150+0000] {logging_mixin.py:188} INFO - get_playlist_id will not be executed
[2026-05-08T20:33:21.155+0000] {processor.py:840} INFO - DAG(s) 'produce_json' retrieved from /opt/airflow/dags/main.py
[2026-05-08T20:33:21.178+0000] {logging_mixin.py:188} INFO - [2026-05-08T20:33:21.177+0000] {dag.py:3096} INFO - Sync 1 DAGs
[2026-05-08T20:33:21.192+0000] {logging_mixin.py:188} INFO - [2026-05-08T20:33:21.192+0000] {dag.py:3954} INFO - Setting next_dagrun for produce_json to 2026-05-08 19:00:00+00:00, run_after=2026-05-09 19:00:00+00:00
[2026-05-08T20:33:21.205+0000] {processor.py:183} INFO - Processing /opt/airflow/dags/main.py took 0.103 seconds
[2026-05-08T20:33:51.287+0000] {processor.py:161} INFO - Started process (PID=935) to work on /opt/airflow/dags/main.py
[2026-05-08T20:33:51.288+0000] {processor.py:830} INFO - Processing file /opt/airflow/dags/main.py for tasks to queue
[2026-05-08T20:33:51.290+0000] {logging_mixin.py:188} INFO - [2026-05-08T20:33:51.289+0000] {dagbag.py:545} INFO - Filling up the DagBag from /opt/airflow/dags/main.py
[2026-05-08T20:33:51.329+0000] {logging_mixin.py:188} INFO - get_playlist_id will not be executed
[2026-05-08T20:33:51.334+0000] {processor.py:840} INFO - DAG(s) 'produce_json' retrieved from /opt/airflow/dags/main.py
[2026-05-08T20:33:51.355+0000] {logging_mixin.py:188} INFO - [2026-05-08T20:33:51.355+0000] {dag.py:3096} INFO - Sync 1 DAGs
[2026-05-08T20:33:51.371+0000] {logging_mixin.py:188} INFO - [2026-05-08T20:33:51.371+0000] {dag.py:3954} INFO - Setting next_dagrun for produce_json to 2026-05-08 19:00:00+00:00, run_after=2026-05-09 19:00:00+00:00
[2026-05-08T20:33:51.386+0000] {processor.py:183} INFO - Processing /opt/airflow/dags/main.py took 0.104 seconds
[2026-05-08T20:34:21.490+0000] {processor.py:161} INFO - Started process (PID=942) to work on /opt/airflow/dags/main.py
[2026-05-08T20:34:21.491+0000] {processor.py:830} INFO - Processing file /opt/airflow/dags/main.py for tasks to queue
[2026-05-08T20:34:21.493+0000] {logging_mixin.py:188} INFO - [2026-05-08T20:34:21.493+0000] {dagbag.py:545} INFO - Filling up the DagBag from /opt/airflow/dags/main.py
[2026-05-08T20:34:21.534+0000] {logging_mixin.py:188} INFO - get_playlist_id will not be executed
[2026-05-08T20:34:21.540+0000] {processor.py:840} INFO - DAG(s) 'produce_json' retrieved from /opt/airflow/dags/main.py
[2026-05-08T20:34:21.564+0000] {logging_mixin.py:188} INFO - [2026-05-08T20:34:21.564+0000] {dag.py:3096} INFO - Sync 1 DAGs
[2026-05-08T20:34:21.581+0000] {logging_mixin.py:188} INFO - [2026-05-08T20:34:21.581+0000] {dag.py:3954} INFO - Setting next_dagrun for produce_json to 2026-05-08 19:00:00+00:00, run_after=2026-05-09 19:00:00+00:00
[2026-05-08T20:34:21.599+0000] {processor.py:183} INFO - Processing /opt/airflow/dags/main.py took 0.115 seconds
[2026-05-08T20:34:42.621+0000] {processor.py:161} INFO - Started process (PID=943) to work on /opt/airflow/dags/main.py
[2026-05-08T20:34:42.622+0000] {processor.py:830} INFO - Processing file /opt/airflow/dags/main.py for tasks to queue
[2026-05-08T20:34:42.624+0000] {logging_mixin.py:188} INFO - [2026-05-08T20:34:42.623+0000] {dagbag.py:545} INFO - Filling up the DagBag from /opt/airflow/dags/main.py
[2026-05-08T20:34:42.673+0000] {logging_mixin.py:188} INFO - get_playlist_id will not be executed
[2026-05-08T20:34:42.679+0000] {processor.py:840} INFO - DAG(s) 'produce_json' retrieved from /opt/airflow/dags/main.py
[2026-05-08T20:34:42.706+0000] {logging_mixin.py:188} INFO - [2026-05-08T20:34:42.706+0000] {dag.py:3096} INFO - Sync 1 DAGs
[2026-05-08T20:34:42.724+0000] {logging_mixin.py:188} INFO - [2026-05-08T20:34:42.724+0000] {dag.py:3954} INFO - Setting next_dagrun for produce_json to 2026-05-08 19:00:00+00:00, run_after=2026-05-09 19:00:00+00:00
[2026-05-08T20:34:42.742+0000] {processor.py:183} INFO - Processing /opt/airflow/dags/main.py took 0.127 seconds
[2026-05-08T20:35:12.887+0000] {processor.py:161} INFO - Started process (PID=950) to work on /opt/airflow/dags/main.py
[2026-05-08T20:35:12.888+0000] {processor.py:830} INFO - Processing file /opt/airflow/dags/main.py for tasks to queue
[2026-05-08T20:35:12.891+0000] {logging_mixin.py:188} INFO - [2026-05-08T20:35:12.891+0000] {dagbag.py:545} INFO - Filling up the DagBag from /opt/airflow/dags/main.py
[2026-05-08T20:35:12.932+0000] {logging_mixin.py:188} INFO - get_playlist_id will not be executed
[2026-05-08T20:35:12.940+0000] {processor.py:840} INFO - DAG(s) 'produce_json' retrieved from /opt/airflow/dags/main.py
[2026-05-08T20:35:12.968+0000] {logging_mixin.py:188} INFO - [2026-05-08T20:35:12.968+0000] {dag.py:3096} INFO - Sync 1 DAGs
[2026-05-08T20:35:12.988+0000] {logging_mixin.py:188} INFO - [2026-05-08T20:35:12.988+0000] {dag.py:3954} INFO - Setting next_dagrun for produce_json to 2026-05-08 19:00:00+00:00, run_after=2026-05-09 19:00:00+00:00
[2026-05-08T20:35:13.003+0000] {processor.py:183} INFO - Processing /opt/airflow/dags/main.py took 0.120 seconds
[2026-05-08T20:35:43.058+0000] {processor.py:161} INFO - Started process (PID=957) to work on /opt/airflow/dags/main.py
[2026-05-08T20:35:43.059+0000] {processor.py:830} INFO - Processing file /opt/airflow/dags/main.py for tasks to queue
[2026-05-08T20:35:43.061+0000] {logging_mixin.py:188} INFO - [2026-05-08T20:35:43.061+0000] {dagbag.py:545} INFO - Filling up the DagBag from /opt/airflow/dags/main.py
[2026-05-08T20:35:43.103+0000] {logging_mixin.py:188} INFO - get_playlist_id will not be executed
[2026-05-08T20:35:43.110+0000] {processor.py:840} INFO - DAG(s) 'produce_json' retrieved from /opt/airflow/dags/main.py
[2026-05-08T20:35:43.136+0000] {logging_mixin.py:188} INFO - [2026-05-08T20:35:43.135+0000] {dag.py:3096} INFO - Sync 1 DAGs
[2026-05-08T20:35:43.153+0000] {logging_mixin.py:188} INFO - [2026-05-08T20:35:43.153+0000] {dag.py:3954} INFO - Setting next_dagrun for produce_json to 2026-05-08 19:00:00+00:00, run_after=2026-05-09 19:00:00+00:00
[2026-05-08T20:35:43.168+0000] {processor.py:183} INFO - Processing /opt/airflow/dags/main.py took 0.115 seconds
[2026-05-08T20:36:13.274+0000] {processor.py:161} INFO - Started process (PID=964) to work on /opt/airflow/dags/main.py
[2026-05-08T20:36:13.275+0000] {processor.py:830} INFO - Processing file /opt/airflow/dags/main.py for tasks to queue
[2026-05-08T20:36:13.277+0000] {logging_mixin.py:188} INFO - [2026-05-08T20:36:13.277+0000] {dagbag.py:545} INFO - Filling up the DagBag from /opt/airflow/dags/main.py
[2026-05-08T20:36:13.331+0000] {logging_mixin.py:188} INFO - get_playlist_id will not be executed
[2026-05-08T20:36:13.338+0000] {processor.py:840} INFO - DAG(s) 'produce_json' retrieved from /opt/airflow/dags/main.py
[2026-05-08T20:36:13.362+0000] {logging_mixin.py:188} INFO - [2026-05-08T20:36:13.362+0000] {dag.py:3096} INFO - Sync 1 DAGs
[2026-05-08T20:36:13.378+0000] {logging_mixin.py:188} INFO - [2026-05-08T20:36:13.378+0000] {dag.py:3954} INFO - Setting next_dagrun for produce_json to 2026-05-08 19:00:00+00:00, run_after=2026-05-09 19:00:00+00:00
[2026-05-08T20:36:13.393+0000] {processor.py:183} INFO - Processing /opt/airflow/dags/main.py took 0.125 seconds
[2026-05-08T20:36:43.436+0000] {processor.py:161} INFO - Started process (PID=971) to work on /opt/airflow/dags/main.py
[2026-05-08T20:36:43.438+0000] {processor.py:830} INFO - Processing file /opt/airflow/dags/main.py for tasks to queue
[2026-05-08T20:36:43.439+0000] {logging_mixin.py:188} INFO - [2026-05-08T20:36:43.439+0000] {dagbag.py:545} INFO - Filling up the DagBag from /opt/airflow/dags/main.py
[2026-05-08T20:36:43.478+0000] {logging_mixin.py:188} INFO - get_playlist_id will not be executed
[2026-05-08T20:36:43.485+0000] {processor.py:840} INFO - DAG(s) 'produce_json' retrieved from /opt/airflow/dags/main.py
[2026-05-08T20:36:43.513+0000] {logging_mixin.py:188} INFO - [2026-05-08T20:36:43.513+0000] {dag.py:3096} INFO - Sync 1 DAGs
[2026-05-08T20:36:43.529+0000] {logging_mixin.py:188} INFO - [2026-05-08T20:36:43.529+0000] {dag.py:3954} INFO - Setting next_dagrun for produce_json to 2026-05-08 19:00:00+00:00, run_after=2026-05-09 19:00:00+00:00
[2026-05-08T20:36:43.543+0000] {processor.py:183} INFO - Processing /opt/airflow/dags/main.py took 0.112 seconds
[2026-05-08T20:37:13.661+0000] {processor.py:161} INFO - Started process (PID=978) to work on /opt/airflow/dags/main.py
[2026-05-08T20:37:13.662+0000] {processor.py:830} INFO - Processing file /opt/airflow/dags/main.py for tasks to queue
[2026-05-08T20:37:13.664+0000] {logging_mixin.py:188} INFO - [2026-05-08T20:37:13.664+0000] {dagbag.py:545} INFO - Filling up the DagBag from /opt/airflow/dags/main.py
[2026-05-08T20:37:13.705+0000] {logging_mixin.py:188} INFO - [2026-05-08T20:37:13.699+0000] {dagbag.py:355} ERROR - Failed to import: /opt/airflow/dags/main.py
Traceback (most recent call last):
  File "/home/airflow/.local/lib/python3.10/site-packages/airflow/models/dagbag.py", line 351, in parse
    loader.exec_module(new_module)
  File "<frozen importlib._bootstrap_external>", line 883, in exec_module
  File "<frozen importlib._bootstrap>", line 241, in _call_with_frames_removed
  File "/opt/airflow/dags/main.py", line 4, in <module>
    from api.video_stats import get_playlist_id, get_video_ids, extract_video_data, save_to_json
  File "/opt/airflow/dags/api/video_stats.py", line 126
    file_path = f"./data/YT_data_{date.today()+"_"+time}.json"
                                                ^
SyntaxError: f-string: expecting '}'
[2026-05-08T20:37:13.706+0000] {processor.py:842} WARNING - No viable dags retrieved from /opt/airflow/dags/main.py
[2026-05-08T20:37:13.728+0000] {processor.py:183} INFO - Processing /opt/airflow/dags/main.py took 0.071 seconds
[2026-05-08T20:37:43.826+0000] {processor.py:161} INFO - Started process (PID=985) to work on /opt/airflow/dags/main.py
[2026-05-08T20:37:43.827+0000] {processor.py:830} INFO - Processing file /opt/airflow/dags/main.py for tasks to queue
[2026-05-08T20:37:43.829+0000] {logging_mixin.py:188} INFO - [2026-05-08T20:37:43.829+0000] {dagbag.py:545} INFO - Filling up the DagBag from /opt/airflow/dags/main.py
[2026-05-08T20:37:43.862+0000] {logging_mixin.py:188} INFO - [2026-05-08T20:37:43.859+0000] {dagbag.py:355} ERROR - Failed to import: /opt/airflow/dags/main.py
Traceback (most recent call last):
  File "/home/airflow/.local/lib/python3.10/site-packages/airflow/models/dagbag.py", line 351, in parse
    loader.exec_module(new_module)
  File "<frozen importlib._bootstrap_external>", line 883, in exec_module
  File "<frozen importlib._bootstrap>", line 241, in _call_with_frames_removed
  File "/opt/airflow/dags/main.py", line 4, in <module>
    from api.video_stats import get_playlist_id, get_video_ids, extract_video_data, save_to_json
  File "/opt/airflow/dags/api/video_stats.py", line 126
    file_path = f"./data/YT_data_{date.today()+"_"+time}.json"
                                                ^
SyntaxError: f-string: expecting '}'
[2026-05-08T20:37:43.863+0000] {processor.py:842} WARNING - No viable dags retrieved from /opt/airflow/dags/main.py
[2026-05-08T20:37:43.883+0000] {processor.py:183} INFO - Processing /opt/airflow/dags/main.py took 0.062 seconds
[2026-05-08T20:38:14.009+0000] {processor.py:161} INFO - Started process (PID=992) to work on /opt/airflow/dags/main.py
[2026-05-08T20:38:14.010+0000] {processor.py:830} INFO - Processing file /opt/airflow/dags/main.py for tasks to queue
[2026-05-08T20:38:14.010+0000] {logging_mixin.py:188} INFO - [2026-05-08T20:38:14.010+0000] {dagbag.py:545} INFO - Filling up the DagBag from /opt/airflow/dags/main.py
[2026-05-08T20:38:14.042+0000] {logging_mixin.py:188} INFO - [2026-05-08T20:38:14.039+0000] {dagbag.py:355} ERROR - Failed to import: /opt/airflow/dags/main.py
Traceback (most recent call last):
  File "/home/airflow/.local/lib/python3.10/site-packages/airflow/models/dagbag.py", line 351, in parse
    loader.exec_module(new_module)
  File "<frozen importlib._bootstrap_external>", line 883, in exec_module
  File "<frozen importlib._bootstrap>", line 241, in _call_with_frames_removed
  File "/opt/airflow/dags/main.py", line 4, in <module>
    from api.video_stats import get_playlist_id, get_video_ids, extract_video_data, save_to_json
  File "/opt/airflow/dags/api/video_stats.py", line 126
    file_path = f"./data/YT_data_{date.today()+"_"+time}.json"
                                                ^
SyntaxError: f-string: expecting '}'
[2026-05-08T20:38:14.043+0000] {processor.py:842} WARNING - No viable dags retrieved from /opt/airflow/dags/main.py
[2026-05-08T20:38:14.070+0000] {processor.py:183} INFO - Processing /opt/airflow/dags/main.py took 0.066 seconds
[2026-05-08T20:38:44.176+0000] {processor.py:161} INFO - Started process (PID=999) to work on /opt/airflow/dags/main.py
[2026-05-08T20:38:44.177+0000] {processor.py:830} INFO - Processing file /opt/airflow/dags/main.py for tasks to queue
[2026-05-08T20:38:44.178+0000] {logging_mixin.py:188} INFO - [2026-05-08T20:38:44.178+0000] {dagbag.py:545} INFO - Filling up the DagBag from /opt/airflow/dags/main.py
[2026-05-08T20:38:44.258+0000] {logging_mixin.py:188} INFO - get_playlist_id will not be executed
[2026-05-08T20:38:44.265+0000] {processor.py:840} INFO - DAG(s) 'produce_json' retrieved from /opt/airflow/dags/main.py
[2026-05-08T20:38:44.463+0000] {logging_mixin.py:188} INFO - [2026-05-08T20:38:44.461+0000] {dag.py:3096} INFO - Sync 1 DAGs
[2026-05-08T20:38:44.482+0000] {logging_mixin.py:188} INFO - [2026-05-08T20:38:44.482+0000] {dag.py:3954} INFO - Setting next_dagrun for produce_json to 2026-05-08 19:00:00+00:00, run_after=2026-05-09 19:00:00+00:00
[2026-05-08T20:38:44.504+0000] {processor.py:183} INFO - Processing /opt/airflow/dags/main.py took 0.340 seconds
[2026-05-08T20:39:14.655+0000] {processor.py:161} INFO - Started process (PID=1006) to work on /opt/airflow/dags/main.py
[2026-05-08T20:39:14.655+0000] {processor.py:830} INFO - Processing file /opt/airflow/dags/main.py for tasks to queue
[2026-05-08T20:39:14.656+0000] {logging_mixin.py:188} INFO - [2026-05-08T20:39:14.656+0000] {dagbag.py:545} INFO - Filling up the DagBag from /opt/airflow/dags/main.py
[2026-05-08T20:39:14.692+0000] {logging_mixin.py:188} INFO - get_playlist_id will not be executed
[2026-05-08T20:39:14.698+0000] {processor.py:840} INFO - DAG(s) 'produce_json' retrieved from /opt/airflow/dags/main.py
[2026-05-08T20:39:14.722+0000] {logging_mixin.py:188} INFO - [2026-05-08T20:39:14.721+0000] {dag.py:3096} INFO - Sync 1 DAGs
[2026-05-08T20:39:14.736+0000] {logging_mixin.py:188} INFO - [2026-05-08T20:39:14.735+0000] {dag.py:3954} INFO - Setting next_dagrun for produce_json to 2026-05-08 19:00:00+00:00, run_after=2026-05-09 19:00:00+00:00
[2026-05-08T20:39:14.749+0000] {processor.py:183} INFO - Processing /opt/airflow/dags/main.py took 0.099 seconds
[2026-05-08T20:39:44.815+0000] {processor.py:161} INFO - Started process (PID=1013) to work on /opt/airflow/dags/main.py
[2026-05-08T20:39:44.816+0000] {processor.py:830} INFO - Processing file /opt/airflow/dags/main.py for tasks to queue
[2026-05-08T20:39:44.817+0000] {logging_mixin.py:188} INFO - [2026-05-08T20:39:44.816+0000] {dagbag.py:545} INFO - Filling up the DagBag from /opt/airflow/dags/main.py
[2026-05-08T20:39:44.858+0000] {logging_mixin.py:188} INFO - get_playlist_id will not be executed
[2026-05-08T20:39:44.864+0000] {processor.py:840} INFO - DAG(s) 'produce_json' retrieved from /opt/airflow/dags/main.py
[2026-05-08T20:39:44.888+0000] {logging_mixin.py:188} INFO - [2026-05-08T20:39:44.887+0000] {dag.py:3096} INFO - Sync 1 DAGs
[2026-05-08T20:39:44.902+0000] {logging_mixin.py:188} INFO - [2026-05-08T20:39:44.901+0000] {dag.py:3954} INFO - Setting next_dagrun for produce_json to 2026-05-08 19:00:00+00:00, run_after=2026-05-09 19:00:00+00:00
[2026-05-08T20:39:44.915+0000] {processor.py:183} INFO - Processing /opt/airflow/dags/main.py took 0.107 seconds
[2026-05-08T20:40:15.093+0000] {processor.py:161} INFO - Started process (PID=1020) to work on /opt/airflow/dags/main.py
[2026-05-08T20:40:15.094+0000] {processor.py:830} INFO - Processing file /opt/airflow/dags/main.py for tasks to queue
[2026-05-08T20:40:15.095+0000] {logging_mixin.py:188} INFO - [2026-05-08T20:40:15.095+0000] {dagbag.py:545} INFO - Filling up the DagBag from /opt/airflow/dags/main.py
[2026-05-08T20:40:15.132+0000] {logging_mixin.py:188} INFO - get_playlist_id will not be executed
[2026-05-08T20:40:15.137+0000] {processor.py:840} INFO - DAG(s) 'produce_json' retrieved from /opt/airflow/dags/main.py
[2026-05-08T20:40:15.157+0000] {logging_mixin.py:188} INFO - [2026-05-08T20:40:15.157+0000] {dag.py:3096} INFO - Sync 1 DAGs
[2026-05-08T20:40:15.170+0000] {logging_mixin.py:188} INFO - [2026-05-08T20:40:15.170+0000] {dag.py:3954} INFO - Setting next_dagrun for produce_json to 2026-05-08 19:00:00+00:00, run_after=2026-05-09 19:00:00+00:00
[2026-05-08T20:40:15.183+0000] {processor.py:183} INFO - Processing /opt/airflow/dags/main.py took 0.094 seconds
[2026-05-08T20:40:45.249+0000] {processor.py:161} INFO - Started process (PID=1027) to work on /opt/airflow/dags/main.py
[2026-05-08T20:40:45.250+0000] {processor.py:830} INFO - Processing file /opt/airflow/dags/main.py for tasks to queue
[2026-05-08T20:40:45.250+0000] {logging_mixin.py:188} INFO - [2026-05-08T20:40:45.250+0000] {dagbag.py:545} INFO - Filling up the DagBag from /opt/airflow/dags/main.py
[2026-05-08T20:40:45.288+0000] {logging_mixin.py:188} INFO - get_playlist_id will not be executed
[2026-05-08T20:40:45.292+0000] {processor.py:840} INFO - DAG(s) 'produce_json' retrieved from /opt/airflow/dags/main.py
[2026-05-08T20:40:45.312+0000] {logging_mixin.py:188} INFO - [2026-05-08T20:40:45.312+0000] {dag.py:3096} INFO - Sync 1 DAGs
[2026-05-08T20:40:45.324+0000] {logging_mixin.py:188} INFO - [2026-05-08T20:40:45.324+0000] {dag.py:3954} INFO - Setting next_dagrun for produce_json to 2026-05-08 19:00:00+00:00, run_after=2026-05-09 19:00:00+00:00
[2026-05-08T20:40:45.337+0000] {processor.py:183} INFO - Processing /opt/airflow/dags/main.py took 0.096 seconds
[2026-05-08T20:41:15.454+0000] {processor.py:161} INFO - Started process (PID=1034) to work on /opt/airflow/dags/main.py
[2026-05-08T20:41:15.455+0000] {processor.py:830} INFO - Processing file /opt/airflow/dags/main.py for tasks to queue
[2026-05-08T20:41:15.456+0000] {logging_mixin.py:188} INFO - [2026-05-08T20:41:15.455+0000] {dagbag.py:545} INFO - Filling up the DagBag from /opt/airflow/dags/main.py
[2026-05-08T20:41:15.496+0000] {logging_mixin.py:188} INFO - get_playlist_id will not be executed
[2026-05-08T20:41:15.504+0000] {processor.py:840} INFO - DAG(s) 'produce_json' retrieved from /opt/airflow/dags/main.py
[2026-05-08T20:41:15.534+0000] {logging_mixin.py:188} INFO - [2026-05-08T20:41:15.534+0000] {dag.py:3096} INFO - Sync 1 DAGs
[2026-05-08T20:41:15.553+0000] {logging_mixin.py:188} INFO - [2026-05-08T20:41:15.553+0000] {dag.py:3954} INFO - Setting next_dagrun for produce_json to 2026-05-08 19:00:00+00:00, run_after=2026-05-09 19:00:00+00:00
[2026-05-08T20:41:15.570+0000] {processor.py:183} INFO - Processing /opt/airflow/dags/main.py took 0.123 seconds
[2026-05-08T20:41:45.718+0000] {processor.py:161} INFO - Started process (PID=1041) to work on /opt/airflow/dags/main.py
[2026-05-08T20:41:45.719+0000] {processor.py:830} INFO - Processing file /opt/airflow/dags/main.py for tasks to queue
[2026-05-08T20:41:45.720+0000] {logging_mixin.py:188} INFO - [2026-05-08T20:41:45.719+0000] {dagbag.py:545} INFO - Filling up the DagBag from /opt/airflow/dags/main.py
[2026-05-08T20:41:45.757+0000] {logging_mixin.py:188} INFO - get_playlist_id will not be executed
[2026-05-08T20:41:45.765+0000] {processor.py:840} INFO - DAG(s) 'produce_json' retrieved from /opt/airflow/dags/main.py
[2026-05-08T20:41:45.793+0000] {logging_mixin.py:188} INFO - [2026-05-08T20:41:45.793+0000] {dag.py:3096} INFO - Sync 1 DAGs
[2026-05-08T20:41:45.811+0000] {logging_mixin.py:188} INFO - [2026-05-08T20:41:45.811+0000] {dag.py:3954} INFO - Setting next_dagrun for produce_json to 2026-05-08 19:00:00+00:00, run_after=2026-05-09 19:00:00+00:00
[2026-05-08T20:41:45.826+0000] {processor.py:183} INFO - Processing /opt/airflow/dags/main.py took 0.114 seconds
[2026-05-08T20:42:15.864+0000] {processor.py:161} INFO - Started process (PID=1049) to work on /opt/airflow/dags/main.py
[2026-05-08T20:42:15.865+0000] {processor.py:830} INFO - Processing file /opt/airflow/dags/main.py for tasks to queue
[2026-05-08T20:42:15.866+0000] {logging_mixin.py:188} INFO - [2026-05-08T20:42:15.866+0000] {dagbag.py:545} INFO - Filling up the DagBag from /opt/airflow/dags/main.py
[2026-05-08T20:42:15.905+0000] {logging_mixin.py:188} INFO - get_playlist_id will not be executed
[2026-05-08T20:42:15.911+0000] {processor.py:840} INFO - DAG(s) 'produce_json' retrieved from /opt/airflow/dags/main.py
[2026-05-08T20:42:15.939+0000] {logging_mixin.py:188} INFO - [2026-05-08T20:42:15.939+0000] {dag.py:3096} INFO - Sync 1 DAGs
[2026-05-08T20:42:15.953+0000] {logging_mixin.py:188} INFO - [2026-05-08T20:42:15.953+0000] {dag.py:3954} INFO - Setting next_dagrun for produce_json to 2026-05-08 19:00:00+00:00, run_after=2026-05-09 19:00:00+00:00
[2026-05-08T20:42:15.967+0000] {processor.py:183} INFO - Processing /opt/airflow/dags/main.py took 0.107 seconds
[2026-05-08T20:42:46.129+0000] {processor.py:161} INFO - Started process (PID=1056) to work on /opt/airflow/dags/main.py
[2026-05-08T20:42:46.130+0000] {processor.py:830} INFO - Processing file /opt/airflow/dags/main.py for tasks to queue
[2026-05-08T20:42:46.131+0000] {logging_mixin.py:188} INFO - [2026-05-08T20:42:46.130+0000] {dagbag.py:545} INFO - Filling up the DagBag from /opt/airflow/dags/main.py
[2026-05-08T20:42:46.192+0000] {logging_mixin.py:188} INFO - get_playlist_id will not be executed
[2026-05-08T20:42:46.204+0000] {processor.py:840} INFO - DAG(s) 'produce_json' retrieved from /opt/airflow/dags/main.py
[2026-05-08T20:42:46.241+0000] {logging_mixin.py:188} INFO - [2026-05-08T20:42:46.240+0000] {dag.py:3096} INFO - Sync 1 DAGs
[2026-05-08T20:42:46.262+0000] {logging_mixin.py:188} INFO - [2026-05-08T20:42:46.262+0000] {dag.py:3954} INFO - Setting next_dagrun for produce_json to 2026-05-08 19:00:00+00:00, run_after=2026-05-09 19:00:00+00:00
[2026-05-08T20:42:46.278+0000] {processor.py:183} INFO - Processing /opt/airflow/dags/main.py took 0.157 seconds
[2026-05-08T20:43:16.418+0000] {processor.py:161} INFO - Started process (PID=1063) to work on /opt/airflow/dags/main.py
[2026-05-08T20:43:16.419+0000] {processor.py:830} INFO - Processing file /opt/airflow/dags/main.py for tasks to queue
[2026-05-08T20:43:16.419+0000] {logging_mixin.py:188} INFO - [2026-05-08T20:43:16.419+0000] {dagbag.py:545} INFO - Filling up the DagBag from /opt/airflow/dags/main.py
[2026-05-08T20:43:16.455+0000] {logging_mixin.py:188} INFO - get_playlist_id will not be executed
[2026-05-08T20:43:16.460+0000] {processor.py:840} INFO - DAG(s) 'produce_json' retrieved from /opt/airflow/dags/main.py
[2026-05-08T20:43:16.489+0000] {logging_mixin.py:188} INFO - [2026-05-08T20:43:16.488+0000] {dag.py:3096} INFO - Sync 1 DAGs
[2026-05-08T20:43:16.502+0000] {logging_mixin.py:188} INFO - [2026-05-08T20:43:16.502+0000] {dag.py:3954} INFO - Setting next_dagrun for produce_json to 2026-05-08 19:00:00+00:00, run_after=2026-05-09 19:00:00+00:00
[2026-05-08T20:43:16.518+0000] {processor.py:183} INFO - Processing /opt/airflow/dags/main.py took 0.105 seconds
[2026-05-08T20:43:46.652+0000] {processor.py:161} INFO - Started process (PID=1070) to work on /opt/airflow/dags/main.py
[2026-05-08T20:43:46.653+0000] {processor.py:830} INFO - Processing file /opt/airflow/dags/main.py for tasks to queue
[2026-05-08T20:43:46.654+0000] {logging_mixin.py:188} INFO - [2026-05-08T20:43:46.653+0000] {dagbag.py:545} INFO - Filling up the DagBag from /opt/airflow/dags/main.py
[2026-05-08T20:43:46.693+0000] {logging_mixin.py:188} INFO - get_playlist_id will not be executed
[2026-05-08T20:43:46.700+0000] {processor.py:840} INFO - DAG(s) 'produce_json' retrieved from /opt/airflow/dags/main.py
[2026-05-08T20:43:46.724+0000] {logging_mixin.py:188} INFO - [2026-05-08T20:43:46.724+0000] {dag.py:3096} INFO - Sync 1 DAGs
[2026-05-08T20:43:46.741+0000] {logging_mixin.py:188} INFO - [2026-05-08T20:43:46.740+0000] {dag.py:3954} INFO - Setting next_dagrun for produce_json to 2026-05-08 19:00:00+00:00, run_after=2026-05-09 19:00:00+00:00
[2026-05-08T20:43:46.756+0000] {processor.py:183} INFO - Processing /opt/airflow/dags/main.py took 0.111 seconds
[2026-05-08T20:44:16.798+0000] {processor.py:161} INFO - Started process (PID=1077) to work on /opt/airflow/dags/main.py
[2026-05-08T20:44:16.799+0000] {processor.py:830} INFO - Processing file /opt/airflow/dags/main.py for tasks to queue
[2026-05-08T20:44:16.800+0000] {logging_mixin.py:188} INFO - [2026-05-08T20:44:16.800+0000] {dagbag.py:545} INFO - Filling up the DagBag from /opt/airflow/dags/main.py
[2026-05-08T20:44:16.841+0000] {logging_mixin.py:188} INFO - get_playlist_id will not be executed
[2026-05-08T20:44:16.846+0000] {processor.py:840} INFO - DAG(s) 'produce_json' retrieved from /opt/airflow/dags/main.py
[2026-05-08T20:44:16.867+0000] {logging_mixin.py:188} INFO - [2026-05-08T20:44:16.867+0000] {dag.py:3096} INFO - Sync 1 DAGs
[2026-05-08T20:44:16.881+0000] {logging_mixin.py:188} INFO - [2026-05-08T20:44:16.881+0000] {dag.py:3954} INFO - Setting next_dagrun for produce_json to 2026-05-08 19:00:00+00:00, run_after=2026-05-09 19:00:00+00:00
[2026-05-08T20:44:16.893+0000] {processor.py:183} INFO - Processing /opt/airflow/dags/main.py took 0.103 seconds
[2026-05-08T20:44:47.079+0000] {processor.py:161} INFO - Started process (PID=1084) to work on /opt/airflow/dags/main.py
[2026-05-08T20:44:47.081+0000] {processor.py:830} INFO - Processing file /opt/airflow/dags/main.py for tasks to queue
[2026-05-08T20:44:47.082+0000] {logging_mixin.py:188} INFO - [2026-05-08T20:44:47.081+0000] {dagbag.py:545} INFO - Filling up the DagBag from /opt/airflow/dags/main.py
[2026-05-08T20:44:47.122+0000] {logging_mixin.py:188} INFO - get_playlist_id will not be executed
[2026-05-08T20:44:47.129+0000] {processor.py:840} INFO - DAG(s) 'produce_json' retrieved from /opt/airflow/dags/main.py
[2026-05-08T20:44:47.158+0000] {logging_mixin.py:188} INFO - [2026-05-08T20:44:47.158+0000] {dag.py:3096} INFO - Sync 1 DAGs
[2026-05-08T20:44:47.176+0000] {logging_mixin.py:188} INFO - [2026-05-08T20:44:47.176+0000] {dag.py:3954} INFO - Setting next_dagrun for produce_json to 2026-05-08 19:00:00+00:00, run_after=2026-05-09 19:00:00+00:00
[2026-05-08T20:44:47.192+0000] {processor.py:183} INFO - Processing /opt/airflow/dags/main.py took 0.122 seconds
[2026-05-08T20:45:17.337+0000] {processor.py:161} INFO - Started process (PID=1092) to work on /opt/airflow/dags/main.py
[2026-05-08T20:45:17.338+0000] {processor.py:830} INFO - Processing file /opt/airflow/dags/main.py for tasks to queue
[2026-05-08T20:45:17.338+0000] {logging_mixin.py:188} INFO - [2026-05-08T20:45:17.338+0000] {dagbag.py:545} INFO - Filling up the DagBag from /opt/airflow/dags/main.py
[2026-05-08T20:45:17.378+0000] {logging_mixin.py:188} INFO - get_playlist_id will not be executed
[2026-05-08T20:45:17.386+0000] {processor.py:840} INFO - DAG(s) 'produce_json' retrieved from /opt/airflow/dags/main.py
[2026-05-08T20:45:17.416+0000] {logging_mixin.py:188} INFO - [2026-05-08T20:45:17.416+0000] {dag.py:3096} INFO - Sync 1 DAGs
[2026-05-08T20:45:17.433+0000] {logging_mixin.py:188} INFO - [2026-05-08T20:45:17.432+0000] {dag.py:3954} INFO - Setting next_dagrun for produce_json to 2026-05-08 19:00:00+00:00, run_after=2026-05-09 19:00:00+00:00
[2026-05-08T20:45:17.446+0000] {processor.py:183} INFO - Processing /opt/airflow/dags/main.py took 0.115 seconds
[2026-05-08T20:45:47.592+0000] {processor.py:161} INFO - Started process (PID=1099) to work on /opt/airflow/dags/main.py
[2026-05-08T20:45:47.593+0000] {processor.py:830} INFO - Processing file /opt/airflow/dags/main.py for tasks to queue
[2026-05-08T20:45:47.594+0000] {logging_mixin.py:188} INFO - [2026-05-08T20:45:47.593+0000] {dagbag.py:545} INFO - Filling up the DagBag from /opt/airflow/dags/main.py
[2026-05-08T20:45:47.630+0000] {logging_mixin.py:188} INFO - get_playlist_id will not be executed
[2026-05-08T20:45:47.636+0000] {processor.py:840} INFO - DAG(s) 'produce_json' retrieved from /opt/airflow/dags/main.py
[2026-05-08T20:45:47.659+0000] {logging_mixin.py:188} INFO - [2026-05-08T20:45:47.659+0000] {dag.py:3096} INFO - Sync 1 DAGs
[2026-05-08T20:45:47.673+0000] {logging_mixin.py:188} INFO - [2026-05-08T20:45:47.673+0000] {dag.py:3954} INFO - Setting next_dagrun for produce_json to 2026-05-08 19:00:00+00:00, run_after=2026-05-09 19:00:00+00:00
[2026-05-08T20:45:47.688+0000] {processor.py:183} INFO - Processing /opt/airflow/dags/main.py took 0.101 seconds
[2026-05-08T20:46:17.736+0000] {processor.py:161} INFO - Started process (PID=1106) to work on /opt/airflow/dags/main.py
[2026-05-08T20:46:17.737+0000] {processor.py:830} INFO - Processing file /opt/airflow/dags/main.py for tasks to queue
[2026-05-08T20:46:17.738+0000] {logging_mixin.py:188} INFO - [2026-05-08T20:46:17.737+0000] {dagbag.py:545} INFO - Filling up the DagBag from /opt/airflow/dags/main.py
[2026-05-08T20:46:17.780+0000] {logging_mixin.py:188} INFO - get_playlist_id will not be executed
[2026-05-08T20:46:17.785+0000] {processor.py:840} INFO - DAG(s) 'produce_json' retrieved from /opt/airflow/dags/main.py
[2026-05-08T20:46:17.808+0000] {logging_mixin.py:188} INFO - [2026-05-08T20:46:17.808+0000] {dag.py:3096} INFO - Sync 1 DAGs
[2026-05-08T20:46:17.823+0000] {logging_mixin.py:188} INFO - [2026-05-08T20:46:17.823+0000] {dag.py:3954} INFO - Setting next_dagrun for produce_json to 2026-05-08 19:00:00+00:00, run_after=2026-05-09 19:00:00+00:00
[2026-05-08T20:46:17.838+0000] {processor.py:183} INFO - Processing /opt/airflow/dags/main.py took 0.108 seconds
[2026-05-08T20:46:47.950+0000] {processor.py:161} INFO - Started process (PID=1113) to work on /opt/airflow/dags/main.py
[2026-05-08T20:46:47.951+0000] {processor.py:830} INFO - Processing file /opt/airflow/dags/main.py for tasks to queue
[2026-05-08T20:46:47.952+0000] {logging_mixin.py:188} INFO - [2026-05-08T20:46:47.952+0000] {dagbag.py:545} INFO - Filling up the DagBag from /opt/airflow/dags/main.py
[2026-05-08T20:46:47.990+0000] {logging_mixin.py:188} INFO - get_playlist_id will not be executed
[2026-05-08T20:46:47.995+0000] {processor.py:840} INFO - DAG(s) 'produce_json' retrieved from /opt/airflow/dags/main.py
[2026-05-08T20:46:48.020+0000] {logging_mixin.py:188} INFO - [2026-05-08T20:46:48.020+0000] {dag.py:3096} INFO - Sync 1 DAGs
[2026-05-08T20:46:48.037+0000] {logging_mixin.py:188} INFO - [2026-05-08T20:46:48.036+0000] {dag.py:3954} INFO - Setting next_dagrun for produce_json to 2026-05-08 19:00:00+00:00, run_after=2026-05-09 19:00:00+00:00
[2026-05-08T20:46:48.051+0000] {processor.py:183} INFO - Processing /opt/airflow/dags/main.py took 0.106 seconds
[2026-05-08T20:47:18.097+0000] {processor.py:161} INFO - Started process (PID=1120) to work on /opt/airflow/dags/main.py
[2026-05-08T20:47:18.099+0000] {processor.py:830} INFO - Processing file /opt/airflow/dags/main.py for tasks to queue
[2026-05-08T20:47:18.100+0000] {logging_mixin.py:188} INFO - [2026-05-08T20:47:18.100+0000] {dagbag.py:545} INFO - Filling up the DagBag from /opt/airflow/dags/main.py
[2026-05-08T20:47:18.139+0000] {logging_mixin.py:188} INFO - get_playlist_id will not be executed
[2026-05-08T20:47:18.145+0000] {processor.py:840} INFO - DAG(s) 'produce_json' retrieved from /opt/airflow/dags/main.py
[2026-05-08T20:47:18.173+0000] {logging_mixin.py:188} INFO - [2026-05-08T20:47:18.172+0000] {dag.py:3096} INFO - Sync 1 DAGs
[2026-05-08T20:47:18.189+0000] {logging_mixin.py:188} INFO - [2026-05-08T20:47:18.189+0000] {dag.py:3954} INFO - Setting next_dagrun for produce_json to 2026-05-08 19:00:00+00:00, run_after=2026-05-09 19:00:00+00:00
[2026-05-08T20:47:18.207+0000] {processor.py:183} INFO - Processing /opt/airflow/dags/main.py took 0.118 seconds
[2026-05-08T20:47:48.325+0000] {processor.py:161} INFO - Started process (PID=1127) to work on /opt/airflow/dags/main.py
[2026-05-08T20:47:48.326+0000] {processor.py:830} INFO - Processing file /opt/airflow/dags/main.py for tasks to queue
[2026-05-08T20:47:48.327+0000] {logging_mixin.py:188} INFO - [2026-05-08T20:47:48.326+0000] {dagbag.py:545} INFO - Filling up the DagBag from /opt/airflow/dags/main.py
[2026-05-08T20:47:48.366+0000] {logging_mixin.py:188} INFO - get_playlist_id will not be executed
[2026-05-08T20:47:48.372+0000] {processor.py:840} INFO - DAG(s) 'produce_json' retrieved from /opt/airflow/dags/main.py
[2026-05-08T20:47:48.397+0000] {logging_mixin.py:188} INFO - [2026-05-08T20:47:48.397+0000] {dag.py:3096} INFO - Sync 1 DAGs
[2026-05-08T20:47:48.413+0000] {logging_mixin.py:188} INFO - [2026-05-08T20:47:48.412+0000] {dag.py:3954} INFO - Setting next_dagrun for produce_json to 2026-05-08 19:00:00+00:00, run_after=2026-05-09 19:00:00+00:00
[2026-05-08T20:47:48.426+0000] {processor.py:183} INFO - Processing /opt/airflow/dags/main.py took 0.106 seconds
[2026-05-08T20:48:18.536+0000] {processor.py:161} INFO - Started process (PID=1134) to work on /opt/airflow/dags/main.py
[2026-05-08T20:48:18.537+0000] {processor.py:830} INFO - Processing file /opt/airflow/dags/main.py for tasks to queue
[2026-05-08T20:48:18.538+0000] {logging_mixin.py:188} INFO - [2026-05-08T20:48:18.538+0000] {dagbag.py:545} INFO - Filling up the DagBag from /opt/airflow/dags/main.py
[2026-05-08T20:48:18.579+0000] {logging_mixin.py:188} INFO - get_playlist_id will not be executed
[2026-05-08T20:48:18.586+0000] {processor.py:840} INFO - DAG(s) 'produce_json' retrieved from /opt/airflow/dags/main.py
[2026-05-08T20:48:18.612+0000] {logging_mixin.py:188} INFO - [2026-05-08T20:48:18.612+0000] {dag.py:3096} INFO - Sync 1 DAGs
[2026-05-08T20:48:18.628+0000] {logging_mixin.py:188} INFO - [2026-05-08T20:48:18.628+0000] {dag.py:3954} INFO - Setting next_dagrun for produce_json to 2026-05-08 19:00:00+00:00, run_after=2026-05-09 19:00:00+00:00
[2026-05-08T20:48:18.641+0000] {processor.py:183} INFO - Processing /opt/airflow/dags/main.py took 0.111 seconds
[2026-05-08T20:48:48.703+0000] {processor.py:161} INFO - Started process (PID=1142) to work on /opt/airflow/dags/main.py
[2026-05-08T20:48:48.704+0000] {processor.py:830} INFO - Processing file /opt/airflow/dags/main.py for tasks to queue
[2026-05-08T20:48:48.705+0000] {logging_mixin.py:188} INFO - [2026-05-08T20:48:48.704+0000] {dagbag.py:545} INFO - Filling up the DagBag from /opt/airflow/dags/main.py
[2026-05-08T20:48:48.749+0000] {logging_mixin.py:188} INFO - get_playlist_id will not be executed
[2026-05-08T20:48:48.756+0000] {processor.py:840} INFO - DAG(s) 'produce_json' retrieved from /opt/airflow/dags/main.py
[2026-05-08T20:48:48.781+0000] {logging_mixin.py:188} INFO - [2026-05-08T20:48:48.781+0000] {dag.py:3096} INFO - Sync 1 DAGs
[2026-05-08T20:48:48.796+0000] {logging_mixin.py:188} INFO - [2026-05-08T20:48:48.796+0000] {dag.py:3954} INFO - Setting next_dagrun for produce_json to 2026-05-08 19:00:00+00:00, run_after=2026-05-09 19:00:00+00:00
[2026-05-08T20:48:48.810+0000] {processor.py:183} INFO - Processing /opt/airflow/dags/main.py took 0.112 seconds
[2026-05-08T20:49:18.919+0000] {processor.py:161} INFO - Started process (PID=1149) to work on /opt/airflow/dags/main.py
[2026-05-08T20:49:18.920+0000] {processor.py:830} INFO - Processing file /opt/airflow/dags/main.py for tasks to queue
[2026-05-08T20:49:18.921+0000] {logging_mixin.py:188} INFO - [2026-05-08T20:49:18.921+0000] {dagbag.py:545} INFO - Filling up the DagBag from /opt/airflow/dags/main.py
[2026-05-08T20:49:18.958+0000] {logging_mixin.py:188} INFO - get_playlist_id will not be executed
[2026-05-08T20:49:18.963+0000] {processor.py:840} INFO - DAG(s) 'produce_json' retrieved from /opt/airflow/dags/main.py
[2026-05-08T20:49:18.986+0000] {logging_mixin.py:188} INFO - [2026-05-08T20:49:18.985+0000] {dag.py:3096} INFO - Sync 1 DAGs
[2026-05-08T20:49:19.000+0000] {logging_mixin.py:188} INFO - [2026-05-08T20:49:19.000+0000] {dag.py:3954} INFO - Setting next_dagrun for produce_json to 2026-05-08 19:00:00+00:00, run_after=2026-05-09 19:00:00+00:00
[2026-05-08T20:49:19.015+0000] {processor.py:183} INFO - Processing /opt/airflow/dags/main.py took 0.100 seconds
[2026-05-08T20:49:49.144+0000] {processor.py:161} INFO - Started process (PID=1156) to work on /opt/airflow/dags/main.py
[2026-05-08T20:49:49.145+0000] {processor.py:830} INFO - Processing file /opt/airflow/dags/main.py for tasks to queue
[2026-05-08T20:49:49.146+0000] {logging_mixin.py:188} INFO - [2026-05-08T20:49:49.146+0000] {dagbag.py:545} INFO - Filling up the DagBag from /opt/airflow/dags/main.py
[2026-05-08T20:49:49.188+0000] {logging_mixin.py:188} INFO - get_playlist_id will not be executed
[2026-05-08T20:49:49.195+0000] {processor.py:840} INFO - DAG(s) 'produce_json' retrieved from /opt/airflow/dags/main.py
[2026-05-08T20:49:49.220+0000] {logging_mixin.py:188} INFO - [2026-05-08T20:49:49.220+0000] {dag.py:3096} INFO - Sync 1 DAGs
[2026-05-08T20:49:49.236+0000] {logging_mixin.py:188} INFO - [2026-05-08T20:49:49.236+0000] {dag.py:3954} INFO - Setting next_dagrun for produce_json to 2026-05-08 19:00:00+00:00, run_after=2026-05-09 19:00:00+00:00
[2026-05-08T20:49:49.251+0000] {processor.py:183} INFO - Processing /opt/airflow/dags/main.py took 0.111 seconds
[2026-05-08T20:50:19.300+0000] {processor.py:161} INFO - Started process (PID=1163) to work on /opt/airflow/dags/main.py
[2026-05-08T20:50:19.301+0000] {processor.py:830} INFO - Processing file /opt/airflow/dags/main.py for tasks to queue
[2026-05-08T20:50:19.302+0000] {logging_mixin.py:188} INFO - [2026-05-08T20:50:19.302+0000] {dagbag.py:545} INFO - Filling up the DagBag from /opt/airflow/dags/main.py
[2026-05-08T20:50:19.346+0000] {logging_mixin.py:188} INFO - get_playlist_id will not be executed
[2026-05-08T20:50:19.353+0000] {processor.py:840} INFO - DAG(s) 'produce_json' retrieved from /opt/airflow/dags/main.py
[2026-05-08T20:50:19.383+0000] {logging_mixin.py:188} INFO - [2026-05-08T20:50:19.383+0000] {dag.py:3096} INFO - Sync 1 DAGs
[2026-05-08T20:50:19.399+0000] {logging_mixin.py:188} INFO - [2026-05-08T20:50:19.399+0000] {dag.py:3954} INFO - Setting next_dagrun for produce_json to 2026-05-08 19:00:00+00:00, run_after=2026-05-09 19:00:00+00:00
[2026-05-08T20:50:19.414+0000] {processor.py:183} INFO - Processing /opt/airflow/dags/main.py took 0.120 seconds
[2026-05-08T20:50:49.544+0000] {processor.py:161} INFO - Started process (PID=1170) to work on /opt/airflow/dags/main.py
[2026-05-08T20:50:49.545+0000] {processor.py:830} INFO - Processing file /opt/airflow/dags/main.py for tasks to queue
[2026-05-08T20:50:49.546+0000] {logging_mixin.py:188} INFO - [2026-05-08T20:50:49.545+0000] {dagbag.py:545} INFO - Filling up the DagBag from /opt/airflow/dags/main.py
[2026-05-08T20:50:49.587+0000] {logging_mixin.py:188} INFO - get_playlist_id will not be executed
[2026-05-08T20:50:49.593+0000] {processor.py:840} INFO - DAG(s) 'produce_json' retrieved from /opt/airflow/dags/main.py
[2026-05-08T20:50:49.620+0000] {logging_mixin.py:188} INFO - [2026-05-08T20:50:49.619+0000] {dag.py:3096} INFO - Sync 1 DAGs
[2026-05-08T20:50:49.636+0000] {logging_mixin.py:188} INFO - [2026-05-08T20:50:49.636+0000] {dag.py:3954} INFO - Setting next_dagrun for produce_json to 2026-05-08 19:00:00+00:00, run_after=2026-05-09 19:00:00+00:00
[2026-05-08T20:50:49.651+0000] {processor.py:183} INFO - Processing /opt/airflow/dags/main.py took 0.112 seconds
[2026-05-08T20:51:19.702+0000] {processor.py:161} INFO - Started process (PID=1177) to work on /opt/airflow/dags/main.py
[2026-05-08T20:51:19.703+0000] {processor.py:830} INFO - Processing file /opt/airflow/dags/main.py for tasks to queue
[2026-05-08T20:51:19.703+0000] {logging_mixin.py:188} INFO - [2026-05-08T20:51:19.703+0000] {dagbag.py:545} INFO - Filling up the DagBag from /opt/airflow/dags/main.py
[2026-05-08T20:51:19.741+0000] {logging_mixin.py:188} INFO - get_playlist_id will not be executed
[2026-05-08T20:51:19.748+0000] {processor.py:840} INFO - DAG(s) 'produce_json' retrieved from /opt/airflow/dags/main.py
[2026-05-08T20:51:19.774+0000] {logging_mixin.py:188} INFO - [2026-05-08T20:51:19.774+0000] {dag.py:3096} INFO - Sync 1 DAGs
[2026-05-08T20:51:19.790+0000] {logging_mixin.py:188} INFO - [2026-05-08T20:51:19.790+0000] {dag.py:3954} INFO - Setting next_dagrun for produce_json to 2026-05-08 19:00:00+00:00, run_after=2026-05-09 19:00:00+00:00
[2026-05-08T20:51:19.803+0000] {processor.py:183} INFO - Processing /opt/airflow/dags/main.py took 0.107 seconds
[2026-05-08T20:51:49.931+0000] {processor.py:161} INFO - Started process (PID=1184) to work on /opt/airflow/dags/main.py
[2026-05-08T20:51:49.932+0000] {processor.py:830} INFO - Processing file /opt/airflow/dags/main.py for tasks to queue
[2026-05-08T20:51:49.933+0000] {logging_mixin.py:188} INFO - [2026-05-08T20:51:49.932+0000] {dagbag.py:545} INFO - Filling up the DagBag from /opt/airflow/dags/main.py
[2026-05-08T20:51:49.970+0000] {logging_mixin.py:188} INFO - get_playlist_id will not be executed
[2026-05-08T20:51:49.978+0000] {processor.py:840} INFO - DAG(s) 'produce_json' retrieved from /opt/airflow/dags/main.py
[2026-05-08T20:51:50.008+0000] {logging_mixin.py:188} INFO - [2026-05-08T20:51:50.008+0000] {dag.py:3096} INFO - Sync 1 DAGs
[2026-05-08T20:51:50.028+0000] {logging_mixin.py:188} INFO - [2026-05-08T20:51:50.028+0000] {dag.py:3954} INFO - Setting next_dagrun for produce_json to 2026-05-08 19:00:00+00:00, run_after=2026-05-09 19:00:00+00:00
[2026-05-08T20:51:50.044+0000] {processor.py:183} INFO - Processing /opt/airflow/dags/main.py took 0.118 seconds
[2026-05-08T20:52:20.187+0000] {processor.py:161} INFO - Started process (PID=1192) to work on /opt/airflow/dags/main.py
[2026-05-08T20:52:20.188+0000] {processor.py:830} INFO - Processing file /opt/airflow/dags/main.py for tasks to queue
[2026-05-08T20:52:20.189+0000] {logging_mixin.py:188} INFO - [2026-05-08T20:52:20.189+0000] {dagbag.py:545} INFO - Filling up the DagBag from /opt/airflow/dags/main.py
[2026-05-08T20:52:20.229+0000] {logging_mixin.py:188} INFO - get_playlist_id will not be executed
[2026-05-08T20:52:20.235+0000] {processor.py:840} INFO - DAG(s) 'produce_json' retrieved from /opt/airflow/dags/main.py
[2026-05-08T20:52:20.264+0000] {logging_mixin.py:188} INFO - [2026-05-08T20:52:20.264+0000] {dag.py:3096} INFO - Sync 1 DAGs
[2026-05-08T20:52:20.283+0000] {logging_mixin.py:188} INFO - [2026-05-08T20:52:20.283+0000] {dag.py:3954} INFO - Setting next_dagrun for produce_json to 2026-05-08 19:00:00+00:00, run_after=2026-05-09 19:00:00+00:00
[2026-05-08T20:52:20.298+0000] {processor.py:183} INFO - Processing /opt/airflow/dags/main.py took 0.116 seconds
[2026-05-08T20:52:50.443+0000] {processor.py:161} INFO - Started process (PID=1199) to work on /opt/airflow/dags/main.py
[2026-05-08T20:52:50.444+0000] {processor.py:830} INFO - Processing file /opt/airflow/dags/main.py for tasks to queue
[2026-05-08T20:52:50.444+0000] {logging_mixin.py:188} INFO - [2026-05-08T20:52:50.444+0000] {dagbag.py:545} INFO - Filling up the DagBag from /opt/airflow/dags/main.py
[2026-05-08T20:52:50.479+0000] {logging_mixin.py:188} INFO - get_playlist_id will not be executed
[2026-05-08T20:52:50.485+0000] {processor.py:840} INFO - DAG(s) 'produce_json' retrieved from /opt/airflow/dags/main.py
[2026-05-08T20:52:50.520+0000] {logging_mixin.py:188} INFO - [2026-05-08T20:52:50.519+0000] {dag.py:3096} INFO - Sync 1 DAGs
[2026-05-08T20:52:50.538+0000] {logging_mixin.py:188} INFO - [2026-05-08T20:52:50.538+0000] {dag.py:3954} INFO - Setting next_dagrun for produce_json to 2026-05-08 19:00:00+00:00, run_after=2026-05-09 19:00:00+00:00
[2026-05-08T20:52:50.554+0000] {processor.py:183} INFO - Processing /opt/airflow/dags/main.py took 0.117 seconds
[2026-05-08T20:53:20.703+0000] {processor.py:161} INFO - Started process (PID=1206) to work on /opt/airflow/dags/main.py
[2026-05-08T20:53:20.703+0000] {processor.py:830} INFO - Processing file /opt/airflow/dags/main.py for tasks to queue
[2026-05-08T20:53:20.704+0000] {logging_mixin.py:188} INFO - [2026-05-08T20:53:20.704+0000] {dagbag.py:545} INFO - Filling up the DagBag from /opt/airflow/dags/main.py
[2026-05-08T20:53:20.740+0000] {logging_mixin.py:188} INFO - get_playlist_id will not be executed
[2026-05-08T20:53:20.745+0000] {processor.py:840} INFO - DAG(s) 'produce_json' retrieved from /opt/airflow/dags/main.py
[2026-05-08T20:53:20.776+0000] {logging_mixin.py:188} INFO - [2026-05-08T20:53:20.776+0000] {dag.py:3096} INFO - Sync 1 DAGs
[2026-05-08T20:53:20.795+0000] {logging_mixin.py:188} INFO - [2026-05-08T20:53:20.795+0000] {dag.py:3954} INFO - Setting next_dagrun for produce_json to 2026-05-08 19:00:00+00:00, run_after=2026-05-09 19:00:00+00:00
[2026-05-08T20:53:20.811+0000] {processor.py:183} INFO - Processing /opt/airflow/dags/main.py took 0.115 seconds
[2026-05-08T20:53:50.858+0000] {processor.py:161} INFO - Started process (PID=1213) to work on /opt/airflow/dags/main.py
[2026-05-08T20:53:50.859+0000] {processor.py:830} INFO - Processing file /opt/airflow/dags/main.py for tasks to queue
[2026-05-08T20:53:50.860+0000] {logging_mixin.py:188} INFO - [2026-05-08T20:53:50.860+0000] {dagbag.py:545} INFO - Filling up the DagBag from /opt/airflow/dags/main.py
[2026-05-08T20:53:50.902+0000] {logging_mixin.py:188} INFO - get_playlist_id will not be executed
[2026-05-08T20:53:50.907+0000] {processor.py:840} INFO - DAG(s) 'produce_json' retrieved from /opt/airflow/dags/main.py
[2026-05-08T20:53:50.929+0000] {logging_mixin.py:188} INFO - [2026-05-08T20:53:50.929+0000] {dag.py:3096} INFO - Sync 1 DAGs
[2026-05-08T20:53:50.945+0000] {logging_mixin.py:188} INFO - [2026-05-08T20:53:50.945+0000] {dag.py:3954} INFO - Setting next_dagrun for produce_json to 2026-05-08 19:00:00+00:00, run_after=2026-05-09 19:00:00+00:00
[2026-05-08T20:53:50.959+0000] {processor.py:183} INFO - Processing /opt/airflow/dags/main.py took 0.107 seconds
[2026-05-08T20:54:21.107+0000] {processor.py:161} INFO - Started process (PID=1220) to work on /opt/airflow/dags/main.py
[2026-05-08T20:54:21.108+0000] {processor.py:830} INFO - Processing file /opt/airflow/dags/main.py for tasks to queue
[2026-05-08T20:54:21.109+0000] {logging_mixin.py:188} INFO - [2026-05-08T20:54:21.108+0000] {dagbag.py:545} INFO - Filling up the DagBag from /opt/airflow/dags/main.py
[2026-05-08T20:54:21.150+0000] {logging_mixin.py:188} INFO - get_playlist_id will not be executed
[2026-05-08T20:54:21.155+0000] {processor.py:840} INFO - DAG(s) 'produce_json' retrieved from /opt/airflow/dags/main.py
[2026-05-08T20:54:21.189+0000] {logging_mixin.py:188} INFO - [2026-05-08T20:54:21.189+0000] {dag.py:3096} INFO - Sync 1 DAGs
[2026-05-08T20:54:21.208+0000] {logging_mixin.py:188} INFO - [2026-05-08T20:54:21.207+0000] {dag.py:3954} INFO - Setting next_dagrun for produce_json to 2026-05-08 19:00:00+00:00, run_after=2026-05-09 19:00:00+00:00
[2026-05-08T20:54:21.222+0000] {processor.py:183} INFO - Processing /opt/airflow/dags/main.py took 0.121 seconds
[2026-05-08T20:54:51.329+0000] {processor.py:161} INFO - Started process (PID=1227) to work on /opt/airflow/dags/main.py
[2026-05-08T20:54:51.330+0000] {processor.py:830} INFO - Processing file /opt/airflow/dags/main.py for tasks to queue
[2026-05-08T20:54:51.331+0000] {logging_mixin.py:188} INFO - [2026-05-08T20:54:51.331+0000] {dagbag.py:545} INFO - Filling up the DagBag from /opt/airflow/dags/main.py
[2026-05-08T20:54:51.373+0000] {logging_mixin.py:188} INFO - get_playlist_id will not be executed
[2026-05-08T20:54:51.379+0000] {processor.py:840} INFO - DAG(s) 'produce_json' retrieved from /opt/airflow/dags/main.py
[2026-05-08T20:54:51.407+0000] {logging_mixin.py:188} INFO - [2026-05-08T20:54:51.407+0000] {dag.py:3096} INFO - Sync 1 DAGs
[2026-05-08T20:54:51.423+0000] {logging_mixin.py:188} INFO - [2026-05-08T20:54:51.423+0000] {dag.py:3954} INFO - Setting next_dagrun for produce_json to 2026-05-08 19:00:00+00:00, run_after=2026-05-09 19:00:00+00:00
[2026-05-08T20:54:51.438+0000] {processor.py:183} INFO - Processing /opt/airflow/dags/main.py took 0.114 seconds
[2026-05-08T20:55:21.504+0000] {processor.py:161} INFO - Started process (PID=1234) to work on /opt/airflow/dags/main.py
[2026-05-08T20:55:21.505+0000] {processor.py:830} INFO - Processing file /opt/airflow/dags/main.py for tasks to queue
[2026-05-08T20:55:21.506+0000] {logging_mixin.py:188} INFO - [2026-05-08T20:55:21.506+0000] {dagbag.py:545} INFO - Filling up the DagBag from /opt/airflow/dags/main.py
[2026-05-08T20:55:21.551+0000] {logging_mixin.py:188} INFO - get_playlist_id will not be executed
[2026-05-08T20:55:21.555+0000] {processor.py:840} INFO - DAG(s) 'produce_json' retrieved from /opt/airflow/dags/main.py
[2026-05-08T20:55:21.582+0000] {logging_mixin.py:188} INFO - [2026-05-08T20:55:21.581+0000] {dag.py:3096} INFO - Sync 1 DAGs
[2026-05-08T20:55:21.598+0000] {logging_mixin.py:188} INFO - [2026-05-08T20:55:21.598+0000] {dag.py:3954} INFO - Setting next_dagrun for produce_json to 2026-05-08 19:00:00+00:00, run_after=2026-05-09 19:00:00+00:00
[2026-05-08T20:55:21.612+0000] {processor.py:183} INFO - Processing /opt/airflow/dags/main.py took 0.112 seconds
[2026-05-08T20:55:51.707+0000] {processor.py:161} INFO - Started process (PID=1241) to work on /opt/airflow/dags/main.py
[2026-05-08T20:55:51.707+0000] {processor.py:830} INFO - Processing file /opt/airflow/dags/main.py for tasks to queue
[2026-05-08T20:55:51.708+0000] {logging_mixin.py:188} INFO - [2026-05-08T20:55:51.708+0000] {dagbag.py:545} INFO - Filling up the DagBag from /opt/airflow/dags/main.py
[2026-05-08T20:55:51.751+0000] {logging_mixin.py:188} INFO - get_playlist_id will not be executed
[2026-05-08T20:55:51.757+0000] {processor.py:840} INFO - DAG(s) 'produce_json' retrieved from /opt/airflow/dags/main.py
[2026-05-08T20:55:51.783+0000] {logging_mixin.py:188} INFO - [2026-05-08T20:55:51.782+0000] {dag.py:3096} INFO - Sync 1 DAGs
[2026-05-08T20:55:51.800+0000] {logging_mixin.py:188} INFO - [2026-05-08T20:55:51.799+0000] {dag.py:3954} INFO - Setting next_dagrun for produce_json to 2026-05-08 19:00:00+00:00, run_after=2026-05-09 19:00:00+00:00
[2026-05-08T20:55:51.816+0000] {processor.py:183} INFO - Processing /opt/airflow/dags/main.py took 0.116 seconds
[2026-05-08T20:56:21.891+0000] {processor.py:161} INFO - Started process (PID=1248) to work on /opt/airflow/dags/main.py
[2026-05-08T20:56:21.892+0000] {processor.py:830} INFO - Processing file /opt/airflow/dags/main.py for tasks to queue
[2026-05-08T20:56:21.893+0000] {logging_mixin.py:188} INFO - [2026-05-08T20:56:21.893+0000] {dagbag.py:545} INFO - Filling up the DagBag from /opt/airflow/dags/main.py
[2026-05-08T20:56:21.932+0000] {logging_mixin.py:188} INFO - get_playlist_id will not be executed
[2026-05-08T20:56:21.937+0000] {processor.py:840} INFO - DAG(s) 'produce_json' retrieved from /opt/airflow/dags/main.py
[2026-05-08T20:56:21.963+0000] {logging_mixin.py:188} INFO - [2026-05-08T20:56:21.962+0000] {dag.py:3096} INFO - Sync 1 DAGs
[2026-05-08T20:56:21.977+0000] {logging_mixin.py:188} INFO - [2026-05-08T20:56:21.977+0000] {dag.py:3954} INFO - Setting next_dagrun for produce_json to 2026-05-08 19:00:00+00:00, run_after=2026-05-09 19:00:00+00:00
[2026-05-08T20:56:21.991+0000] {processor.py:183} INFO - Processing /opt/airflow/dags/main.py took 0.104 seconds
[2026-05-08T20:56:52.091+0000] {processor.py:161} INFO - Started process (PID=1255) to work on /opt/airflow/dags/main.py
[2026-05-08T20:56:52.092+0000] {processor.py:830} INFO - Processing file /opt/airflow/dags/main.py for tasks to queue
[2026-05-08T20:56:52.093+0000] {logging_mixin.py:188} INFO - [2026-05-08T20:56:52.092+0000] {dagbag.py:545} INFO - Filling up the DagBag from /opt/airflow/dags/main.py
[2026-05-08T20:56:52.133+0000] {logging_mixin.py:188} INFO - get_playlist_id will not be executed
[2026-05-08T20:56:52.139+0000] {processor.py:840} INFO - DAG(s) 'produce_json' retrieved from /opt/airflow/dags/main.py
[2026-05-08T20:56:52.164+0000] {logging_mixin.py:188} INFO - [2026-05-08T20:56:52.164+0000] {dag.py:3096} INFO - Sync 1 DAGs
[2026-05-08T20:56:52.181+0000] {logging_mixin.py:188} INFO - [2026-05-08T20:56:52.180+0000] {dag.py:3954} INFO - Setting next_dagrun for produce_json to 2026-05-08 19:00:00+00:00, run_after=2026-05-09 19:00:00+00:00
[2026-05-08T20:56:52.195+0000] {processor.py:183} INFO - Processing /opt/airflow/dags/main.py took 0.112 seconds
[2026-05-08T20:57:22.261+0000] {processor.py:161} INFO - Started process (PID=1262) to work on /opt/airflow/dags/main.py
[2026-05-08T20:57:22.262+0000] {processor.py:830} INFO - Processing file /opt/airflow/dags/main.py for tasks to queue
[2026-05-08T20:57:22.263+0000] {logging_mixin.py:188} INFO - [2026-05-08T20:57:22.263+0000] {dagbag.py:545} INFO - Filling up the DagBag from /opt/airflow/dags/main.py
[2026-05-08T20:57:22.303+0000] {logging_mixin.py:188} INFO - get_playlist_id will not be executed
[2026-05-08T20:57:22.308+0000] {processor.py:840} INFO - DAG(s) 'produce_json' retrieved from /opt/airflow/dags/main.py
[2026-05-08T20:57:22.331+0000] {logging_mixin.py:188} INFO - [2026-05-08T20:57:22.330+0000] {dag.py:3096} INFO - Sync 1 DAGs
[2026-05-08T20:57:22.347+0000] {logging_mixin.py:188} INFO - [2026-05-08T20:57:22.347+0000] {dag.py:3954} INFO - Setting next_dagrun for produce_json to 2026-05-08 19:00:00+00:00, run_after=2026-05-09 19:00:00+00:00
[2026-05-08T20:57:22.365+0000] {processor.py:183} INFO - Processing /opt/airflow/dags/main.py took 0.110 seconds
[2026-05-08T20:57:52.469+0000] {processor.py:161} INFO - Started process (PID=1269) to work on /opt/airflow/dags/main.py
[2026-05-08T20:57:52.471+0000] {processor.py:830} INFO - Processing file /opt/airflow/dags/main.py for tasks to queue
[2026-05-08T20:57:52.473+0000] {logging_mixin.py:188} INFO - [2026-05-08T20:57:52.473+0000] {dagbag.py:545} INFO - Filling up the DagBag from /opt/airflow/dags/main.py
[2026-05-08T20:57:52.514+0000] {logging_mixin.py:188} INFO - get_playlist_id will not be executed
[2026-05-08T20:57:52.522+0000] {processor.py:840} INFO - DAG(s) 'produce_json' retrieved from /opt/airflow/dags/main.py
[2026-05-08T20:57:52.551+0000] {logging_mixin.py:188} INFO - [2026-05-08T20:57:52.550+0000] {dag.py:3096} INFO - Sync 1 DAGs
[2026-05-08T20:57:52.570+0000] {logging_mixin.py:188} INFO - [2026-05-08T20:57:52.570+0000] {dag.py:3954} INFO - Setting next_dagrun for produce_json to 2026-05-08 19:00:00+00:00, run_after=2026-05-09 19:00:00+00:00
[2026-05-08T20:57:52.586+0000] {processor.py:183} INFO - Processing /opt/airflow/dags/main.py took 0.123 seconds
[2026-05-08T20:58:22.624+0000] {processor.py:161} INFO - Started process (PID=1276) to work on /opt/airflow/dags/main.py
[2026-05-08T20:58:22.625+0000] {processor.py:830} INFO - Processing file /opt/airflow/dags/main.py for tasks to queue
[2026-05-08T20:58:22.626+0000] {logging_mixin.py:188} INFO - [2026-05-08T20:58:22.625+0000] {dagbag.py:545} INFO - Filling up the DagBag from /opt/airflow/dags/main.py
[2026-05-08T20:58:22.661+0000] {logging_mixin.py:188} INFO - get_playlist_id will not be executed
[2026-05-08T20:58:22.669+0000] {processor.py:840} INFO - DAG(s) 'produce_json' retrieved from /opt/airflow/dags/main.py
[2026-05-08T20:58:22.697+0000] {logging_mixin.py:188} INFO - [2026-05-08T20:58:22.697+0000] {dag.py:3096} INFO - Sync 1 DAGs
[2026-05-08T20:58:22.717+0000] {logging_mixin.py:188} INFO - [2026-05-08T20:58:22.716+0000] {dag.py:3954} INFO - Setting next_dagrun for produce_json to 2026-05-08 19:00:00+00:00, run_after=2026-05-09 19:00:00+00:00
[2026-05-08T20:58:22.733+0000] {processor.py:183} INFO - Processing /opt/airflow/dags/main.py took 0.114 seconds
[2026-05-08T20:58:52.862+0000] {processor.py:161} INFO - Started process (PID=1283) to work on /opt/airflow/dags/main.py
[2026-05-08T20:58:52.863+0000] {processor.py:830} INFO - Processing file /opt/airflow/dags/main.py for tasks to queue
[2026-05-08T20:58:52.864+0000] {logging_mixin.py:188} INFO - [2026-05-08T20:58:52.863+0000] {dagbag.py:545} INFO - Filling up the DagBag from /opt/airflow/dags/main.py
[2026-05-08T20:58:52.917+0000] {logging_mixin.py:188} INFO - get_playlist_id will not be executed
[2026-05-08T20:58:52.925+0000] {processor.py:840} INFO - DAG(s) 'produce_json' retrieved from /opt/airflow/dags/main.py
[2026-05-08T20:58:52.967+0000] {logging_mixin.py:188} INFO - [2026-05-08T20:58:52.967+0000] {dag.py:3096} INFO - Sync 1 DAGs
[2026-05-08T20:58:52.985+0000] {logging_mixin.py:188} INFO - [2026-05-08T20:58:52.985+0000] {dag.py:3954} INFO - Setting next_dagrun for produce_json to 2026-05-08 19:00:00+00:00, run_after=2026-05-09 19:00:00+00:00
[2026-05-08T20:58:53.001+0000] {processor.py:183} INFO - Processing /opt/airflow/dags/main.py took 0.143 seconds
[2026-05-08T20:59:23.152+0000] {processor.py:161} INFO - Started process (PID=1290) to work on /opt/airflow/dags/main.py
[2026-05-08T20:59:23.153+0000] {processor.py:830} INFO - Processing file /opt/airflow/dags/main.py for tasks to queue
[2026-05-08T20:59:23.154+0000] {logging_mixin.py:188} INFO - [2026-05-08T20:59:23.154+0000] {dagbag.py:545} INFO - Filling up the DagBag from /opt/airflow/dags/main.py
[2026-05-08T20:59:23.194+0000] {logging_mixin.py:188} INFO - get_playlist_id will not be executed
[2026-05-08T20:59:23.200+0000] {processor.py:840} INFO - DAG(s) 'produce_json' retrieved from /opt/airflow/dags/main.py
[2026-05-08T20:59:23.229+0000] {logging_mixin.py:188} INFO - [2026-05-08T20:59:23.228+0000] {dag.py:3096} INFO - Sync 1 DAGs
[2026-05-08T20:59:23.245+0000] {logging_mixin.py:188} INFO - [2026-05-08T20:59:23.245+0000] {dag.py:3954} INFO - Setting next_dagrun for produce_json to 2026-05-08 19:00:00+00:00, run_after=2026-05-09 19:00:00+00:00
[2026-05-08T20:59:23.266+0000] {processor.py:183} INFO - Processing /opt/airflow/dags/main.py took 0.119 seconds
[2026-05-08T20:59:53.386+0000] {processor.py:161} INFO - Started process (PID=1298) to work on /opt/airflow/dags/main.py
[2026-05-08T20:59:53.388+0000] {processor.py:830} INFO - Processing file /opt/airflow/dags/main.py for tasks to queue
[2026-05-08T20:59:53.388+0000] {logging_mixin.py:188} INFO - [2026-05-08T20:59:53.388+0000] {dagbag.py:545} INFO - Filling up the DagBag from /opt/airflow/dags/main.py
[2026-05-08T20:59:53.432+0000] {logging_mixin.py:188} INFO - get_playlist_id will not be executed
[2026-05-08T20:59:53.439+0000] {processor.py:840} INFO - DAG(s) 'produce_json' retrieved from /opt/airflow/dags/main.py
[2026-05-08T20:59:53.466+0000] {logging_mixin.py:188} INFO - [2026-05-08T20:59:53.466+0000] {dag.py:3096} INFO - Sync 1 DAGs
[2026-05-08T20:59:53.482+0000] {logging_mixin.py:188} INFO - [2026-05-08T20:59:53.482+0000] {dag.py:3954} INFO - Setting next_dagrun for produce_json to 2026-05-08 19:00:00+00:00, run_after=2026-05-09 19:00:00+00:00
[2026-05-08T20:59:53.496+0000] {processor.py:183} INFO - Processing /opt/airflow/dags/main.py took 0.115 seconds
[2026-05-08T21:00:23.565+0000] {processor.py:161} INFO - Started process (PID=1305) to work on /opt/airflow/dags/main.py
[2026-05-08T21:00:23.567+0000] {processor.py:830} INFO - Processing file /opt/airflow/dags/main.py for tasks to queue
[2026-05-08T21:00:23.568+0000] {logging_mixin.py:188} INFO - [2026-05-08T21:00:23.567+0000] {dagbag.py:545} INFO - Filling up the DagBag from /opt/airflow/dags/main.py
[2026-05-08T21:00:23.609+0000] {logging_mixin.py:188} INFO - get_playlist_id will not be executed
[2026-05-08T21:00:23.615+0000] {processor.py:840} INFO - DAG(s) 'produce_json' retrieved from /opt/airflow/dags/main.py
[2026-05-08T21:00:23.640+0000] {logging_mixin.py:188} INFO - [2026-05-08T21:00:23.640+0000] {dag.py:3096} INFO - Sync 1 DAGs
[2026-05-08T21:00:23.656+0000] {logging_mixin.py:188} INFO - [2026-05-08T21:00:23.656+0000] {dag.py:3954} INFO - Setting next_dagrun for produce_json to 2026-05-08 19:00:00+00:00, run_after=2026-05-09 19:00:00+00:00
[2026-05-08T21:00:23.672+0000] {processor.py:183} INFO - Processing /opt/airflow/dags/main.py took 0.112 seconds
[2026-05-08T21:00:53.784+0000] {processor.py:161} INFO - Started process (PID=1312) to work on /opt/airflow/dags/main.py
[2026-05-08T21:00:53.786+0000] {processor.py:830} INFO - Processing file /opt/airflow/dags/main.py for tasks to queue
[2026-05-08T21:00:53.786+0000] {logging_mixin.py:188} INFO - [2026-05-08T21:00:53.786+0000] {dagbag.py:545} INFO - Filling up the DagBag from /opt/airflow/dags/main.py
[2026-05-08T21:00:53.829+0000] {logging_mixin.py:188} INFO - get_playlist_id will not be executed
[2026-05-08T21:00:53.835+0000] {processor.py:840} INFO - DAG(s) 'produce_json' retrieved from /opt/airflow/dags/main.py
[2026-05-08T21:00:53.861+0000] {logging_mixin.py:188} INFO - [2026-05-08T21:00:53.861+0000] {dag.py:3096} INFO - Sync 1 DAGs
[2026-05-08T21:00:53.897+0000] {logging_mixin.py:188} INFO - [2026-05-08T21:00:53.897+0000] {dag.py:3954} INFO - Setting next_dagrun for produce_json to 2026-05-08 19:00:00+00:00, run_after=2026-05-09 19:00:00+00:00
[2026-05-08T21:00:53.921+0000] {processor.py:183} INFO - Processing /opt/airflow/dags/main.py took 0.145 seconds
[2026-05-08T21:01:24.073+0000] {processor.py:161} INFO - Started process (PID=1319) to work on /opt/airflow/dags/main.py
[2026-05-08T21:01:24.074+0000] {processor.py:830} INFO - Processing file /opt/airflow/dags/main.py for tasks to queue
[2026-05-08T21:01:24.074+0000] {logging_mixin.py:188} INFO - [2026-05-08T21:01:24.074+0000] {dagbag.py:545} INFO - Filling up the DagBag from /opt/airflow/dags/main.py
[2026-05-08T21:01:24.113+0000] {logging_mixin.py:188} INFO - get_playlist_id will not be executed
[2026-05-08T21:01:24.120+0000] {processor.py:840} INFO - DAG(s) 'produce_json' retrieved from /opt/airflow/dags/main.py
[2026-05-08T21:01:24.144+0000] {logging_mixin.py:188} INFO - [2026-05-08T21:01:24.144+0000] {dag.py:3096} INFO - Sync 1 DAGs
[2026-05-08T21:01:24.163+0000] {logging_mixin.py:188} INFO - [2026-05-08T21:01:24.163+0000] {dag.py:3954} INFO - Setting next_dagrun for produce_json to 2026-05-08 19:00:00+00:00, run_after=2026-05-09 19:00:00+00:00
[2026-05-08T21:01:24.179+0000] {processor.py:183} INFO - Processing /opt/airflow/dags/main.py took 0.113 seconds
[2026-05-08T21:01:54.322+0000] {processor.py:161} INFO - Started process (PID=1326) to work on /opt/airflow/dags/main.py
[2026-05-08T21:01:54.323+0000] {processor.py:830} INFO - Processing file /opt/airflow/dags/main.py for tasks to queue
[2026-05-08T21:01:54.323+0000] {logging_mixin.py:188} INFO - [2026-05-08T21:01:54.323+0000] {dagbag.py:545} INFO - Filling up the DagBag from /opt/airflow/dags/main.py
[2026-05-08T21:01:54.367+0000] {logging_mixin.py:188} INFO - get_playlist_id will not be executed
[2026-05-08T21:01:54.373+0000] {processor.py:840} INFO - DAG(s) 'produce_json' retrieved from /opt/airflow/dags/main.py
[2026-05-08T21:01:54.400+0000] {logging_mixin.py:188} INFO - [2026-05-08T21:01:54.400+0000] {dag.py:3096} INFO - Sync 1 DAGs
[2026-05-08T21:01:54.415+0000] {logging_mixin.py:188} INFO - [2026-05-08T21:01:54.415+0000] {dag.py:3954} INFO - Setting next_dagrun for produce_json to 2026-05-08 19:00:00+00:00, run_after=2026-05-09 19:00:00+00:00
[2026-05-08T21:01:54.429+0000] {processor.py:183} INFO - Processing /opt/airflow/dags/main.py took 0.113 seconds
[2026-05-08T21:02:24.470+0000] {processor.py:161} INFO - Started process (PID=1333) to work on /opt/airflow/dags/main.py
[2026-05-08T21:02:24.471+0000] {processor.py:830} INFO - Processing file /opt/airflow/dags/main.py for tasks to queue
[2026-05-08T21:02:24.472+0000] {logging_mixin.py:188} INFO - [2026-05-08T21:02:24.472+0000] {dagbag.py:545} INFO - Filling up the DagBag from /opt/airflow/dags/main.py
[2026-05-08T21:02:24.511+0000] {logging_mixin.py:188} INFO - get_playlist_id will not be executed
[2026-05-08T21:02:24.516+0000] {processor.py:840} INFO - DAG(s) 'produce_json' retrieved from /opt/airflow/dags/main.py
[2026-05-08T21:02:24.542+0000] {logging_mixin.py:188} INFO - [2026-05-08T21:02:24.542+0000] {dag.py:3096} INFO - Sync 1 DAGs
[2026-05-08T21:02:24.557+0000] {logging_mixin.py:188} INFO - [2026-05-08T21:02:24.557+0000] {dag.py:3954} INFO - Setting next_dagrun for produce_json to 2026-05-08 19:00:00+00:00, run_after=2026-05-09 19:00:00+00:00
[2026-05-08T21:02:24.572+0000] {processor.py:183} INFO - Processing /opt/airflow/dags/main.py took 0.110 seconds
[2026-05-08T21:02:54.708+0000] {processor.py:161} INFO - Started process (PID=1340) to work on /opt/airflow/dags/main.py
[2026-05-08T21:02:54.709+0000] {processor.py:830} INFO - Processing file /opt/airflow/dags/main.py for tasks to queue
[2026-05-08T21:02:54.710+0000] {logging_mixin.py:188} INFO - [2026-05-08T21:02:54.709+0000] {dagbag.py:545} INFO - Filling up the DagBag from /opt/airflow/dags/main.py
[2026-05-08T21:02:54.749+0000] {logging_mixin.py:188} INFO - get_playlist_id will not be executed
[2026-05-08T21:02:54.755+0000] {processor.py:840} INFO - DAG(s) 'produce_json' retrieved from /opt/airflow/dags/main.py
[2026-05-08T21:02:54.778+0000] {logging_mixin.py:188} INFO - [2026-05-08T21:02:54.778+0000] {dag.py:3096} INFO - Sync 1 DAGs
[2026-05-08T21:02:54.797+0000] {logging_mixin.py:188} INFO - [2026-05-08T21:02:54.797+0000] {dag.py:3954} INFO - Setting next_dagrun for produce_json to 2026-05-08 19:00:00+00:00, run_after=2026-05-09 19:00:00+00:00
[2026-05-08T21:02:54.811+0000] {processor.py:183} INFO - Processing /opt/airflow/dags/main.py took 0.108 seconds
[2026-05-08T21:03:24.857+0000] {processor.py:161} INFO - Started process (PID=1347) to work on /opt/airflow/dags/main.py
[2026-05-08T21:03:24.858+0000] {processor.py:830} INFO - Processing file /opt/airflow/dags/main.py for tasks to queue
[2026-05-08T21:03:24.859+0000] {logging_mixin.py:188} INFO - [2026-05-08T21:03:24.858+0000] {dagbag.py:545} INFO - Filling up the DagBag from /opt/airflow/dags/main.py
[2026-05-08T21:03:24.904+0000] {logging_mixin.py:188} INFO - get_playlist_id will not be executed
[2026-05-08T21:03:24.909+0000] {processor.py:840} INFO - DAG(s) 'produce_json' retrieved from /opt/airflow/dags/main.py
[2026-05-08T21:03:24.939+0000] {logging_mixin.py:188} INFO - [2026-05-08T21:03:24.939+0000] {dag.py:3096} INFO - Sync 1 DAGs
[2026-05-08T21:03:24.956+0000] {logging_mixin.py:188} INFO - [2026-05-08T21:03:24.956+0000] {dag.py:3954} INFO - Setting next_dagrun for produce_json to 2026-05-08 19:00:00+00:00, run_after=2026-05-09 19:00:00+00:00
[2026-05-08T21:03:24.976+0000] {processor.py:183} INFO - Processing /opt/airflow/dags/main.py took 0.125 seconds
[2026-05-08T21:03:55.085+0000] {processor.py:161} INFO - Started process (PID=1354) to work on /opt/airflow/dags/main.py
[2026-05-08T21:03:55.086+0000] {processor.py:830} INFO - Processing file /opt/airflow/dags/main.py for tasks to queue
[2026-05-08T21:03:55.087+0000] {logging_mixin.py:188} INFO - [2026-05-08T21:03:55.087+0000] {dagbag.py:545} INFO - Filling up the DagBag from /opt/airflow/dags/main.py
[2026-05-08T21:03:55.137+0000] {logging_mixin.py:188} INFO - get_playlist_id will not be executed
[2026-05-08T21:03:55.146+0000] {processor.py:840} INFO - DAG(s) 'produce_json' retrieved from /opt/airflow/dags/main.py
[2026-05-08T21:03:55.178+0000] {logging_mixin.py:188} INFO - [2026-05-08T21:03:55.178+0000] {dag.py:3096} INFO - Sync 1 DAGs
[2026-05-08T21:03:55.199+0000] {logging_mixin.py:188} INFO - [2026-05-08T21:03:55.199+0000] {dag.py:3954} INFO - Setting next_dagrun for produce_json to 2026-05-08 19:00:00+00:00, run_after=2026-05-09 19:00:00+00:00
[2026-05-08T21:03:55.215+0000] {processor.py:183} INFO - Processing /opt/airflow/dags/main.py took 0.138 seconds
[2026-05-08T21:04:25.257+0000] {processor.py:161} INFO - Started process (PID=1361) to work on /opt/airflow/dags/main.py
[2026-05-08T21:04:25.258+0000] {processor.py:830} INFO - Processing file /opt/airflow/dags/main.py for tasks to queue
[2026-05-08T21:04:25.259+0000] {logging_mixin.py:188} INFO - [2026-05-08T21:04:25.259+0000] {dagbag.py:545} INFO - Filling up the DagBag from /opt/airflow/dags/main.py
[2026-05-08T21:04:25.305+0000] {logging_mixin.py:188} INFO - get_playlist_id will not be executed
[2026-05-08T21:04:25.310+0000] {processor.py:840} INFO - DAG(s) 'produce_json' retrieved from /opt/airflow/dags/main.py
[2026-05-08T21:04:25.339+0000] {logging_mixin.py:188} INFO - [2026-05-08T21:04:25.339+0000] {dag.py:3096} INFO - Sync 1 DAGs
[2026-05-08T21:04:25.356+0000] {logging_mixin.py:188} INFO - [2026-05-08T21:04:25.356+0000] {dag.py:3954} INFO - Setting next_dagrun for produce_json to 2026-05-08 19:00:00+00:00, run_after=2026-05-09 19:00:00+00:00
[2026-05-08T21:04:25.370+0000] {processor.py:183} INFO - Processing /opt/airflow/dags/main.py took 0.119 seconds
[2026-05-08T21:04:55.594+0000] {processor.py:161} INFO - Started process (PID=1374) to work on /opt/airflow/dags/main.py
[2026-05-08T21:04:55.595+0000] {processor.py:830} INFO - Processing file /opt/airflow/dags/main.py for tasks to queue
[2026-05-08T21:04:55.596+0000] {logging_mixin.py:188} INFO - [2026-05-08T21:04:55.596+0000] {dagbag.py:545} INFO - Filling up the DagBag from /opt/airflow/dags/main.py
[2026-05-08T21:04:55.638+0000] {logging_mixin.py:188} INFO - get_playlist_id will not be executed
[2026-05-08T21:04:55.642+0000] {processor.py:840} INFO - DAG(s) 'produce_json' retrieved from /opt/airflow/dags/main.py
[2026-05-08T21:04:55.673+0000] {logging_mixin.py:188} INFO - [2026-05-08T21:04:55.672+0000] {dag.py:3096} INFO - Sync 1 DAGs
[2026-05-08T21:04:55.689+0000] {logging_mixin.py:188} INFO - [2026-05-08T21:04:55.689+0000] {dag.py:3954} INFO - Setting next_dagrun for produce_json to 2026-05-08 19:00:00+00:00, run_after=2026-05-09 19:00:00+00:00
[2026-05-08T21:04:55.704+0000] {processor.py:183} INFO - Processing /opt/airflow/dags/main.py took 0.115 seconds
[2026-05-08T21:05:25.747+0000] {processor.py:161} INFO - Started process (PID=1381) to work on /opt/airflow/dags/main.py
[2026-05-08T21:05:25.748+0000] {processor.py:830} INFO - Processing file /opt/airflow/dags/main.py for tasks to queue
[2026-05-08T21:05:25.749+0000] {logging_mixin.py:188} INFO - [2026-05-08T21:05:25.749+0000] {dagbag.py:545} INFO - Filling up the DagBag from /opt/airflow/dags/main.py
[2026-05-08T21:05:25.788+0000] {logging_mixin.py:188} INFO - get_playlist_id will not be executed
[2026-05-08T21:05:25.794+0000] {processor.py:840} INFO - DAG(s) 'produce_json' retrieved from /opt/airflow/dags/main.py
[2026-05-08T21:05:25.823+0000] {logging_mixin.py:188} INFO - [2026-05-08T21:05:25.822+0000] {dag.py:3096} INFO - Sync 1 DAGs
[2026-05-08T21:05:25.840+0000] {logging_mixin.py:188} INFO - [2026-05-08T21:05:25.839+0000] {dag.py:3954} INFO - Setting next_dagrun for produce_json to 2026-05-08 19:00:00+00:00, run_after=2026-05-09 19:00:00+00:00
[2026-05-08T21:05:25.855+0000] {processor.py:183} INFO - Processing /opt/airflow/dags/main.py took 0.114 seconds
[2026-05-08T21:05:55.977+0000] {processor.py:161} INFO - Started process (PID=1388) to work on /opt/airflow/dags/main.py
[2026-05-08T21:05:55.978+0000] {processor.py:830} INFO - Processing file /opt/airflow/dags/main.py for tasks to queue
[2026-05-08T21:05:55.978+0000] {logging_mixin.py:188} INFO - [2026-05-08T21:05:55.978+0000] {dagbag.py:545} INFO - Filling up the DagBag from /opt/airflow/dags/main.py
[2026-05-08T21:05:56.024+0000] {logging_mixin.py:188} INFO - get_playlist_id will not be executed
[2026-05-08T21:05:56.031+0000] {processor.py:840} INFO - DAG(s) 'produce_json' retrieved from /opt/airflow/dags/main.py
[2026-05-08T21:05:56.057+0000] {logging_mixin.py:188} INFO - [2026-05-08T21:05:56.057+0000] {dag.py:3096} INFO - Sync 1 DAGs
[2026-05-08T21:05:56.075+0000] {logging_mixin.py:188} INFO - [2026-05-08T21:05:56.075+0000] {dag.py:3954} INFO - Setting next_dagrun for produce_json to 2026-05-08 19:00:00+00:00, run_after=2026-05-09 19:00:00+00:00
[2026-05-08T21:05:56.089+0000] {processor.py:183} INFO - Processing /opt/airflow/dags/main.py took 0.118 seconds
[2026-05-08T21:06:26.225+0000] {processor.py:161} INFO - Started process (PID=1395) to work on /opt/airflow/dags/main.py
[2026-05-08T21:06:26.226+0000] {processor.py:830} INFO - Processing file /opt/airflow/dags/main.py for tasks to queue
[2026-05-08T21:06:26.227+0000] {logging_mixin.py:188} INFO - [2026-05-08T21:06:26.227+0000] {dagbag.py:545} INFO - Filling up the DagBag from /opt/airflow/dags/main.py
[2026-05-08T21:06:26.267+0000] {logging_mixin.py:188} INFO - get_playlist_id will not be executed
[2026-05-08T21:06:26.274+0000] {processor.py:840} INFO - DAG(s) 'produce_json' retrieved from /opt/airflow/dags/main.py
[2026-05-08T21:06:26.300+0000] {logging_mixin.py:188} INFO - [2026-05-08T21:06:26.300+0000] {dag.py:3096} INFO - Sync 1 DAGs
[2026-05-08T21:06:26.317+0000] {logging_mixin.py:188} INFO - [2026-05-08T21:06:26.317+0000] {dag.py:3954} INFO - Setting next_dagrun for produce_json to 2026-05-08 19:00:00+00:00, run_after=2026-05-09 19:00:00+00:00
[2026-05-08T21:06:26.332+0000] {processor.py:183} INFO - Processing /opt/airflow/dags/main.py took 0.113 seconds
[2026-05-08T21:06:56.368+0000] {processor.py:161} INFO - Started process (PID=1402) to work on /opt/airflow/dags/main.py
[2026-05-08T21:06:56.369+0000] {processor.py:830} INFO - Processing file /opt/airflow/dags/main.py for tasks to queue
[2026-05-08T21:06:56.370+0000] {logging_mixin.py:188} INFO - [2026-05-08T21:06:56.370+0000] {dagbag.py:545} INFO - Filling up the DagBag from /opt/airflow/dags/main.py
[2026-05-08T21:06:56.410+0000] {logging_mixin.py:188} INFO - get_playlist_id will not be executed
[2026-05-08T21:06:56.417+0000] {processor.py:840} INFO - DAG(s) 'produce_json' retrieved from /opt/airflow/dags/main.py
[2026-05-08T21:06:56.444+0000] {logging_mixin.py:188} INFO - [2026-05-08T21:06:56.443+0000] {dag.py:3096} INFO - Sync 1 DAGs
[2026-05-08T21:06:56.460+0000] {logging_mixin.py:188} INFO - [2026-05-08T21:06:56.460+0000] {dag.py:3954} INFO - Setting next_dagrun for produce_json to 2026-05-08 19:00:00+00:00, run_after=2026-05-09 19:00:00+00:00
[2026-05-08T21:06:56.473+0000] {processor.py:183} INFO - Processing /opt/airflow/dags/main.py took 0.110 seconds
[2026-05-08T21:07:26.600+0000] {processor.py:161} INFO - Started process (PID=1409) to work on /opt/airflow/dags/main.py
[2026-05-08T21:07:26.601+0000] {processor.py:830} INFO - Processing file /opt/airflow/dags/main.py for tasks to queue
[2026-05-08T21:07:26.601+0000] {logging_mixin.py:188} INFO - [2026-05-08T21:07:26.601+0000] {dagbag.py:545} INFO - Filling up the DagBag from /opt/airflow/dags/main.py
[2026-05-08T21:07:26.645+0000] {logging_mixin.py:188} INFO - get_playlist_id will not be executed
[2026-05-08T21:07:26.651+0000] {processor.py:840} INFO - DAG(s) 'produce_json' retrieved from /opt/airflow/dags/main.py
[2026-05-08T21:07:26.677+0000] {logging_mixin.py:188} INFO - [2026-05-08T21:07:26.677+0000] {dag.py:3096} INFO - Sync 1 DAGs
[2026-05-08T21:07:26.693+0000] {logging_mixin.py:188} INFO - [2026-05-08T21:07:26.693+0000] {dag.py:3954} INFO - Setting next_dagrun for produce_json to 2026-05-08 19:00:00+00:00, run_after=2026-05-09 19:00:00+00:00
[2026-05-08T21:07:26.707+0000] {processor.py:183} INFO - Processing /opt/airflow/dags/main.py took 0.114 seconds
[2026-05-08T21:07:56.759+0000] {processor.py:161} INFO - Started process (PID=1416) to work on /opt/airflow/dags/main.py
[2026-05-08T21:07:56.760+0000] {processor.py:830} INFO - Processing file /opt/airflow/dags/main.py for tasks to queue
[2026-05-08T21:07:56.761+0000] {logging_mixin.py:188} INFO - [2026-05-08T21:07:56.761+0000] {dagbag.py:545} INFO - Filling up the DagBag from /opt/airflow/dags/main.py
[2026-05-08T21:07:56.801+0000] {logging_mixin.py:188} INFO - get_playlist_id will not be executed
[2026-05-08T21:07:56.807+0000] {processor.py:840} INFO - DAG(s) 'produce_json' retrieved from /opt/airflow/dags/main.py
[2026-05-08T21:07:56.838+0000] {logging_mixin.py:188} INFO - [2026-05-08T21:07:56.837+0000] {dag.py:3096} INFO - Sync 1 DAGs
[2026-05-08T21:07:56.853+0000] {logging_mixin.py:188} INFO - [2026-05-08T21:07:56.853+0000] {dag.py:3954} INFO - Setting next_dagrun for produce_json to 2026-05-08 19:00:00+00:00, run_after=2026-05-09 19:00:00+00:00
[2026-05-08T21:07:56.869+0000] {processor.py:183} INFO - Processing /opt/airflow/dags/main.py took 0.117 seconds
[2026-05-08T21:08:26.994+0000] {processor.py:161} INFO - Started process (PID=1423) to work on /opt/airflow/dags/main.py
[2026-05-08T21:08:26.995+0000] {processor.py:830} INFO - Processing file /opt/airflow/dags/main.py for tasks to queue
[2026-05-08T21:08:26.996+0000] {logging_mixin.py:188} INFO - [2026-05-08T21:08:26.996+0000] {dagbag.py:545} INFO - Filling up the DagBag from /opt/airflow/dags/main.py
[2026-05-08T21:08:27.044+0000] {logging_mixin.py:188} INFO - get_playlist_id will not be executed
[2026-05-08T21:08:27.053+0000] {processor.py:840} INFO - DAG(s) 'produce_json' retrieved from /opt/airflow/dags/main.py
[2026-05-08T21:08:27.085+0000] {logging_mixin.py:188} INFO - [2026-05-08T21:08:27.085+0000] {dag.py:3096} INFO - Sync 1 DAGs
[2026-05-08T21:08:27.105+0000] {logging_mixin.py:188} INFO - [2026-05-08T21:08:27.105+0000] {dag.py:3954} INFO - Setting next_dagrun for produce_json to 2026-05-08 19:00:00+00:00, run_after=2026-05-09 19:00:00+00:00
[2026-05-08T21:08:27.124+0000] {processor.py:183} INFO - Processing /opt/airflow/dags/main.py took 0.135 seconds
[2026-05-08T21:08:57.265+0000] {processor.py:161} INFO - Started process (PID=1430) to work on /opt/airflow/dags/main.py
[2026-05-08T21:08:57.266+0000] {processor.py:830} INFO - Processing file /opt/airflow/dags/main.py for tasks to queue
[2026-05-08T21:08:57.267+0000] {logging_mixin.py:188} INFO - [2026-05-08T21:08:57.267+0000] {dagbag.py:545} INFO - Filling up the DagBag from /opt/airflow/dags/main.py
[2026-05-08T21:08:57.307+0000] {logging_mixin.py:188} INFO - get_playlist_id will not be executed
[2026-05-08T21:08:57.312+0000] {processor.py:840} INFO - DAG(s) 'produce_json' retrieved from /opt/airflow/dags/main.py
[2026-05-08T21:08:57.334+0000] {logging_mixin.py:188} INFO - [2026-05-08T21:08:57.334+0000] {dag.py:3096} INFO - Sync 1 DAGs
[2026-05-08T21:08:57.346+0000] {logging_mixin.py:188} INFO - [2026-05-08T21:08:57.346+0000] {dag.py:3954} INFO - Setting next_dagrun for produce_json to 2026-05-08 19:00:00+00:00, run_after=2026-05-09 19:00:00+00:00
[2026-05-08T21:08:57.360+0000] {processor.py:183} INFO - Processing /opt/airflow/dags/main.py took 0.101 seconds
[2026-05-08T21:09:27.409+0000] {processor.py:161} INFO - Started process (PID=1437) to work on /opt/airflow/dags/main.py
[2026-05-08T21:09:27.411+0000] {processor.py:830} INFO - Processing file /opt/airflow/dags/main.py for tasks to queue
[2026-05-08T21:09:27.412+0000] {logging_mixin.py:188} INFO - [2026-05-08T21:09:27.411+0000] {dagbag.py:545} INFO - Filling up the DagBag from /opt/airflow/dags/main.py
[2026-05-08T21:09:27.458+0000] {logging_mixin.py:188} INFO - get_playlist_id will not be executed
[2026-05-08T21:09:27.467+0000] {processor.py:840} INFO - DAG(s) 'produce_json' retrieved from /opt/airflow/dags/main.py
[2026-05-08T21:09:27.502+0000] {logging_mixin.py:188} INFO - [2026-05-08T21:09:27.501+0000] {dag.py:3096} INFO - Sync 1 DAGs
[2026-05-08T21:09:27.520+0000] {logging_mixin.py:188} INFO - [2026-05-08T21:09:27.519+0000] {dag.py:3954} INFO - Setting next_dagrun for produce_json to 2026-05-08 19:00:00+00:00, run_after=2026-05-09 19:00:00+00:00
[2026-05-08T21:09:27.536+0000] {processor.py:183} INFO - Processing /opt/airflow/dags/main.py took 0.136 seconds
[2026-05-08T21:09:57.740+0000] {processor.py:161} INFO - Started process (PID=1445) to work on /opt/airflow/dags/main.py
[2026-05-08T21:09:57.741+0000] {processor.py:830} INFO - Processing file /opt/airflow/dags/main.py for tasks to queue
[2026-05-08T21:09:57.743+0000] {logging_mixin.py:188} INFO - [2026-05-08T21:09:57.742+0000] {dagbag.py:545} INFO - Filling up the DagBag from /opt/airflow/dags/main.py
[2026-05-08T21:09:57.792+0000] {logging_mixin.py:188} INFO - get_playlist_id will not be executed
[2026-05-08T21:09:57.806+0000] {processor.py:840} INFO - DAG(s) 'produce_json' retrieved from /opt/airflow/dags/main.py
[2026-05-08T21:09:57.861+0000] {logging_mixin.py:188} INFO - [2026-05-08T21:09:57.861+0000] {dag.py:3096} INFO - Sync 1 DAGs
[2026-05-08T21:09:57.888+0000] {logging_mixin.py:188} INFO - [2026-05-08T21:09:57.888+0000] {dag.py:3954} INFO - Setting next_dagrun for produce_json to 2026-05-08 19:00:00+00:00, run_after=2026-05-09 19:00:00+00:00
[2026-05-08T21:09:57.909+0000] {processor.py:183} INFO - Processing /opt/airflow/dags/main.py took 0.196 seconds
[2026-05-08T21:10:28.072+0000] {processor.py:161} INFO - Started process (PID=1452) to work on /opt/airflow/dags/main.py
[2026-05-08T21:10:28.073+0000] {processor.py:830} INFO - Processing file /opt/airflow/dags/main.py for tasks to queue
[2026-05-08T21:10:28.075+0000] {logging_mixin.py:188} INFO - [2026-05-08T21:10:28.074+0000] {dagbag.py:545} INFO - Filling up the DagBag from /opt/airflow/dags/main.py
[2026-05-08T21:10:28.122+0000] {logging_mixin.py:188} INFO - get_playlist_id will not be executed
[2026-05-08T21:10:28.130+0000] {processor.py:840} INFO - DAG(s) 'produce_json' retrieved from /opt/airflow/dags/main.py
[2026-05-08T21:10:28.158+0000] {logging_mixin.py:188} INFO - [2026-05-08T21:10:28.158+0000] {dag.py:3096} INFO - Sync 1 DAGs
[2026-05-08T21:10:28.176+0000] {logging_mixin.py:188} INFO - [2026-05-08T21:10:28.176+0000] {dag.py:3954} INFO - Setting next_dagrun for produce_json to 2026-05-08 19:00:00+00:00, run_after=2026-05-09 19:00:00+00:00
[2026-05-08T21:10:28.198+0000] {processor.py:183} INFO - Processing /opt/airflow/dags/main.py took 0.131 seconds
[2026-05-08T21:10:58.343+0000] {processor.py:161} INFO - Started process (PID=1459) to work on /opt/airflow/dags/main.py
[2026-05-08T21:10:58.344+0000] {processor.py:830} INFO - Processing file /opt/airflow/dags/main.py for tasks to queue
[2026-05-08T21:10:58.345+0000] {logging_mixin.py:188} INFO - [2026-05-08T21:10:58.345+0000] {dagbag.py:545} INFO - Filling up the DagBag from /opt/airflow/dags/main.py
[2026-05-08T21:10:58.385+0000] {logging_mixin.py:188} INFO - get_playlist_id will not be executed
[2026-05-08T21:10:58.391+0000] {processor.py:840} INFO - DAG(s) 'produce_json' retrieved from /opt/airflow/dags/main.py
[2026-05-08T21:10:58.418+0000] {logging_mixin.py:188} INFO - [2026-05-08T21:10:58.418+0000] {dag.py:3096} INFO - Sync 1 DAGs
[2026-05-08T21:10:58.435+0000] {logging_mixin.py:188} INFO - [2026-05-08T21:10:58.435+0000] {dag.py:3954} INFO - Setting next_dagrun for produce_json to 2026-05-08 19:00:00+00:00, run_after=2026-05-09 19:00:00+00:00
[2026-05-08T21:10:58.450+0000] {processor.py:183} INFO - Processing /opt/airflow/dags/main.py took 0.112 seconds
[2026-05-08T21:11:28.588+0000] {processor.py:161} INFO - Started process (PID=1466) to work on /opt/airflow/dags/main.py
[2026-05-08T21:11:28.589+0000] {processor.py:830} INFO - Processing file /opt/airflow/dags/main.py for tasks to queue
[2026-05-08T21:11:28.590+0000] {logging_mixin.py:188} INFO - [2026-05-08T21:11:28.590+0000] {dagbag.py:545} INFO - Filling up the DagBag from /opt/airflow/dags/main.py
[2026-05-08T21:11:28.633+0000] {logging_mixin.py:188} INFO - get_playlist_id will not be executed
[2026-05-08T21:11:28.639+0000] {processor.py:840} INFO - DAG(s) 'produce_json' retrieved from /opt/airflow/dags/main.py
[2026-05-08T21:11:28.666+0000] {logging_mixin.py:188} INFO - [2026-05-08T21:11:28.666+0000] {dag.py:3096} INFO - Sync 1 DAGs
[2026-05-08T21:11:28.682+0000] {logging_mixin.py:188} INFO - [2026-05-08T21:11:28.682+0000] {dag.py:3954} INFO - Setting next_dagrun for produce_json to 2026-05-08 19:00:00+00:00, run_after=2026-05-09 19:00:00+00:00
[2026-05-08T21:11:28.697+0000] {processor.py:183} INFO - Processing /opt/airflow/dags/main.py took 0.114 seconds
[2026-05-08T21:11:58.737+0000] {processor.py:161} INFO - Started process (PID=1473) to work on /opt/airflow/dags/main.py
[2026-05-08T21:11:58.738+0000] {processor.py:830} INFO - Processing file /opt/airflow/dags/main.py for tasks to queue
[2026-05-08T21:11:58.739+0000] {logging_mixin.py:188} INFO - [2026-05-08T21:11:58.739+0000] {dagbag.py:545} INFO - Filling up the DagBag from /opt/airflow/dags/main.py
[2026-05-08T21:11:58.775+0000] {logging_mixin.py:188} INFO - get_playlist_id will not be executed
[2026-05-08T21:11:58.781+0000] {processor.py:840} INFO - DAG(s) 'produce_json' retrieved from /opt/airflow/dags/main.py
[2026-05-08T21:11:58.807+0000] {logging_mixin.py:188} INFO - [2026-05-08T21:11:58.806+0000] {dag.py:3096} INFO - Sync 1 DAGs
[2026-05-08T21:11:58.820+0000] {logging_mixin.py:188} INFO - [2026-05-08T21:11:58.820+0000] {dag.py:3954} INFO - Setting next_dagrun for produce_json to 2026-05-08 19:00:00+00:00, run_after=2026-05-09 19:00:00+00:00
[2026-05-08T21:11:58.834+0000] {processor.py:183} INFO - Processing /opt/airflow/dags/main.py took 0.102 seconds
[2026-05-08T21:12:28.968+0000] {processor.py:161} INFO - Started process (PID=1480) to work on /opt/airflow/dags/main.py
[2026-05-08T21:12:28.969+0000] {processor.py:830} INFO - Processing file /opt/airflow/dags/main.py for tasks to queue
[2026-05-08T21:12:28.970+0000] {logging_mixin.py:188} INFO - [2026-05-08T21:12:28.970+0000] {dagbag.py:545} INFO - Filling up the DagBag from /opt/airflow/dags/main.py
[2026-05-08T21:12:29.006+0000] {logging_mixin.py:188} INFO - get_playlist_id will not be executed
[2026-05-08T21:12:29.011+0000] {processor.py:840} INFO - DAG(s) 'produce_json' retrieved from /opt/airflow/dags/main.py
[2026-05-08T21:12:29.035+0000] {logging_mixin.py:188} INFO - [2026-05-08T21:12:29.035+0000] {dag.py:3096} INFO - Sync 1 DAGs
[2026-05-08T21:12:29.050+0000] {logging_mixin.py:188} INFO - [2026-05-08T21:12:29.050+0000] {dag.py:3954} INFO - Setting next_dagrun for produce_json to 2026-05-08 19:00:00+00:00, run_after=2026-05-09 19:00:00+00:00
[2026-05-08T21:12:29.063+0000] {processor.py:183} INFO - Processing /opt/airflow/dags/main.py took 0.100 seconds
[2026-05-08T21:12:59.141+0000] {processor.py:161} INFO - Started process (PID=1487) to work on /opt/airflow/dags/main.py
[2026-05-08T21:12:59.142+0000] {processor.py:830} INFO - Processing file /opt/airflow/dags/main.py for tasks to queue
[2026-05-08T21:12:59.143+0000] {logging_mixin.py:188} INFO - [2026-05-08T21:12:59.143+0000] {dagbag.py:545} INFO - Filling up the DagBag from /opt/airflow/dags/main.py
[2026-05-08T21:12:59.181+0000] {logging_mixin.py:188} INFO - get_playlist_id will not be executed
[2026-05-08T21:12:59.187+0000] {processor.py:840} INFO - DAG(s) 'produce_json' retrieved from /opt/airflow/dags/main.py
[2026-05-08T21:12:59.212+0000] {logging_mixin.py:188} INFO - [2026-05-08T21:12:59.212+0000] {dag.py:3096} INFO - Sync 1 DAGs
[2026-05-08T21:12:59.227+0000] {logging_mixin.py:188} INFO - [2026-05-08T21:12:59.227+0000] {dag.py:3954} INFO - Setting next_dagrun for produce_json to 2026-05-08 19:00:00+00:00, run_after=2026-05-09 19:00:00+00:00
[2026-05-08T21:12:59.240+0000] {processor.py:183} INFO - Processing /opt/airflow/dags/main.py took 0.107 seconds
[2026-05-08T21:13:29.354+0000] {processor.py:161} INFO - Started process (PID=1494) to work on /opt/airflow/dags/main.py
[2026-05-08T21:13:29.354+0000] {processor.py:830} INFO - Processing file /opt/airflow/dags/main.py for tasks to queue
[2026-05-08T21:13:29.355+0000] {logging_mixin.py:188} INFO - [2026-05-08T21:13:29.355+0000] {dagbag.py:545} INFO - Filling up the DagBag from /opt/airflow/dags/main.py
[2026-05-08T21:13:29.392+0000] {logging_mixin.py:188} INFO - get_playlist_id will not be executed
[2026-05-08T21:13:29.398+0000] {processor.py:840} INFO - DAG(s) 'produce_json' retrieved from /opt/airflow/dags/main.py
[2026-05-08T21:13:29.422+0000] {logging_mixin.py:188} INFO - [2026-05-08T21:13:29.421+0000] {dag.py:3096} INFO - Sync 1 DAGs
[2026-05-08T21:13:29.435+0000] {logging_mixin.py:188} INFO - [2026-05-08T21:13:29.435+0000] {dag.py:3954} INFO - Setting next_dagrun for produce_json to 2026-05-08 19:00:00+00:00, run_after=2026-05-09 19:00:00+00:00
[2026-05-08T21:13:29.449+0000] {processor.py:183} INFO - Processing /opt/airflow/dags/main.py took 0.100 seconds
[2026-05-08T21:13:59.506+0000] {processor.py:161} INFO - Started process (PID=1501) to work on /opt/airflow/dags/main.py
[2026-05-08T21:13:59.507+0000] {processor.py:830} INFO - Processing file /opt/airflow/dags/main.py for tasks to queue
[2026-05-08T21:13:59.508+0000] {logging_mixin.py:188} INFO - [2026-05-08T21:13:59.508+0000] {dagbag.py:545} INFO - Filling up the DagBag from /opt/airflow/dags/main.py
[2026-05-08T21:13:59.546+0000] {logging_mixin.py:188} INFO - get_playlist_id will not be executed
[2026-05-08T21:13:59.552+0000] {processor.py:840} INFO - DAG(s) 'produce_json' retrieved from /opt/airflow/dags/main.py
[2026-05-08T21:13:59.576+0000] {logging_mixin.py:188} INFO - [2026-05-08T21:13:59.576+0000] {dag.py:3096} INFO - Sync 1 DAGs
[2026-05-08T21:13:59.589+0000] {logging_mixin.py:188} INFO - [2026-05-08T21:13:59.589+0000] {dag.py:3954} INFO - Setting next_dagrun for produce_json to 2026-05-08 19:00:00+00:00, run_after=2026-05-09 19:00:00+00:00
[2026-05-08T21:13:59.603+0000] {processor.py:183} INFO - Processing /opt/airflow/dags/main.py took 0.102 seconds
[2026-05-08T21:14:29.720+0000] {processor.py:161} INFO - Started process (PID=1508) to work on /opt/airflow/dags/main.py
[2026-05-08T21:14:29.721+0000] {processor.py:830} INFO - Processing file /opt/airflow/dags/main.py for tasks to queue
[2026-05-08T21:14:29.722+0000] {logging_mixin.py:188} INFO - [2026-05-08T21:14:29.722+0000] {dagbag.py:545} INFO - Filling up the DagBag from /opt/airflow/dags/main.py
[2026-05-08T21:14:29.761+0000] {logging_mixin.py:188} INFO - get_playlist_id will not be executed
[2026-05-08T21:14:29.767+0000] {processor.py:840} INFO - DAG(s) 'produce_json' retrieved from /opt/airflow/dags/main.py
[2026-05-08T21:14:29.791+0000] {logging_mixin.py:188} INFO - [2026-05-08T21:14:29.791+0000] {dag.py:3096} INFO - Sync 1 DAGs
[2026-05-08T21:14:29.807+0000] {logging_mixin.py:188} INFO - [2026-05-08T21:14:29.807+0000] {dag.py:3954} INFO - Setting next_dagrun for produce_json to 2026-05-08 19:00:00+00:00, run_after=2026-05-09 19:00:00+00:00
[2026-05-08T21:14:29.822+0000] {processor.py:183} INFO - Processing /opt/airflow/dags/main.py took 0.107 seconds
[2026-05-08T21:14:59.948+0000] {processor.py:161} INFO - Started process (PID=1515) to work on /opt/airflow/dags/main.py
[2026-05-08T21:14:59.949+0000] {processor.py:830} INFO - Processing file /opt/airflow/dags/main.py for tasks to queue
[2026-05-08T21:14:59.950+0000] {logging_mixin.py:188} INFO - [2026-05-08T21:14:59.950+0000] {dagbag.py:545} INFO - Filling up the DagBag from /opt/airflow/dags/main.py
[2026-05-08T21:14:59.986+0000] {logging_mixin.py:188} INFO - get_playlist_id will not be executed
[2026-05-08T21:14:59.992+0000] {processor.py:840} INFO - DAG(s) 'produce_json' retrieved from /opt/airflow/dags/main.py
[2026-05-08T21:15:00.020+0000] {logging_mixin.py:188} INFO - [2026-05-08T21:15:00.020+0000] {dag.py:3096} INFO - Sync 1 DAGs
[2026-05-08T21:15:00.036+0000] {logging_mixin.py:188} INFO - [2026-05-08T21:15:00.036+0000] {dag.py:3954} INFO - Setting next_dagrun for produce_json to 2026-05-08 19:00:00+00:00, run_after=2026-05-09 19:00:00+00:00
[2026-05-08T21:15:00.051+0000] {processor.py:183} INFO - Processing /opt/airflow/dags/main.py took 0.109 seconds
[2026-05-08T21:15:30.107+0000] {processor.py:161} INFO - Started process (PID=1522) to work on /opt/airflow/dags/main.py
[2026-05-08T21:15:30.108+0000] {processor.py:830} INFO - Processing file /opt/airflow/dags/main.py for tasks to queue
[2026-05-08T21:15:30.109+0000] {logging_mixin.py:188} INFO - [2026-05-08T21:15:30.109+0000] {dagbag.py:545} INFO - Filling up the DagBag from /opt/airflow/dags/main.py
[2026-05-08T21:15:30.146+0000] {logging_mixin.py:188} INFO - get_playlist_id will not be executed
[2026-05-08T21:15:30.153+0000] {processor.py:840} INFO - DAG(s) 'produce_json' retrieved from /opt/airflow/dags/main.py
[2026-05-08T21:15:30.179+0000] {logging_mixin.py:188} INFO - [2026-05-08T21:15:30.178+0000] {dag.py:3096} INFO - Sync 1 DAGs
[2026-05-08T21:15:30.194+0000] {logging_mixin.py:188} INFO - [2026-05-08T21:15:30.194+0000] {dag.py:3954} INFO - Setting next_dagrun for produce_json to 2026-05-08 19:00:00+00:00, run_after=2026-05-09 19:00:00+00:00
[2026-05-08T21:15:30.208+0000] {processor.py:183} INFO - Processing /opt/airflow/dags/main.py took 0.106 seconds
[2026-05-08T21:16:00.334+0000] {processor.py:161} INFO - Started process (PID=1529) to work on /opt/airflow/dags/main.py
[2026-05-08T21:16:00.335+0000] {processor.py:830} INFO - Processing file /opt/airflow/dags/main.py for tasks to queue
[2026-05-08T21:16:00.336+0000] {logging_mixin.py:188} INFO - [2026-05-08T21:16:00.336+0000] {dagbag.py:545} INFO - Filling up the DagBag from /opt/airflow/dags/main.py
[2026-05-08T21:16:00.379+0000] {logging_mixin.py:188} INFO - get_playlist_id will not be executed
[2026-05-08T21:16:00.384+0000] {processor.py:840} INFO - DAG(s) 'produce_json' retrieved from /opt/airflow/dags/main.py
[2026-05-08T21:16:00.409+0000] {logging_mixin.py:188} INFO - [2026-05-08T21:16:00.409+0000] {dag.py:3096} INFO - Sync 1 DAGs
[2026-05-08T21:16:00.425+0000] {logging_mixin.py:188} INFO - [2026-05-08T21:16:00.425+0000] {dag.py:3954} INFO - Setting next_dagrun for produce_json to 2026-05-08 19:00:00+00:00, run_after=2026-05-09 19:00:00+00:00
[2026-05-08T21:16:00.439+0000] {processor.py:183} INFO - Processing /opt/airflow/dags/main.py took 0.110 seconds
[2026-05-08T21:16:30.482+0000] {processor.py:161} INFO - Started process (PID=1536) to work on /opt/airflow/dags/main.py
[2026-05-08T21:16:30.483+0000] {processor.py:830} INFO - Processing file /opt/airflow/dags/main.py for tasks to queue
[2026-05-08T21:16:30.484+0000] {logging_mixin.py:188} INFO - [2026-05-08T21:16:30.483+0000] {dagbag.py:545} INFO - Filling up the DagBag from /opt/airflow/dags/main.py
[2026-05-08T21:16:30.523+0000] {logging_mixin.py:188} INFO - get_playlist_id will not be executed
[2026-05-08T21:16:30.529+0000] {processor.py:840} INFO - DAG(s) 'produce_json' retrieved from /opt/airflow/dags/main.py
[2026-05-08T21:16:30.558+0000] {logging_mixin.py:188} INFO - [2026-05-08T21:16:30.558+0000] {dag.py:3096} INFO - Sync 1 DAGs
[2026-05-08T21:16:30.575+0000] {logging_mixin.py:188} INFO - [2026-05-08T21:16:30.575+0000] {dag.py:3954} INFO - Setting next_dagrun for produce_json to 2026-05-08 19:00:00+00:00, run_after=2026-05-09 19:00:00+00:00
[2026-05-08T21:16:30.589+0000] {processor.py:183} INFO - Processing /opt/airflow/dags/main.py took 0.113 seconds
[2026-05-08T21:17:00.719+0000] {processor.py:161} INFO - Started process (PID=1542) to work on /opt/airflow/dags/main.py
[2026-05-08T21:17:00.720+0000] {processor.py:830} INFO - Processing file /opt/airflow/dags/main.py for tasks to queue
[2026-05-08T21:17:00.721+0000] {logging_mixin.py:188} INFO - [2026-05-08T21:17:00.720+0000] {dagbag.py:545} INFO - Filling up the DagBag from /opt/airflow/dags/main.py
[2026-05-08T21:17:00.761+0000] {logging_mixin.py:188} INFO - get_playlist_id will not be executed
[2026-05-08T21:17:00.769+0000] {processor.py:840} INFO - DAG(s) 'produce_json' retrieved from /opt/airflow/dags/main.py
[2026-05-08T21:17:00.795+0000] {logging_mixin.py:188} INFO - [2026-05-08T21:17:00.794+0000] {dag.py:3096} INFO - Sync 1 DAGs
[2026-05-08T21:17:00.811+0000] {logging_mixin.py:188} INFO - [2026-05-08T21:17:00.811+0000] {dag.py:3954} INFO - Setting next_dagrun for produce_json to 2026-05-08 19:00:00+00:00, run_after=2026-05-09 19:00:00+00:00
[2026-05-08T21:17:00.826+0000] {processor.py:183} INFO - Processing /opt/airflow/dags/main.py took 0.112 seconds
[2026-05-08T21:17:30.876+0000] {processor.py:161} INFO - Started process (PID=1549) to work on /opt/airflow/dags/main.py
[2026-05-08T21:17:30.877+0000] {processor.py:830} INFO - Processing file /opt/airflow/dags/main.py for tasks to queue
[2026-05-08T21:17:30.878+0000] {logging_mixin.py:188} INFO - [2026-05-08T21:17:30.877+0000] {dagbag.py:545} INFO - Filling up the DagBag from /opt/airflow/dags/main.py
[2026-05-08T21:17:30.917+0000] {logging_mixin.py:188} INFO - get_playlist_id will not be executed
[2026-05-08T21:17:30.922+0000] {processor.py:840} INFO - DAG(s) 'produce_json' retrieved from /opt/airflow/dags/main.py
[2026-05-08T21:17:30.950+0000] {logging_mixin.py:188} INFO - [2026-05-08T21:17:30.949+0000] {dag.py:3096} INFO - Sync 1 DAGs
[2026-05-08T21:17:30.963+0000] {logging_mixin.py:188} INFO - [2026-05-08T21:17:30.962+0000] {dag.py:3954} INFO - Setting next_dagrun for produce_json to 2026-05-08 19:00:00+00:00, run_after=2026-05-09 19:00:00+00:00
[2026-05-08T21:17:30.976+0000] {processor.py:183} INFO - Processing /opt/airflow/dags/main.py took 0.106 seconds
[2026-05-08T21:18:01.107+0000] {processor.py:161} INFO - Started process (PID=1556) to work on /opt/airflow/dags/main.py
[2026-05-08T21:18:01.108+0000] {processor.py:830} INFO - Processing file /opt/airflow/dags/main.py for tasks to queue
[2026-05-08T21:18:01.109+0000] {logging_mixin.py:188} INFO - [2026-05-08T21:18:01.108+0000] {dagbag.py:545} INFO - Filling up the DagBag from /opt/airflow/dags/main.py
[2026-05-08T21:18:01.147+0000] {logging_mixin.py:188} INFO - get_playlist_id will not be executed
[2026-05-08T21:18:01.153+0000] {processor.py:840} INFO - DAG(s) 'produce_json' retrieved from /opt/airflow/dags/main.py
[2026-05-08T21:18:01.177+0000] {logging_mixin.py:188} INFO - [2026-05-08T21:18:01.177+0000] {dag.py:3096} INFO - Sync 1 DAGs
[2026-05-08T21:18:01.191+0000] {logging_mixin.py:188} INFO - [2026-05-08T21:18:01.191+0000] {dag.py:3954} INFO - Setting next_dagrun for produce_json to 2026-05-08 19:00:00+00:00, run_after=2026-05-09 19:00:00+00:00
[2026-05-08T21:18:01.205+0000] {processor.py:183} INFO - Processing /opt/airflow/dags/main.py took 0.102 seconds
[2026-05-08T21:18:31.261+0000] {processor.py:161} INFO - Started process (PID=1563) to work on /opt/airflow/dags/main.py
[2026-05-08T21:18:31.262+0000] {processor.py:830} INFO - Processing file /opt/airflow/dags/main.py for tasks to queue
[2026-05-08T21:18:31.263+0000] {logging_mixin.py:188} INFO - [2026-05-08T21:18:31.263+0000] {dagbag.py:545} INFO - Filling up the DagBag from /opt/airflow/dags/main.py
[2026-05-08T21:18:31.301+0000] {logging_mixin.py:188} INFO - get_playlist_id will not be executed
[2026-05-08T21:18:31.308+0000] {processor.py:840} INFO - DAG(s) 'produce_json' retrieved from /opt/airflow/dags/main.py
[2026-05-08T21:18:31.335+0000] {logging_mixin.py:188} INFO - [2026-05-08T21:18:31.335+0000] {dag.py:3096} INFO - Sync 1 DAGs
[2026-05-08T21:18:31.352+0000] {logging_mixin.py:188} INFO - [2026-05-08T21:18:31.352+0000] {dag.py:3954} INFO - Setting next_dagrun for produce_json to 2026-05-08 19:00:00+00:00, run_after=2026-05-09 19:00:00+00:00
[2026-05-08T21:18:31.366+0000] {processor.py:183} INFO - Processing /opt/airflow/dags/main.py took 0.109 seconds
[2026-05-08T21:19:01.475+0000] {processor.py:161} INFO - Started process (PID=1570) to work on /opt/airflow/dags/main.py
[2026-05-08T21:19:01.476+0000] {processor.py:830} INFO - Processing file /opt/airflow/dags/main.py for tasks to queue
[2026-05-08T21:19:01.477+0000] {logging_mixin.py:188} INFO - [2026-05-08T21:19:01.477+0000] {dagbag.py:545} INFO - Filling up the DagBag from /opt/airflow/dags/main.py
[2026-05-08T21:19:01.516+0000] {logging_mixin.py:188} INFO - get_playlist_id will not be executed
[2026-05-08T21:19:01.522+0000] {processor.py:840} INFO - DAG(s) 'produce_json' retrieved from /opt/airflow/dags/main.py
[2026-05-08T21:19:01.546+0000] {logging_mixin.py:188} INFO - [2026-05-08T21:19:01.546+0000] {dag.py:3096} INFO - Sync 1 DAGs
[2026-05-08T21:19:01.559+0000] {logging_mixin.py:188} INFO - [2026-05-08T21:19:01.559+0000] {dag.py:3954} INFO - Setting next_dagrun for produce_json to 2026-05-08 19:00:00+00:00, run_after=2026-05-09 19:00:00+00:00
[2026-05-08T21:19:01.571+0000] {processor.py:183} INFO - Processing /opt/airflow/dags/main.py took 0.103 seconds
[2026-05-08T21:19:31.634+0000] {processor.py:161} INFO - Started process (PID=1577) to work on /opt/airflow/dags/main.py
[2026-05-08T21:19:31.635+0000] {processor.py:830} INFO - Processing file /opt/airflow/dags/main.py for tasks to queue
[2026-05-08T21:19:31.636+0000] {logging_mixin.py:188} INFO - [2026-05-08T21:19:31.636+0000] {dagbag.py:545} INFO - Filling up the DagBag from /opt/airflow/dags/main.py
[2026-05-08T21:19:31.677+0000] {logging_mixin.py:188} INFO - get_playlist_id will not be executed
[2026-05-08T21:19:31.685+0000] {processor.py:840} INFO - DAG(s) 'produce_json' retrieved from /opt/airflow/dags/main.py
[2026-05-08T21:19:31.710+0000] {logging_mixin.py:188} INFO - [2026-05-08T21:19:31.710+0000] {dag.py:3096} INFO - Sync 1 DAGs
[2026-05-08T21:19:31.725+0000] {logging_mixin.py:188} INFO - [2026-05-08T21:19:31.725+0000] {dag.py:3954} INFO - Setting next_dagrun for produce_json to 2026-05-08 19:00:00+00:00, run_after=2026-05-09 19:00:00+00:00
[2026-05-08T21:19:31.739+0000] {processor.py:183} INFO - Processing /opt/airflow/dags/main.py took 0.110 seconds
[2026-05-08T21:20:01.840+0000] {processor.py:161} INFO - Started process (PID=1584) to work on /opt/airflow/dags/main.py
[2026-05-08T21:20:01.841+0000] {processor.py:830} INFO - Processing file /opt/airflow/dags/main.py for tasks to queue
[2026-05-08T21:20:01.842+0000] {logging_mixin.py:188} INFO - [2026-05-08T21:20:01.842+0000] {dagbag.py:545} INFO - Filling up the DagBag from /opt/airflow/dags/main.py
[2026-05-08T21:20:01.885+0000] {logging_mixin.py:188} INFO - get_playlist_id will not be executed
[2026-05-08T21:20:01.891+0000] {processor.py:840} INFO - DAG(s) 'produce_json' retrieved from /opt/airflow/dags/main.py
[2026-05-08T21:20:01.918+0000] {logging_mixin.py:188} INFO - [2026-05-08T21:20:01.917+0000] {dag.py:3096} INFO - Sync 1 DAGs
[2026-05-08T21:20:01.932+0000] {logging_mixin.py:188} INFO - [2026-05-08T21:20:01.932+0000] {dag.py:3954} INFO - Setting next_dagrun for produce_json to 2026-05-08 19:00:00+00:00, run_after=2026-05-09 19:00:00+00:00
[2026-05-08T21:20:01.945+0000] {processor.py:183} INFO - Processing /opt/airflow/dags/main.py took 0.110 seconds
[2026-05-08T21:20:32.103+0000] {processor.py:161} INFO - Started process (PID=1591) to work on /opt/airflow/dags/main.py
[2026-05-08T21:20:32.104+0000] {processor.py:830} INFO - Processing file /opt/airflow/dags/main.py for tasks to queue
[2026-05-08T21:20:32.105+0000] {logging_mixin.py:188} INFO - [2026-05-08T21:20:32.105+0000] {dagbag.py:545} INFO - Filling up the DagBag from /opt/airflow/dags/main.py
[2026-05-08T21:20:32.148+0000] {logging_mixin.py:188} INFO - get_playlist_id will not be executed
[2026-05-08T21:20:32.154+0000] {processor.py:840} INFO - DAG(s) 'produce_json' retrieved from /opt/airflow/dags/main.py
[2026-05-08T21:20:32.181+0000] {logging_mixin.py:188} INFO - [2026-05-08T21:20:32.180+0000] {dag.py:3096} INFO - Sync 1 DAGs
[2026-05-08T21:20:32.195+0000] {logging_mixin.py:188} INFO - [2026-05-08T21:20:32.195+0000] {dag.py:3954} INFO - Setting next_dagrun for produce_json to 2026-05-08 19:00:00+00:00, run_after=2026-05-09 19:00:00+00:00
[2026-05-08T21:20:32.210+0000] {processor.py:183} INFO - Processing /opt/airflow/dags/main.py took 0.112 seconds
[2026-05-08T21:21:02.249+0000] {processor.py:161} INFO - Started process (PID=1598) to work on /opt/airflow/dags/main.py
[2026-05-08T21:21:02.250+0000] {processor.py:830} INFO - Processing file /opt/airflow/dags/main.py for tasks to queue
[2026-05-08T21:21:02.251+0000] {logging_mixin.py:188} INFO - [2026-05-08T21:21:02.251+0000] {dagbag.py:545} INFO - Filling up the DagBag from /opt/airflow/dags/main.py
[2026-05-08T21:21:02.290+0000] {logging_mixin.py:188} INFO - get_playlist_id will not be executed
[2026-05-08T21:21:02.295+0000] {processor.py:840} INFO - DAG(s) 'produce_json' retrieved from /opt/airflow/dags/main.py
[2026-05-08T21:21:02.318+0000] {logging_mixin.py:188} INFO - [2026-05-08T21:21:02.318+0000] {dag.py:3096} INFO - Sync 1 DAGs
[2026-05-08T21:21:02.334+0000] {logging_mixin.py:188} INFO - [2026-05-08T21:21:02.334+0000] {dag.py:3954} INFO - Setting next_dagrun for produce_json to 2026-05-08 19:00:00+00:00, run_after=2026-05-09 19:00:00+00:00
[2026-05-08T21:21:02.347+0000] {processor.py:183} INFO - Processing /opt/airflow/dags/main.py took 0.103 seconds
[2026-05-08T21:21:32.491+0000] {processor.py:161} INFO - Started process (PID=1605) to work on /opt/airflow/dags/main.py
[2026-05-08T21:21:32.492+0000] {processor.py:830} INFO - Processing file /opt/airflow/dags/main.py for tasks to queue
[2026-05-08T21:21:32.493+0000] {logging_mixin.py:188} INFO - [2026-05-08T21:21:32.493+0000] {dagbag.py:545} INFO - Filling up the DagBag from /opt/airflow/dags/main.py
[2026-05-08T21:21:32.534+0000] {logging_mixin.py:188} INFO - get_playlist_id will not be executed
[2026-05-08T21:21:32.540+0000] {processor.py:840} INFO - DAG(s) 'produce_json' retrieved from /opt/airflow/dags/main.py
[2026-05-08T21:21:32.567+0000] {logging_mixin.py:188} INFO - [2026-05-08T21:21:32.567+0000] {dag.py:3096} INFO - Sync 1 DAGs
[2026-05-08T21:21:32.583+0000] {logging_mixin.py:188} INFO - [2026-05-08T21:21:32.582+0000] {dag.py:3954} INFO - Setting next_dagrun for produce_json to 2026-05-08 19:00:00+00:00, run_after=2026-05-09 19:00:00+00:00
[2026-05-08T21:21:32.600+0000] {processor.py:183} INFO - Processing /opt/airflow/dags/main.py took 0.115 seconds
[2026-05-08T21:22:02.643+0000] {processor.py:161} INFO - Started process (PID=1612) to work on /opt/airflow/dags/main.py
[2026-05-08T21:22:02.644+0000] {processor.py:830} INFO - Processing file /opt/airflow/dags/main.py for tasks to queue
[2026-05-08T21:22:02.645+0000] {logging_mixin.py:188} INFO - [2026-05-08T21:22:02.644+0000] {dagbag.py:545} INFO - Filling up the DagBag from /opt/airflow/dags/main.py
[2026-05-08T21:22:02.688+0000] {logging_mixin.py:188} INFO - get_playlist_id will not be executed
[2026-05-08T21:22:02.694+0000] {processor.py:840} INFO - DAG(s) 'produce_json' retrieved from /opt/airflow/dags/main.py
[2026-05-08T21:22:02.726+0000] {logging_mixin.py:188} INFO - [2026-05-08T21:22:02.726+0000] {dag.py:3096} INFO - Sync 1 DAGs
[2026-05-08T21:22:02.742+0000] {logging_mixin.py:188} INFO - [2026-05-08T21:22:02.742+0000] {dag.py:3954} INFO - Setting next_dagrun for produce_json to 2026-05-08 19:00:00+00:00, run_after=2026-05-09 19:00:00+00:00
[2026-05-08T21:22:02.759+0000] {processor.py:183} INFO - Processing /opt/airflow/dags/main.py took 0.121 seconds
[2026-05-08T21:22:32.884+0000] {processor.py:161} INFO - Started process (PID=1619) to work on /opt/airflow/dags/main.py
[2026-05-08T21:22:32.885+0000] {processor.py:830} INFO - Processing file /opt/airflow/dags/main.py for tasks to queue
[2026-05-08T21:22:32.886+0000] {logging_mixin.py:188} INFO - [2026-05-08T21:22:32.885+0000] {dagbag.py:545} INFO - Filling up the DagBag from /opt/airflow/dags/main.py
[2026-05-08T21:22:32.926+0000] {logging_mixin.py:188} INFO - get_playlist_id will not be executed
[2026-05-08T21:22:32.932+0000] {processor.py:840} INFO - DAG(s) 'produce_json' retrieved from /opt/airflow/dags/main.py
[2026-05-08T21:22:32.957+0000] {logging_mixin.py:188} INFO - [2026-05-08T21:22:32.957+0000] {dag.py:3096} INFO - Sync 1 DAGs
[2026-05-08T21:22:32.972+0000] {logging_mixin.py:188} INFO - [2026-05-08T21:22:32.972+0000] {dag.py:3954} INFO - Setting next_dagrun for produce_json to 2026-05-08 19:00:00+00:00, run_after=2026-05-09 19:00:00+00:00
[2026-05-08T21:22:32.987+0000] {processor.py:183} INFO - Processing /opt/airflow/dags/main.py took 0.108 seconds
[2026-05-08T21:23:03.068+0000] {processor.py:161} INFO - Started process (PID=1626) to work on /opt/airflow/dags/main.py
[2026-05-08T21:23:03.069+0000] {processor.py:830} INFO - Processing file /opt/airflow/dags/main.py for tasks to queue
[2026-05-08T21:23:03.070+0000] {logging_mixin.py:188} INFO - [2026-05-08T21:23:03.070+0000] {dagbag.py:545} INFO - Filling up the DagBag from /opt/airflow/dags/main.py
[2026-05-08T21:23:03.111+0000] {logging_mixin.py:188} INFO - get_playlist_id will not be executed
[2026-05-08T21:23:03.118+0000] {processor.py:840} INFO - DAG(s) 'produce_json' retrieved from /opt/airflow/dags/main.py
[2026-05-08T21:23:03.145+0000] {logging_mixin.py:188} INFO - [2026-05-08T21:23:03.144+0000] {dag.py:3096} INFO - Sync 1 DAGs
[2026-05-08T21:23:03.160+0000] {logging_mixin.py:188} INFO - [2026-05-08T21:23:03.159+0000] {dag.py:3954} INFO - Setting next_dagrun for produce_json to 2026-05-08 19:00:00+00:00, run_after=2026-05-09 19:00:00+00:00
[2026-05-08T21:23:03.173+0000] {processor.py:183} INFO - Processing /opt/airflow/dags/main.py took 0.111 seconds
[2026-05-08T21:23:33.309+0000] {processor.py:161} INFO - Started process (PID=1633) to work on /opt/airflow/dags/main.py
[2026-05-08T21:23:33.310+0000] {processor.py:830} INFO - Processing file /opt/airflow/dags/main.py for tasks to queue
[2026-05-08T21:23:33.311+0000] {logging_mixin.py:188} INFO - [2026-05-08T21:23:33.311+0000] {dagbag.py:545} INFO - Filling up the DagBag from /opt/airflow/dags/main.py
[2026-05-08T21:23:33.347+0000] {logging_mixin.py:188} INFO - get_playlist_id will not be executed
[2026-05-08T21:23:33.353+0000] {processor.py:840} INFO - DAG(s) 'produce_json' retrieved from /opt/airflow/dags/main.py
[2026-05-08T21:23:33.378+0000] {logging_mixin.py:188} INFO - [2026-05-08T21:23:33.378+0000] {dag.py:3096} INFO - Sync 1 DAGs
[2026-05-08T21:23:33.394+0000] {logging_mixin.py:188} INFO - [2026-05-08T21:23:33.393+0000] {dag.py:3954} INFO - Setting next_dagrun for produce_json to 2026-05-08 19:00:00+00:00, run_after=2026-05-09 19:00:00+00:00
[2026-05-08T21:23:33.407+0000] {processor.py:183} INFO - Processing /opt/airflow/dags/main.py took 0.103 seconds
[2026-05-08T21:24:03.476+0000] {processor.py:161} INFO - Started process (PID=1640) to work on /opt/airflow/dags/main.py
[2026-05-08T21:24:03.477+0000] {processor.py:830} INFO - Processing file /opt/airflow/dags/main.py for tasks to queue
[2026-05-08T21:24:03.478+0000] {logging_mixin.py:188} INFO - [2026-05-08T21:24:03.478+0000] {dagbag.py:545} INFO - Filling up the DagBag from /opt/airflow/dags/main.py
[2026-05-08T21:24:03.541+0000] {logging_mixin.py:188} INFO - get_playlist_id will not be executed
[2026-05-08T21:24:03.549+0000] {processor.py:840} INFO - DAG(s) 'produce_json' retrieved from /opt/airflow/dags/main.py
[2026-05-08T21:24:03.576+0000] {logging_mixin.py:188} INFO - [2026-05-08T21:24:03.576+0000] {dag.py:3096} INFO - Sync 1 DAGs
[2026-05-08T21:24:03.593+0000] {logging_mixin.py:188} INFO - [2026-05-08T21:24:03.592+0000] {dag.py:3954} INFO - Setting next_dagrun for produce_json to 2026-05-08 19:00:00+00:00, run_after=2026-05-09 19:00:00+00:00
[2026-05-08T21:24:03.609+0000] {processor.py:183} INFO - Processing /opt/airflow/dags/main.py took 0.139 seconds
[2026-05-08T21:24:33.685+0000] {processor.py:161} INFO - Started process (PID=1647) to work on /opt/airflow/dags/main.py
[2026-05-08T21:24:33.686+0000] {processor.py:830} INFO - Processing file /opt/airflow/dags/main.py for tasks to queue
[2026-05-08T21:24:33.687+0000] {logging_mixin.py:188} INFO - [2026-05-08T21:24:33.687+0000] {dagbag.py:545} INFO - Filling up the DagBag from /opt/airflow/dags/main.py
[2026-05-08T21:24:33.729+0000] {logging_mixin.py:188} INFO - get_playlist_id will not be executed
[2026-05-08T21:24:33.735+0000] {processor.py:840} INFO - DAG(s) 'produce_json' retrieved from /opt/airflow/dags/main.py
[2026-05-08T21:24:33.761+0000] {logging_mixin.py:188} INFO - [2026-05-08T21:24:33.761+0000] {dag.py:3096} INFO - Sync 1 DAGs
[2026-05-08T21:24:33.775+0000] {logging_mixin.py:188} INFO - [2026-05-08T21:24:33.775+0000] {dag.py:3954} INFO - Setting next_dagrun for produce_json to 2026-05-08 19:00:00+00:00, run_after=2026-05-09 19:00:00+00:00
[2026-05-08T21:24:33.789+0000] {processor.py:183} INFO - Processing /opt/airflow/dags/main.py took 0.109 seconds
[2026-05-08T21:25:03.893+0000] {processor.py:161} INFO - Started process (PID=1654) to work on /opt/airflow/dags/main.py
[2026-05-08T21:25:03.894+0000] {processor.py:830} INFO - Processing file /opt/airflow/dags/main.py for tasks to queue
[2026-05-08T21:25:03.895+0000] {logging_mixin.py:188} INFO - [2026-05-08T21:25:03.895+0000] {dagbag.py:545} INFO - Filling up the DagBag from /opt/airflow/dags/main.py
[2026-05-08T21:25:03.939+0000] {logging_mixin.py:188} INFO - get_playlist_id will not be executed
[2026-05-08T21:25:03.946+0000] {processor.py:840} INFO - DAG(s) 'produce_json' retrieved from /opt/airflow/dags/main.py
[2026-05-08T21:25:03.975+0000] {logging_mixin.py:188} INFO - [2026-05-08T21:25:03.975+0000] {dag.py:3096} INFO - Sync 1 DAGs
[2026-05-08T21:25:03.991+0000] {logging_mixin.py:188} INFO - [2026-05-08T21:25:03.990+0000] {dag.py:3954} INFO - Setting next_dagrun for produce_json to 2026-05-08 19:00:00+00:00, run_after=2026-05-09 19:00:00+00:00
[2026-05-08T21:25:04.004+0000] {processor.py:183} INFO - Processing /opt/airflow/dags/main.py took 0.117 seconds
[2026-05-08T21:25:34.161+0000] {processor.py:161} INFO - Started process (PID=1661) to work on /opt/airflow/dags/main.py
[2026-05-08T21:25:34.162+0000] {processor.py:830} INFO - Processing file /opt/airflow/dags/main.py for tasks to queue
[2026-05-08T21:25:34.163+0000] {logging_mixin.py:188} INFO - [2026-05-08T21:25:34.163+0000] {dagbag.py:545} INFO - Filling up the DagBag from /opt/airflow/dags/main.py
[2026-05-08T21:25:34.201+0000] {logging_mixin.py:188} INFO - get_playlist_id will not be executed
[2026-05-08T21:25:34.207+0000] {processor.py:840} INFO - DAG(s) 'produce_json' retrieved from /opt/airflow/dags/main.py
[2026-05-08T21:25:34.230+0000] {logging_mixin.py:188} INFO - [2026-05-08T21:25:34.230+0000] {dag.py:3096} INFO - Sync 1 DAGs
[2026-05-08T21:25:34.243+0000] {logging_mixin.py:188} INFO - [2026-05-08T21:25:34.243+0000] {dag.py:3954} INFO - Setting next_dagrun for produce_json to 2026-05-08 19:00:00+00:00, run_after=2026-05-09 19:00:00+00:00
[2026-05-08T21:25:34.257+0000] {processor.py:183} INFO - Processing /opt/airflow/dags/main.py took 0.101 seconds
[2026-05-08T21:26:04.317+0000] {processor.py:161} INFO - Started process (PID=1668) to work on /opt/airflow/dags/main.py
[2026-05-08T21:26:04.318+0000] {processor.py:830} INFO - Processing file /opt/airflow/dags/main.py for tasks to queue
[2026-05-08T21:26:04.319+0000] {logging_mixin.py:188} INFO - [2026-05-08T21:26:04.318+0000] {dagbag.py:545} INFO - Filling up the DagBag from /opt/airflow/dags/main.py
[2026-05-08T21:26:04.360+0000] {logging_mixin.py:188} INFO - get_playlist_id will not be executed
[2026-05-08T21:26:04.367+0000] {processor.py:840} INFO - DAG(s) 'produce_json' retrieved from /opt/airflow/dags/main.py
[2026-05-08T21:26:04.390+0000] {logging_mixin.py:188} INFO - [2026-05-08T21:26:04.390+0000] {dag.py:3096} INFO - Sync 1 DAGs
[2026-05-08T21:26:04.404+0000] {logging_mixin.py:188} INFO - [2026-05-08T21:26:04.404+0000] {dag.py:3954} INFO - Setting next_dagrun for produce_json to 2026-05-08 19:00:00+00:00, run_after=2026-05-09 19:00:00+00:00
[2026-05-08T21:26:04.418+0000] {processor.py:183} INFO - Processing /opt/airflow/dags/main.py took 0.106 seconds
[2026-05-08T21:26:34.533+0000] {processor.py:161} INFO - Started process (PID=1675) to work on /opt/airflow/dags/main.py
[2026-05-08T21:26:34.534+0000] {processor.py:830} INFO - Processing file /opt/airflow/dags/main.py for tasks to queue
[2026-05-08T21:26:34.535+0000] {logging_mixin.py:188} INFO - [2026-05-08T21:26:34.534+0000] {dagbag.py:545} INFO - Filling up the DagBag from /opt/airflow/dags/main.py
[2026-05-08T21:26:34.571+0000] {logging_mixin.py:188} INFO - get_playlist_id will not be executed
[2026-05-08T21:26:34.578+0000] {processor.py:840} INFO - DAG(s) 'produce_json' retrieved from /opt/airflow/dags/main.py
[2026-05-08T21:26:34.607+0000] {logging_mixin.py:188} INFO - [2026-05-08T21:26:34.606+0000] {dag.py:3096} INFO - Sync 1 DAGs
[2026-05-08T21:26:34.630+0000] {logging_mixin.py:188} INFO - [2026-05-08T21:26:34.630+0000] {dag.py:3954} INFO - Setting next_dagrun for produce_json to 2026-05-08 19:00:00+00:00, run_after=2026-05-09 19:00:00+00:00
[2026-05-08T21:26:34.642+0000] {processor.py:183} INFO - Processing /opt/airflow/dags/main.py took 0.114 seconds
[2026-05-08T21:27:04.700+0000] {processor.py:161} INFO - Started process (PID=1682) to work on /opt/airflow/dags/main.py
[2026-05-08T21:27:04.700+0000] {processor.py:830} INFO - Processing file /opt/airflow/dags/main.py for tasks to queue
[2026-05-08T21:27:04.701+0000] {logging_mixin.py:188} INFO - [2026-05-08T21:27:04.701+0000] {dagbag.py:545} INFO - Filling up the DagBag from /opt/airflow/dags/main.py
[2026-05-08T21:27:04.737+0000] {logging_mixin.py:188} INFO - get_playlist_id will not be executed
[2026-05-08T21:27:04.742+0000] {processor.py:840} INFO - DAG(s) 'produce_json' retrieved from /opt/airflow/dags/main.py
[2026-05-08T21:27:04.767+0000] {logging_mixin.py:188} INFO - [2026-05-08T21:27:04.767+0000] {dag.py:3096} INFO - Sync 1 DAGs
[2026-05-08T21:27:04.782+0000] {logging_mixin.py:188} INFO - [2026-05-08T21:27:04.782+0000] {dag.py:3954} INFO - Setting next_dagrun for produce_json to 2026-05-08 19:00:00+00:00, run_after=2026-05-09 19:00:00+00:00
[2026-05-08T21:27:04.795+0000] {processor.py:183} INFO - Processing /opt/airflow/dags/main.py took 0.102 seconds
[2026-05-08T21:27:34.916+0000] {processor.py:161} INFO - Started process (PID=1689) to work on /opt/airflow/dags/main.py
[2026-05-08T21:27:34.917+0000] {processor.py:830} INFO - Processing file /opt/airflow/dags/main.py for tasks to queue
[2026-05-08T21:27:34.918+0000] {logging_mixin.py:188} INFO - [2026-05-08T21:27:34.918+0000] {dagbag.py:545} INFO - Filling up the DagBag from /opt/airflow/dags/main.py
[2026-05-08T21:27:34.955+0000] {logging_mixin.py:188} INFO - get_playlist_id will not be executed
[2026-05-08T21:27:34.961+0000] {processor.py:840} INFO - DAG(s) 'produce_json' retrieved from /opt/airflow/dags/main.py
[2026-05-08T21:27:34.986+0000] {logging_mixin.py:188} INFO - [2026-05-08T21:27:34.986+0000] {dag.py:3096} INFO - Sync 1 DAGs
[2026-05-08T21:27:35.000+0000] {logging_mixin.py:188} INFO - [2026-05-08T21:27:34.999+0000] {dag.py:3954} INFO - Setting next_dagrun for produce_json to 2026-05-08 19:00:00+00:00, run_after=2026-05-09 19:00:00+00:00
[2026-05-08T21:27:35.013+0000] {processor.py:183} INFO - Processing /opt/airflow/dags/main.py took 0.102 seconds
[2026-05-08T21:28:05.066+0000] {processor.py:161} INFO - Started process (PID=1696) to work on /opt/airflow/dags/main.py
[2026-05-08T21:28:05.067+0000] {processor.py:830} INFO - Processing file /opt/airflow/dags/main.py for tasks to queue
[2026-05-08T21:28:05.068+0000] {logging_mixin.py:188} INFO - [2026-05-08T21:28:05.068+0000] {dagbag.py:545} INFO - Filling up the DagBag from /opt/airflow/dags/main.py
[2026-05-08T21:28:05.108+0000] {logging_mixin.py:188} INFO - get_playlist_id will not be executed
[2026-05-08T21:28:05.114+0000] {processor.py:840} INFO - DAG(s) 'produce_json' retrieved from /opt/airflow/dags/main.py
[2026-05-08T21:28:05.141+0000] {logging_mixin.py:188} INFO - [2026-05-08T21:28:05.140+0000] {dag.py:3096} INFO - Sync 1 DAGs
[2026-05-08T21:28:05.157+0000] {logging_mixin.py:188} INFO - [2026-05-08T21:28:05.157+0000] {dag.py:3954} INFO - Setting next_dagrun for produce_json to 2026-05-08 19:00:00+00:00, run_after=2026-05-09 19:00:00+00:00
[2026-05-08T21:28:05.171+0000] {processor.py:183} INFO - Processing /opt/airflow/dags/main.py took 0.110 seconds
[2026-05-08T21:28:08.199+0000] {processor.py:161} INFO - Started process (PID=1697) to work on /opt/airflow/dags/main.py
[2026-05-08T21:28:08.201+0000] {processor.py:830} INFO - Processing file /opt/airflow/dags/main.py for tasks to queue
[2026-05-08T21:28:08.202+0000] {logging_mixin.py:188} INFO - [2026-05-08T21:28:08.201+0000] {dagbag.py:545} INFO - Filling up the DagBag from /opt/airflow/dags/main.py
[2026-05-08T21:28:08.256+0000] {logging_mixin.py:188} INFO - get_playlist_id will not be executed
[2026-05-08T21:28:08.577+0000] {logging_mixin.py:188} INFO - [2026-05-08T21:28:08.561+0000] {dagbag.py:355} ERROR - Failed to import: /opt/airflow/dags/main.py
Traceback (most recent call last):
  File "/home/airflow/.local/lib/python3.10/site-packages/airflow/models/dagbag.py", line 351, in parse
    loader.exec_module(new_module)
  File "<frozen importlib._bootstrap_external>", line 883, in exec_module
  File "<frozen importlib._bootstrap>", line 241, in _call_with_frames_removed
  File "/opt/airflow/dags/main.py", line 6, in <module>
    from datawarehouse.dwh import staging_table, core_table
  File "/opt/airflow/dags/datawarehouse/dwh.py", line 1, in <module>
    from datawarehouse.data_utils import (
  File "/opt/airflow/dags/datawarehouse/data_utils.py", line 2, in <module>
    import PostgresHook
ModuleNotFoundError: No module named 'PostgresHook'
[2026-05-08T21:28:08.582+0000] {processor.py:842} WARNING - No viable dags retrieved from /opt/airflow/dags/main.py
[2026-05-08T21:28:08.610+0000] {processor.py:183} INFO - Processing /opt/airflow/dags/main.py took 0.417 seconds
[2026-05-08T21:28:38.764+0000] {processor.py:161} INFO - Started process (PID=1704) to work on /opt/airflow/dags/main.py
[2026-05-08T21:28:38.765+0000] {processor.py:830} INFO - Processing file /opt/airflow/dags/main.py for tasks to queue
[2026-05-08T21:28:38.766+0000] {logging_mixin.py:188} INFO - [2026-05-08T21:28:38.766+0000] {dagbag.py:545} INFO - Filling up the DagBag from /opt/airflow/dags/main.py
[2026-05-08T21:28:38.809+0000] {logging_mixin.py:188} INFO - get_playlist_id will not be executed
[2026-05-08T21:28:38.860+0000] {logging_mixin.py:188} INFO - [2026-05-08T21:28:38.846+0000] {dagbag.py:355} ERROR - Failed to import: /opt/airflow/dags/main.py
Traceback (most recent call last):
  File "/home/airflow/.local/lib/python3.10/site-packages/airflow/models/dagbag.py", line 351, in parse
    loader.exec_module(new_module)
  File "<frozen importlib._bootstrap_external>", line 883, in exec_module
  File "<frozen importlib._bootstrap>", line 241, in _call_with_frames_removed
  File "/opt/airflow/dags/main.py", line 6, in <module>
    from datawarehouse.dwh import staging_table, core_table
  File "/opt/airflow/dags/datawarehouse/dwh.py", line 1, in <module>
    from datawarehouse.data_utils import (
  File "/opt/airflow/dags/datawarehouse/data_utils.py", line 2, in <module>
    import PostgresHook
ModuleNotFoundError: No module named 'PostgresHook'
[2026-05-08T21:28:38.864+0000] {processor.py:842} WARNING - No viable dags retrieved from /opt/airflow/dags/main.py
[2026-05-08T21:28:38.888+0000] {processor.py:183} INFO - Processing /opt/airflow/dags/main.py took 0.130 seconds
[2026-05-08T21:29:09.036+0000] {processor.py:161} INFO - Started process (PID=1711) to work on /opt/airflow/dags/main.py
[2026-05-08T21:29:09.037+0000] {processor.py:830} INFO - Processing file /opt/airflow/dags/main.py for tasks to queue
[2026-05-08T21:29:09.038+0000] {logging_mixin.py:188} INFO - [2026-05-08T21:29:09.037+0000] {dagbag.py:545} INFO - Filling up the DagBag from /opt/airflow/dags/main.py
[2026-05-08T21:29:09.083+0000] {logging_mixin.py:188} INFO - get_playlist_id will not be executed
[2026-05-08T21:29:09.138+0000] {logging_mixin.py:188} INFO - [2026-05-08T21:29:09.123+0000] {dagbag.py:355} ERROR - Failed to import: /opt/airflow/dags/main.py
Traceback (most recent call last):
  File "/home/airflow/.local/lib/python3.10/site-packages/airflow/models/dagbag.py", line 351, in parse
    loader.exec_module(new_module)
  File "<frozen importlib._bootstrap_external>", line 883, in exec_module
  File "<frozen importlib._bootstrap>", line 241, in _call_with_frames_removed
  File "/opt/airflow/dags/main.py", line 6, in <module>
    from datawarehouse.dwh import staging_table, core_table
  File "/opt/airflow/dags/datawarehouse/dwh.py", line 1, in <module>
    from datawarehouse.data_utils import (
  File "/opt/airflow/dags/datawarehouse/data_utils.py", line 2, in <module>
    import PostgresHook
ModuleNotFoundError: No module named 'PostgresHook'
[2026-05-08T21:29:09.141+0000] {processor.py:842} WARNING - No viable dags retrieved from /opt/airflow/dags/main.py
[2026-05-08T21:29:09.161+0000] {processor.py:183} INFO - Processing /opt/airflow/dags/main.py took 0.131 seconds
[2026-05-08T21:29:36.201+0000] {processor.py:161} INFO - Started process (PID=1718) to work on /opt/airflow/dags/main.py
[2026-05-08T21:29:36.202+0000] {processor.py:830} INFO - Processing file /opt/airflow/dags/main.py for tasks to queue
[2026-05-08T21:29:36.203+0000] {logging_mixin.py:188} INFO - [2026-05-08T21:29:36.203+0000] {dagbag.py:545} INFO - Filling up the DagBag from /opt/airflow/dags/main.py
[2026-05-08T21:29:36.263+0000] {logging_mixin.py:188} INFO - get_playlist_id will not be executed
[2026-05-08T21:29:36.308+0000] {logging_mixin.py:188} INFO - [2026-05-08T21:29:36.296+0000] {dagbag.py:355} ERROR - Failed to import: /opt/airflow/dags/main.py
Traceback (most recent call last):
  File "/home/airflow/.local/lib/python3.10/site-packages/airflow/models/dagbag.py", line 351, in parse
    loader.exec_module(new_module)
  File "<frozen importlib._bootstrap_external>", line 883, in exec_module
  File "<frozen importlib._bootstrap>", line 241, in _call_with_frames_removed
  File "/opt/airflow/dags/main.py", line 6, in <module>
    from datawarehouse.dwh import staging_table, core_table
  File "/opt/airflow/dags/datawarehouse/dwh.py", line 1, in <module>
    from datawarehouse.data_utils import (
  File "/opt/airflow/dags/datawarehouse/data_utils.py", line 2, in <module>
    import PostgresHook
ModuleNotFoundError: No module named 'PostgresHook'
[2026-05-08T21:29:36.310+0000] {processor.py:842} WARNING - No viable dags retrieved from /opt/airflow/dags/main.py
[2026-05-08T21:29:36.328+0000] {processor.py:183} INFO - Processing /opt/airflow/dags/main.py took 0.135 seconds
[2026-05-08T21:30:06.593+0000] {processor.py:161} INFO - Started process (PID=1725) to work on /opt/airflow/dags/main.py
[2026-05-08T21:30:06.595+0000] {processor.py:830} INFO - Processing file /opt/airflow/dags/main.py for tasks to queue
[2026-05-08T21:30:06.597+0000] {logging_mixin.py:188} INFO - [2026-05-08T21:30:06.597+0000] {dagbag.py:545} INFO - Filling up the DagBag from /opt/airflow/dags/main.py
[2026-05-08T21:30:06.650+0000] {logging_mixin.py:188} INFO - get_playlist_id will not be executed
[2026-05-08T21:30:06.704+0000] {logging_mixin.py:188} INFO - [2026-05-08T21:30:06.692+0000] {dagbag.py:355} ERROR - Failed to import: /opt/airflow/dags/main.py
Traceback (most recent call last):
  File "/home/airflow/.local/lib/python3.10/site-packages/airflow/models/dagbag.py", line 351, in parse
    loader.exec_module(new_module)
  File "<frozen importlib._bootstrap_external>", line 883, in exec_module
  File "<frozen importlib._bootstrap>", line 241, in _call_with_frames_removed
  File "/opt/airflow/dags/main.py", line 6, in <module>
    from datawarehouse.dwh import staging_table, core_table
  File "/opt/airflow/dags/datawarehouse/dwh.py", line 1, in <module>
    from datawarehouse.data_utils import (
  File "/opt/airflow/dags/datawarehouse/data_utils.py", line 2, in <module>
    import PostgresHook
ModuleNotFoundError: No module named 'PostgresHook'
[2026-05-08T21:30:06.708+0000] {processor.py:842} WARNING - No viable dags retrieved from /opt/airflow/dags/main.py
[2026-05-08T21:30:06.733+0000] {processor.py:183} INFO - Processing /opt/airflow/dags/main.py took 0.148 seconds
[2026-05-08T21:30:36.895+0000] {processor.py:161} INFO - Started process (PID=1732) to work on /opt/airflow/dags/main.py
[2026-05-08T21:30:36.896+0000] {processor.py:830} INFO - Processing file /opt/airflow/dags/main.py for tasks to queue
[2026-05-08T21:30:36.898+0000] {logging_mixin.py:188} INFO - [2026-05-08T21:30:36.897+0000] {dagbag.py:545} INFO - Filling up the DagBag from /opt/airflow/dags/main.py
[2026-05-08T21:30:36.939+0000] {logging_mixin.py:188} INFO - get_playlist_id will not be executed
[2026-05-08T21:30:36.984+0000] {logging_mixin.py:188} INFO - [2026-05-08T21:30:36.973+0000] {dagbag.py:355} ERROR - Failed to import: /opt/airflow/dags/main.py
Traceback (most recent call last):
  File "/home/airflow/.local/lib/python3.10/site-packages/airflow/models/dagbag.py", line 351, in parse
    loader.exec_module(new_module)
  File "<frozen importlib._bootstrap_external>", line 883, in exec_module
  File "<frozen importlib._bootstrap>", line 241, in _call_with_frames_removed
  File "/opt/airflow/dags/main.py", line 6, in <module>
    from datawarehouse.dwh import staging_table, core_table
  File "/opt/airflow/dags/datawarehouse/dwh.py", line 1, in <module>
    from datawarehouse.data_utils import (
  File "/opt/airflow/dags/datawarehouse/data_utils.py", line 2, in <module>
    import PostgresHook
ModuleNotFoundError: No module named 'PostgresHook'
[2026-05-08T21:30:36.987+0000] {processor.py:842} WARNING - No viable dags retrieved from /opt/airflow/dags/main.py
[2026-05-08T21:30:37.003+0000] {processor.py:183} INFO - Processing /opt/airflow/dags/main.py took 0.116 seconds
[2026-05-08T21:31:07.038+0000] {processor.py:161} INFO - Started process (PID=1739) to work on /opt/airflow/dags/main.py
[2026-05-08T21:31:07.039+0000] {processor.py:830} INFO - Processing file /opt/airflow/dags/main.py for tasks to queue
[2026-05-08T21:31:07.039+0000] {logging_mixin.py:188} INFO - [2026-05-08T21:31:07.039+0000] {dagbag.py:545} INFO - Filling up the DagBag from /opt/airflow/dags/main.py
[2026-05-08T21:31:07.074+0000] {logging_mixin.py:188} INFO - get_playlist_id will not be executed
[2026-05-08T21:31:07.115+0000] {logging_mixin.py:188} INFO - [2026-05-08T21:31:07.105+0000] {dagbag.py:355} ERROR - Failed to import: /opt/airflow/dags/main.py
Traceback (most recent call last):
  File "/home/airflow/.local/lib/python3.10/site-packages/airflow/models/dagbag.py", line 351, in parse
    loader.exec_module(new_module)
  File "<frozen importlib._bootstrap_external>", line 883, in exec_module
  File "<frozen importlib._bootstrap>", line 241, in _call_with_frames_removed
  File "/opt/airflow/dags/main.py", line 6, in <module>
    from datawarehouse.dwh import staging_table, core_table
  File "/opt/airflow/dags/datawarehouse/dwh.py", line 1, in <module>
    from datawarehouse.data_utils import (
  File "/opt/airflow/dags/datawarehouse/data_utils.py", line 2, in <module>
    import PostgresHook
ModuleNotFoundError: No module named 'PostgresHook'
[2026-05-08T21:31:07.117+0000] {processor.py:842} WARNING - No viable dags retrieved from /opt/airflow/dags/main.py
[2026-05-08T21:31:07.133+0000] {processor.py:183} INFO - Processing /opt/airflow/dags/main.py took 0.100 seconds
[2026-05-08T21:31:37.288+0000] {processor.py:161} INFO - Started process (PID=1746) to work on /opt/airflow/dags/main.py
[2026-05-08T21:31:37.289+0000] {processor.py:830} INFO - Processing file /opt/airflow/dags/main.py for tasks to queue
[2026-05-08T21:31:37.290+0000] {logging_mixin.py:188} INFO - [2026-05-08T21:31:37.289+0000] {dagbag.py:545} INFO - Filling up the DagBag from /opt/airflow/dags/main.py
[2026-05-08T21:31:37.327+0000] {logging_mixin.py:188} INFO - get_playlist_id will not be executed
[2026-05-08T21:31:37.363+0000] {logging_mixin.py:188} INFO - [2026-05-08T21:31:37.354+0000] {dagbag.py:355} ERROR - Failed to import: /opt/airflow/dags/main.py
Traceback (most recent call last):
  File "/home/airflow/.local/lib/python3.10/site-packages/airflow/models/dagbag.py", line 351, in parse
    loader.exec_module(new_module)
  File "<frozen importlib._bootstrap_external>", line 883, in exec_module
  File "<frozen importlib._bootstrap>", line 241, in _call_with_frames_removed
  File "/opt/airflow/dags/main.py", line 6, in <module>
    from datawarehouse.dwh import staging_table, core_table
  File "/opt/airflow/dags/datawarehouse/dwh.py", line 1, in <module>
    from datawarehouse.data_utils import (
  File "/opt/airflow/dags/datawarehouse/data_utils.py", line 2, in <module>
    import PostgresHook
ModuleNotFoundError: No module named 'PostgresHook'
[2026-05-08T21:31:37.366+0000] {processor.py:842} WARNING - No viable dags retrieved from /opt/airflow/dags/main.py
[2026-05-08T21:31:37.381+0000] {processor.py:183} INFO - Processing /opt/airflow/dags/main.py took 0.098 seconds
[2026-05-08T21:32:07.448+0000] {processor.py:161} INFO - Started process (PID=1753) to work on /opt/airflow/dags/main.py
[2026-05-08T21:32:07.449+0000] {processor.py:830} INFO - Processing file /opt/airflow/dags/main.py for tasks to queue
[2026-05-08T21:32:07.450+0000] {logging_mixin.py:188} INFO - [2026-05-08T21:32:07.449+0000] {dagbag.py:545} INFO - Filling up the DagBag from /opt/airflow/dags/main.py
[2026-05-08T21:32:07.491+0000] {logging_mixin.py:188} INFO - get_playlist_id will not be executed
[2026-05-08T21:32:07.529+0000] {logging_mixin.py:188} INFO - [2026-05-08T21:32:07.520+0000] {dagbag.py:355} ERROR - Failed to import: /opt/airflow/dags/main.py
Traceback (most recent call last):
  File "/home/airflow/.local/lib/python3.10/site-packages/airflow/models/dagbag.py", line 351, in parse
    loader.exec_module(new_module)
  File "<frozen importlib._bootstrap_external>", line 883, in exec_module
  File "<frozen importlib._bootstrap>", line 241, in _call_with_frames_removed
  File "/opt/airflow/dags/main.py", line 6, in <module>
    from datawarehouse.dwh import staging_table, core_table
  File "/opt/airflow/dags/datawarehouse/dwh.py", line 1, in <module>
    from datawarehouse.data_utils import (
  File "/opt/airflow/dags/datawarehouse/data_utils.py", line 2, in <module>
    import PostgresHook
ModuleNotFoundError: No module named 'PostgresHook'
[2026-05-08T21:32:07.532+0000] {processor.py:842} WARNING - No viable dags retrieved from /opt/airflow/dags/main.py
[2026-05-08T21:32:07.546+0000] {processor.py:183} INFO - Processing /opt/airflow/dags/main.py took 0.103 seconds
[2026-05-08T21:32:37.664+0000] {processor.py:161} INFO - Started process (PID=1760) to work on /opt/airflow/dags/main.py
[2026-05-08T21:32:37.665+0000] {processor.py:830} INFO - Processing file /opt/airflow/dags/main.py for tasks to queue
[2026-05-08T21:32:37.666+0000] {logging_mixin.py:188} INFO - [2026-05-08T21:32:37.665+0000] {dagbag.py:545} INFO - Filling up the DagBag from /opt/airflow/dags/main.py
[2026-05-08T21:32:37.702+0000] {logging_mixin.py:188} INFO - get_playlist_id will not be executed
[2026-05-08T21:32:37.739+0000] {logging_mixin.py:188} INFO - [2026-05-08T21:32:37.729+0000] {dagbag.py:355} ERROR - Failed to import: /opt/airflow/dags/main.py
Traceback (most recent call last):
  File "/home/airflow/.local/lib/python3.10/site-packages/airflow/models/dagbag.py", line 351, in parse
    loader.exec_module(new_module)
  File "<frozen importlib._bootstrap_external>", line 883, in exec_module
  File "<frozen importlib._bootstrap>", line 241, in _call_with_frames_removed
  File "/opt/airflow/dags/main.py", line 6, in <module>
    from datawarehouse.dwh import staging_table, core_table
  File "/opt/airflow/dags/datawarehouse/dwh.py", line 1, in <module>
    from datawarehouse.data_utils import (
  File "/opt/airflow/dags/datawarehouse/data_utils.py", line 2, in <module>
    import PostgresHook
ModuleNotFoundError: No module named 'PostgresHook'
[2026-05-08T21:32:37.742+0000] {processor.py:842} WARNING - No viable dags retrieved from /opt/airflow/dags/main.py
[2026-05-08T21:32:37.758+0000] {processor.py:183} INFO - Processing /opt/airflow/dags/main.py took 0.098 seconds
[2026-05-08T21:33:07.814+0000] {processor.py:161} INFO - Started process (PID=1767) to work on /opt/airflow/dags/main.py
[2026-05-08T21:33:07.815+0000] {processor.py:830} INFO - Processing file /opt/airflow/dags/main.py for tasks to queue
[2026-05-08T21:33:07.816+0000] {logging_mixin.py:188} INFO - [2026-05-08T21:33:07.815+0000] {dagbag.py:545} INFO - Filling up the DagBag from /opt/airflow/dags/main.py
[2026-05-08T21:33:07.853+0000] {logging_mixin.py:188} INFO - get_playlist_id will not be executed
[2026-05-08T21:33:07.893+0000] {logging_mixin.py:188} INFO - [2026-05-08T21:33:07.882+0000] {dagbag.py:355} ERROR - Failed to import: /opt/airflow/dags/main.py
Traceback (most recent call last):
  File "/home/airflow/.local/lib/python3.10/site-packages/airflow/models/dagbag.py", line 351, in parse
    loader.exec_module(new_module)
  File "<frozen importlib._bootstrap_external>", line 883, in exec_module
  File "<frozen importlib._bootstrap>", line 241, in _call_with_frames_removed
  File "/opt/airflow/dags/main.py", line 6, in <module>
    from datawarehouse.dwh import staging_table, core_table
  File "/opt/airflow/dags/datawarehouse/dwh.py", line 1, in <module>
    from datawarehouse.data_utils import (
  File "/opt/airflow/dags/datawarehouse/data_utils.py", line 2, in <module>
    import PostgresHook
ModuleNotFoundError: No module named 'PostgresHook'
[2026-05-08T21:33:07.896+0000] {processor.py:842} WARNING - No viable dags retrieved from /opt/airflow/dags/main.py
[2026-05-08T21:33:07.912+0000] {processor.py:183} INFO - Processing /opt/airflow/dags/main.py took 0.102 seconds
[2026-05-08T21:33:38.050+0000] {processor.py:161} INFO - Started process (PID=1774) to work on /opt/airflow/dags/main.py
[2026-05-08T21:33:38.051+0000] {processor.py:830} INFO - Processing file /opt/airflow/dags/main.py for tasks to queue
[2026-05-08T21:33:38.051+0000] {logging_mixin.py:188} INFO - [2026-05-08T21:33:38.051+0000] {dagbag.py:545} INFO - Filling up the DagBag from /opt/airflow/dags/main.py
[2026-05-08T21:33:38.083+0000] {logging_mixin.py:188} INFO - get_playlist_id will not be executed
[2026-05-08T21:33:38.121+0000] {logging_mixin.py:188} INFO - [2026-05-08T21:33:38.111+0000] {dagbag.py:355} ERROR - Failed to import: /opt/airflow/dags/main.py
Traceback (most recent call last):
  File "/home/airflow/.local/lib/python3.10/site-packages/airflow/models/dagbag.py", line 351, in parse
    loader.exec_module(new_module)
  File "<frozen importlib._bootstrap_external>", line 883, in exec_module
  File "<frozen importlib._bootstrap>", line 241, in _call_with_frames_removed
  File "/opt/airflow/dags/main.py", line 6, in <module>
    from datawarehouse.dwh import staging_table, core_table
  File "/opt/airflow/dags/datawarehouse/dwh.py", line 1, in <module>
    from datawarehouse.data_utils import (
  File "/opt/airflow/dags/datawarehouse/data_utils.py", line 2, in <module>
    import PostgresHook
ModuleNotFoundError: No module named 'PostgresHook'
[2026-05-08T21:33:38.123+0000] {processor.py:842} WARNING - No viable dags retrieved from /opt/airflow/dags/main.py
[2026-05-08T21:33:38.137+0000] {processor.py:183} INFO - Processing /opt/airflow/dags/main.py took 0.093 seconds
[2026-05-08T21:34:08.251+0000] {processor.py:161} INFO - Started process (PID=1781) to work on /opt/airflow/dags/main.py
[2026-05-08T21:34:08.252+0000] {processor.py:830} INFO - Processing file /opt/airflow/dags/main.py for tasks to queue
[2026-05-08T21:34:08.253+0000] {logging_mixin.py:188} INFO - [2026-05-08T21:34:08.253+0000] {dagbag.py:545} INFO - Filling up the DagBag from /opt/airflow/dags/main.py
[2026-05-08T21:34:08.286+0000] {logging_mixin.py:188} INFO - get_playlist_id will not be executed
[2026-05-08T21:34:08.328+0000] {logging_mixin.py:188} INFO - [2026-05-08T21:34:08.314+0000] {dagbag.py:355} ERROR - Failed to import: /opt/airflow/dags/main.py
Traceback (most recent call last):
  File "/home/airflow/.local/lib/python3.10/site-packages/airflow/models/dagbag.py", line 351, in parse
    loader.exec_module(new_module)
  File "<frozen importlib._bootstrap_external>", line 883, in exec_module
  File "<frozen importlib._bootstrap>", line 241, in _call_with_frames_removed
  File "/opt/airflow/dags/main.py", line 6, in <module>
    from datawarehouse.dwh import staging_table, core_table
  File "/opt/airflow/dags/datawarehouse/dwh.py", line 1, in <module>
    from datawarehouse.data_utils import (
  File "/opt/airflow/dags/datawarehouse/data_utils.py", line 2, in <module>
    import PostgresHook
ModuleNotFoundError: No module named 'PostgresHook'
[2026-05-08T21:34:08.330+0000] {processor.py:842} WARNING - No viable dags retrieved from /opt/airflow/dags/main.py
[2026-05-08T21:34:08.350+0000] {processor.py:183} INFO - Processing /opt/airflow/dags/main.py took 0.108 seconds
[2026-05-08T21:34:38.406+0000] {processor.py:161} INFO - Started process (PID=1788) to work on /opt/airflow/dags/main.py
[2026-05-08T21:34:38.406+0000] {processor.py:830} INFO - Processing file /opt/airflow/dags/main.py for tasks to queue
[2026-05-08T21:34:38.407+0000] {logging_mixin.py:188} INFO - [2026-05-08T21:34:38.407+0000] {dagbag.py:545} INFO - Filling up the DagBag from /opt/airflow/dags/main.py
[2026-05-08T21:34:38.442+0000] {logging_mixin.py:188} INFO - get_playlist_id will not be executed
[2026-05-08T21:34:38.485+0000] {logging_mixin.py:188} INFO - [2026-05-08T21:34:38.474+0000] {dagbag.py:355} ERROR - Failed to import: /opt/airflow/dags/main.py
Traceback (most recent call last):
  File "/home/airflow/.local/lib/python3.10/site-packages/airflow/models/dagbag.py", line 351, in parse
    loader.exec_module(new_module)
  File "<frozen importlib._bootstrap_external>", line 883, in exec_module
  File "<frozen importlib._bootstrap>", line 241, in _call_with_frames_removed
  File "/opt/airflow/dags/main.py", line 6, in <module>
    from datawarehouse.dwh import staging_table, core_table
  File "/opt/airflow/dags/datawarehouse/dwh.py", line 1, in <module>
    from datawarehouse.data_utils import (
  File "/opt/airflow/dags/datawarehouse/data_utils.py", line 2, in <module>
    import PostgresHook
ModuleNotFoundError: No module named 'PostgresHook'
[2026-05-08T21:34:38.487+0000] {processor.py:842} WARNING - No viable dags retrieved from /opt/airflow/dags/main.py
[2026-05-08T21:34:38.503+0000] {processor.py:183} INFO - Processing /opt/airflow/dags/main.py took 0.102 seconds
[2026-05-08T21:35:08.719+0000] {processor.py:161} INFO - Started process (PID=1795) to work on /opt/airflow/dags/main.py
[2026-05-08T21:35:08.720+0000] {processor.py:830} INFO - Processing file /opt/airflow/dags/main.py for tasks to queue
[2026-05-08T21:35:08.721+0000] {logging_mixin.py:188} INFO - [2026-05-08T21:35:08.721+0000] {dagbag.py:545} INFO - Filling up the DagBag from /opt/airflow/dags/main.py
[2026-05-08T21:35:08.761+0000] {logging_mixin.py:188} INFO - get_playlist_id will not be executed
[2026-05-08T21:35:08.803+0000] {logging_mixin.py:188} INFO - [2026-05-08T21:35:08.793+0000] {dagbag.py:355} ERROR - Failed to import: /opt/airflow/dags/main.py
Traceback (most recent call last):
  File "/home/airflow/.local/lib/python3.10/site-packages/airflow/models/dagbag.py", line 351, in parse
    loader.exec_module(new_module)
  File "<frozen importlib._bootstrap_external>", line 883, in exec_module
  File "<frozen importlib._bootstrap>", line 241, in _call_with_frames_removed
  File "/opt/airflow/dags/main.py", line 6, in <module>
    from datawarehouse.dwh import staging_table, core_table
  File "/opt/airflow/dags/datawarehouse/dwh.py", line 1, in <module>
    from datawarehouse.data_utils import (
  File "/opt/airflow/dags/datawarehouse/data_utils.py", line 2, in <module>
    import PostgresHook
ModuleNotFoundError: No module named 'PostgresHook'
[2026-05-08T21:35:08.805+0000] {processor.py:842} WARNING - No viable dags retrieved from /opt/airflow/dags/main.py
[2026-05-08T21:35:08.823+0000] {processor.py:183} INFO - Processing /opt/airflow/dags/main.py took 0.118 seconds
[2026-05-08T22:09:39.884+0000] {processor.py:161} INFO - Started process (PID=1796) to work on /opt/airflow/dags/main.py
[2026-05-08T22:09:39.902+0000] {processor.py:830} INFO - Processing file /opt/airflow/dags/main.py for tasks to queue
[2026-05-08T22:09:39.908+0000] {logging_mixin.py:188} INFO - [2026-05-08T22:09:39.907+0000] {dagbag.py:545} INFO - Filling up the DagBag from /opt/airflow/dags/main.py
[2026-05-08T22:09:40.201+0000] {logging_mixin.py:188} INFO - get_playlist_id will not be executed
[2026-05-08T22:09:40.294+0000] {logging_mixin.py:188} INFO - [2026-05-08T22:09:40.280+0000] {dagbag.py:355} ERROR - Failed to import: /opt/airflow/dags/main.py
Traceback (most recent call last):
  File "/home/airflow/.local/lib/python3.10/site-packages/airflow/models/dagbag.py", line 351, in parse
    loader.exec_module(new_module)
  File "<frozen importlib._bootstrap_external>", line 883, in exec_module
  File "<frozen importlib._bootstrap>", line 241, in _call_with_frames_removed
  File "/opt/airflow/dags/main.py", line 6, in <module>
    from datawarehouse.dwh import staging_table, core_table
  File "/opt/airflow/dags/datawarehouse/dwh.py", line 1, in <module>
    from datawarehouse.data_utils import (
  File "/opt/airflow/dags/datawarehouse/data_utils.py", line 2, in <module>
    import PostgresHook
ModuleNotFoundError: No module named 'PostgresHook'
[2026-05-08T22:09:40.298+0000] {processor.py:842} WARNING - No viable dags retrieved from /opt/airflow/dags/main.py
[2026-05-08T22:09:40.322+0000] {processor.py:183} INFO - Processing /opt/airflow/dags/main.py took 0.510 seconds
[2026-05-08T22:10:10.620+0000] {processor.py:161} INFO - Started process (PID=1804) to work on /opt/airflow/dags/main.py
[2026-05-08T22:10:10.623+0000] {processor.py:830} INFO - Processing file /opt/airflow/dags/main.py for tasks to queue
[2026-05-08T22:10:10.624+0000] {logging_mixin.py:188} INFO - [2026-05-08T22:10:10.624+0000] {dagbag.py:545} INFO - Filling up the DagBag from /opt/airflow/dags/main.py
[2026-05-08T22:10:10.676+0000] {logging_mixin.py:188} INFO - get_playlist_id will not be executed
[2026-05-08T22:10:10.732+0000] {logging_mixin.py:188} INFO - [2026-05-08T22:10:10.718+0000] {dagbag.py:355} ERROR - Failed to import: /opt/airflow/dags/main.py
Traceback (most recent call last):
  File "/home/airflow/.local/lib/python3.10/site-packages/airflow/models/dagbag.py", line 351, in parse
    loader.exec_module(new_module)
  File "<frozen importlib._bootstrap_external>", line 883, in exec_module
  File "<frozen importlib._bootstrap>", line 241, in _call_with_frames_removed
  File "/opt/airflow/dags/main.py", line 6, in <module>
    from datawarehouse.dwh import staging_table, core_table
  File "/opt/airflow/dags/datawarehouse/dwh.py", line 1, in <module>
    from datawarehouse.data_utils import (
  File "/opt/airflow/dags/datawarehouse/data_utils.py", line 2, in <module>
    import PostgresHook
ModuleNotFoundError: No module named 'PostgresHook'
[2026-05-08T22:10:10.735+0000] {processor.py:842} WARNING - No viable dags retrieved from /opt/airflow/dags/main.py
[2026-05-08T22:10:10.755+0000] {processor.py:183} INFO - Processing /opt/airflow/dags/main.py took 0.142 seconds
[2026-05-08T22:10:40.888+0000] {processor.py:161} INFO - Started process (PID=1811) to work on /opt/airflow/dags/main.py
[2026-05-08T22:10:40.889+0000] {processor.py:830} INFO - Processing file /opt/airflow/dags/main.py for tasks to queue
[2026-05-08T22:10:40.889+0000] {logging_mixin.py:188} INFO - [2026-05-08T22:10:40.889+0000] {dagbag.py:545} INFO - Filling up the DagBag from /opt/airflow/dags/main.py
[2026-05-08T22:10:40.929+0000] {logging_mixin.py:188} INFO - get_playlist_id will not be executed
[2026-05-08T22:10:40.973+0000] {logging_mixin.py:188} INFO - [2026-05-08T22:10:40.963+0000] {dagbag.py:355} ERROR - Failed to import: /opt/airflow/dags/main.py
Traceback (most recent call last):
  File "/home/airflow/.local/lib/python3.10/site-packages/airflow/models/dagbag.py", line 351, in parse
    loader.exec_module(new_module)
  File "<frozen importlib._bootstrap_external>", line 883, in exec_module
  File "<frozen importlib._bootstrap>", line 241, in _call_with_frames_removed
  File "/opt/airflow/dags/main.py", line 6, in <module>
    from datawarehouse.dwh import staging_table, core_table
  File "/opt/airflow/dags/datawarehouse/dwh.py", line 1, in <module>
    from datawarehouse.data_utils import (
  File "/opt/airflow/dags/datawarehouse/data_utils.py", line 2, in <module>
    import PostgresHook
ModuleNotFoundError: No module named 'PostgresHook'
[2026-05-08T22:10:40.976+0000] {processor.py:842} WARNING - No viable dags retrieved from /opt/airflow/dags/main.py
[2026-05-08T22:10:40.992+0000] {processor.py:183} INFO - Processing /opt/airflow/dags/main.py took 0.110 seconds
[2026-05-08T22:11:11.112+0000] {processor.py:161} INFO - Started process (PID=1818) to work on /opt/airflow/dags/main.py
[2026-05-08T22:11:11.113+0000] {processor.py:830} INFO - Processing file /opt/airflow/dags/main.py for tasks to queue
[2026-05-08T22:11:11.115+0000] {logging_mixin.py:188} INFO - [2026-05-08T22:11:11.115+0000] {dagbag.py:545} INFO - Filling up the DagBag from /opt/airflow/dags/main.py
[2026-05-08T22:11:11.155+0000] {logging_mixin.py:188} INFO - get_playlist_id will not be executed
[2026-05-08T22:11:11.202+0000] {logging_mixin.py:188} INFO - [2026-05-08T22:11:11.192+0000] {dagbag.py:355} ERROR - Failed to import: /opt/airflow/dags/main.py
Traceback (most recent call last):
  File "/home/airflow/.local/lib/python3.10/site-packages/airflow/models/dagbag.py", line 351, in parse
    loader.exec_module(new_module)
  File "<frozen importlib._bootstrap_external>", line 883, in exec_module
  File "<frozen importlib._bootstrap>", line 241, in _call_with_frames_removed
  File "/opt/airflow/dags/main.py", line 6, in <module>
    from datawarehouse.dwh import staging_table, core_table
  File "/opt/airflow/dags/datawarehouse/dwh.py", line 1, in <module>
    from datawarehouse.data_utils import (
  File "/opt/airflow/dags/datawarehouse/data_utils.py", line 2, in <module>
    import PostgresHook
ModuleNotFoundError: No module named 'PostgresHook'
[2026-05-08T22:11:11.204+0000] {processor.py:842} WARNING - No viable dags retrieved from /opt/airflow/dags/main.py
[2026-05-08T22:11:11.220+0000] {processor.py:183} INFO - Processing /opt/airflow/dags/main.py took 0.113 seconds
[2026-05-08T22:11:41.352+0000] {processor.py:161} INFO - Started process (PID=1825) to work on /opt/airflow/dags/main.py
[2026-05-08T22:11:41.353+0000] {processor.py:830} INFO - Processing file /opt/airflow/dags/main.py for tasks to queue
[2026-05-08T22:11:41.354+0000] {logging_mixin.py:188} INFO - [2026-05-08T22:11:41.354+0000] {dagbag.py:545} INFO - Filling up the DagBag from /opt/airflow/dags/main.py
[2026-05-08T22:11:41.404+0000] {logging_mixin.py:188} INFO - get_playlist_id will not be executed
[2026-05-08T22:11:41.456+0000] {logging_mixin.py:188} INFO - [2026-05-08T22:11:41.444+0000] {dagbag.py:355} ERROR - Failed to import: /opt/airflow/dags/main.py
Traceback (most recent call last):
  File "/home/airflow/.local/lib/python3.10/site-packages/airflow/models/dagbag.py", line 351, in parse
    loader.exec_module(new_module)
  File "<frozen importlib._bootstrap_external>", line 883, in exec_module
  File "<frozen importlib._bootstrap>", line 241, in _call_with_frames_removed
  File "/opt/airflow/dags/main.py", line 6, in <module>
    from datawarehouse.dwh import staging_table, core_table
  File "/opt/airflow/dags/datawarehouse/dwh.py", line 1, in <module>
    from datawarehouse.data_utils import (
  File "/opt/airflow/dags/datawarehouse/data_utils.py", line 2, in <module>
    import PostgresHook
ModuleNotFoundError: No module named 'PostgresHook'
[2026-05-08T22:11:41.459+0000] {processor.py:842} WARNING - No viable dags retrieved from /opt/airflow/dags/main.py
[2026-05-08T22:11:41.476+0000] {processor.py:183} INFO - Processing /opt/airflow/dags/main.py took 0.130 seconds
[2026-05-08T22:12:11.611+0000] {processor.py:161} INFO - Started process (PID=1832) to work on /opt/airflow/dags/main.py
[2026-05-08T22:12:11.612+0000] {processor.py:830} INFO - Processing file /opt/airflow/dags/main.py for tasks to queue
[2026-05-08T22:12:11.613+0000] {logging_mixin.py:188} INFO - [2026-05-08T22:12:11.613+0000] {dagbag.py:545} INFO - Filling up the DagBag from /opt/airflow/dags/main.py
[2026-05-08T22:12:11.656+0000] {logging_mixin.py:188} INFO - get_playlist_id will not be executed
[2026-05-08T22:12:11.698+0000] {logging_mixin.py:188} INFO - [2026-05-08T22:12:11.689+0000] {dagbag.py:355} ERROR - Failed to import: /opt/airflow/dags/main.py
Traceback (most recent call last):
  File "/home/airflow/.local/lib/python3.10/site-packages/airflow/models/dagbag.py", line 351, in parse
    loader.exec_module(new_module)
  File "<frozen importlib._bootstrap_external>", line 883, in exec_module
  File "<frozen importlib._bootstrap>", line 241, in _call_with_frames_removed
  File "/opt/airflow/dags/main.py", line 6, in <module>
    from datawarehouse.dwh import staging_table, core_table
  File "/opt/airflow/dags/datawarehouse/dwh.py", line 1, in <module>
    from datawarehouse.data_utils import (
  File "/opt/airflow/dags/datawarehouse/data_utils.py", line 2, in <module>
    import PostgresHook
ModuleNotFoundError: No module named 'PostgresHook'
[2026-05-08T22:12:11.701+0000] {processor.py:842} WARNING - No viable dags retrieved from /opt/airflow/dags/main.py
[2026-05-08T22:12:11.718+0000] {processor.py:183} INFO - Processing /opt/airflow/dags/main.py took 0.112 seconds
[2026-05-08T22:12:41.763+0000] {processor.py:161} INFO - Started process (PID=1839) to work on /opt/airflow/dags/main.py
[2026-05-08T22:12:41.764+0000] {processor.py:830} INFO - Processing file /opt/airflow/dags/main.py for tasks to queue
[2026-05-08T22:12:41.765+0000] {logging_mixin.py:188} INFO - [2026-05-08T22:12:41.764+0000] {dagbag.py:545} INFO - Filling up the DagBag from /opt/airflow/dags/main.py
[2026-05-08T22:12:41.816+0000] {logging_mixin.py:188} INFO - get_playlist_id will not be executed
[2026-05-08T22:12:41.875+0000] {logging_mixin.py:188} INFO - [2026-05-08T22:12:41.861+0000] {dagbag.py:355} ERROR - Failed to import: /opt/airflow/dags/main.py
Traceback (most recent call last):
  File "/home/airflow/.local/lib/python3.10/site-packages/airflow/models/dagbag.py", line 351, in parse
    loader.exec_module(new_module)
  File "<frozen importlib._bootstrap_external>", line 883, in exec_module
  File "<frozen importlib._bootstrap>", line 241, in _call_with_frames_removed
  File "/opt/airflow/dags/main.py", line 6, in <module>
    from datawarehouse.dwh import staging_table, core_table
  File "/opt/airflow/dags/datawarehouse/dwh.py", line 1, in <module>
    from datawarehouse.data_utils import (
  File "/opt/airflow/dags/datawarehouse/data_utils.py", line 2, in <module>
    import PostgresHook
ModuleNotFoundError: No module named 'PostgresHook'
[2026-05-08T22:12:41.879+0000] {processor.py:842} WARNING - No viable dags retrieved from /opt/airflow/dags/main.py
[2026-05-08T22:12:41.896+0000] {processor.py:183} INFO - Processing /opt/airflow/dags/main.py took 0.139 seconds
[2026-05-08T22:17:56.774+0000] {processor.py:161} INFO - Started process (PID=1846) to work on /opt/airflow/dags/main.py
[2026-05-08T22:17:56.779+0000] {processor.py:830} INFO - Processing file /opt/airflow/dags/main.py for tasks to queue
[2026-05-08T22:17:56.792+0000] {logging_mixin.py:188} INFO - [2026-05-08T22:17:56.791+0000] {dagbag.py:545} INFO - Filling up the DagBag from /opt/airflow/dags/main.py
[2026-05-08T22:17:56.884+0000] {logging_mixin.py:188} INFO - get_playlist_id will not be executed
[2026-05-08T22:17:56.963+0000] {logging_mixin.py:188} INFO - [2026-05-08T22:17:56.941+0000] {dagbag.py:355} ERROR - Failed to import: /opt/airflow/dags/main.py
Traceback (most recent call last):
  File "/home/airflow/.local/lib/python3.10/site-packages/airflow/models/dagbag.py", line 351, in parse
    loader.exec_module(new_module)
  File "<frozen importlib._bootstrap_external>", line 883, in exec_module
  File "<frozen importlib._bootstrap>", line 241, in _call_with_frames_removed
  File "/opt/airflow/dags/main.py", line 6, in <module>
    from datawarehouse.dwh import staging_table, core_table
  File "/opt/airflow/dags/datawarehouse/dwh.py", line 1, in <module>
    from datawarehouse.data_utils import (
  File "/opt/airflow/dags/datawarehouse/data_utils.py", line 2, in <module>
    import PostgresHook
ModuleNotFoundError: No module named 'PostgresHook'
[2026-05-08T22:17:56.967+0000] {processor.py:842} WARNING - No viable dags retrieved from /opt/airflow/dags/main.py
[2026-05-08T22:17:56.996+0000] {processor.py:183} INFO - Processing /opt/airflow/dags/main.py took 0.239 seconds
[2026-05-08T22:18:27.169+0000] {processor.py:161} INFO - Started process (PID=1853) to work on /opt/airflow/dags/main.py
[2026-05-08T22:18:27.171+0000] {processor.py:830} INFO - Processing file /opt/airflow/dags/main.py for tasks to queue
[2026-05-08T22:18:27.172+0000] {logging_mixin.py:188} INFO - [2026-05-08T22:18:27.171+0000] {dagbag.py:545} INFO - Filling up the DagBag from /opt/airflow/dags/main.py
[2026-05-08T22:18:27.213+0000] {logging_mixin.py:188} INFO - get_playlist_id will not be executed
[2026-05-08T22:18:27.255+0000] {logging_mixin.py:188} INFO - [2026-05-08T22:18:27.244+0000] {dagbag.py:355} ERROR - Failed to import: /opt/airflow/dags/main.py
Traceback (most recent call last):
  File "/home/airflow/.local/lib/python3.10/site-packages/airflow/models/dagbag.py", line 351, in parse
    loader.exec_module(new_module)
  File "<frozen importlib._bootstrap_external>", line 883, in exec_module
  File "<frozen importlib._bootstrap>", line 241, in _call_with_frames_removed
  File "/opt/airflow/dags/main.py", line 6, in <module>
    from datawarehouse.dwh import staging_table, core_table
  File "/opt/airflow/dags/datawarehouse/dwh.py", line 1, in <module>
    from datawarehouse.data_utils import (
  File "/opt/airflow/dags/datawarehouse/data_utils.py", line 2, in <module>
    import PostgresHook
ModuleNotFoundError: No module named 'PostgresHook'
[2026-05-08T22:18:27.258+0000] {processor.py:842} WARNING - No viable dags retrieved from /opt/airflow/dags/main.py
[2026-05-08T22:18:27.275+0000] {processor.py:183} INFO - Processing /opt/airflow/dags/main.py took 0.114 seconds
[2026-05-08T22:18:57.444+0000] {processor.py:161} INFO - Started process (PID=1860) to work on /opt/airflow/dags/main.py
[2026-05-08T22:18:57.445+0000] {processor.py:830} INFO - Processing file /opt/airflow/dags/main.py for tasks to queue
[2026-05-08T22:18:57.446+0000] {logging_mixin.py:188} INFO - [2026-05-08T22:18:57.445+0000] {dagbag.py:545} INFO - Filling up the DagBag from /opt/airflow/dags/main.py
[2026-05-08T22:18:57.482+0000] {logging_mixin.py:188} INFO - get_playlist_id will not be executed
[2026-05-08T22:18:57.520+0000] {logging_mixin.py:188} INFO - [2026-05-08T22:18:57.512+0000] {dagbag.py:355} ERROR - Failed to import: /opt/airflow/dags/main.py
Traceback (most recent call last):
  File "/home/airflow/.local/lib/python3.10/site-packages/airflow/models/dagbag.py", line 351, in parse
    loader.exec_module(new_module)
  File "<frozen importlib._bootstrap_external>", line 883, in exec_module
  File "<frozen importlib._bootstrap>", line 241, in _call_with_frames_removed
  File "/opt/airflow/dags/main.py", line 6, in <module>
    from datawarehouse.dwh import staging_table, core_table
  File "/opt/airflow/dags/datawarehouse/dwh.py", line 1, in <module>
    from datawarehouse.data_utils import (
  File "/opt/airflow/dags/datawarehouse/data_utils.py", line 2, in <module>
    import PostgresHook
ModuleNotFoundError: No module named 'PostgresHook'
[2026-05-08T22:18:57.522+0000] {processor.py:842} WARNING - No viable dags retrieved from /opt/airflow/dags/main.py
[2026-05-08T22:18:57.541+0000] {processor.py:183} INFO - Processing /opt/airflow/dags/main.py took 0.104 seconds
[2026-05-08T22:19:27.664+0000] {processor.py:161} INFO - Started process (PID=1867) to work on /opt/airflow/dags/main.py
[2026-05-08T22:19:27.666+0000] {processor.py:830} INFO - Processing file /opt/airflow/dags/main.py for tasks to queue
[2026-05-08T22:19:27.667+0000] {logging_mixin.py:188} INFO - [2026-05-08T22:19:27.667+0000] {dagbag.py:545} INFO - Filling up the DagBag from /opt/airflow/dags/main.py
[2026-05-08T22:19:27.728+0000] {logging_mixin.py:188} INFO - get_playlist_id will not be executed
[2026-05-08T22:19:27.789+0000] {logging_mixin.py:188} INFO - [2026-05-08T22:19:27.776+0000] {dagbag.py:355} ERROR - Failed to import: /opt/airflow/dags/main.py
Traceback (most recent call last):
  File "/home/airflow/.local/lib/python3.10/site-packages/airflow/models/dagbag.py", line 351, in parse
    loader.exec_module(new_module)
  File "<frozen importlib._bootstrap_external>", line 883, in exec_module
  File "<frozen importlib._bootstrap>", line 241, in _call_with_frames_removed
  File "/opt/airflow/dags/main.py", line 6, in <module>
    from datawarehouse.dwh import staging_table, core_table
  File "/opt/airflow/dags/datawarehouse/dwh.py", line 1, in <module>
    from datawarehouse.data_utils import (
  File "/opt/airflow/dags/datawarehouse/data_utils.py", line 2, in <module>
    import PostgresHook
ModuleNotFoundError: No module named 'PostgresHook'
[2026-05-08T22:19:27.794+0000] {processor.py:842} WARNING - No viable dags retrieved from /opt/airflow/dags/main.py
[2026-05-08T22:19:27.819+0000] {processor.py:183} INFO - Processing /opt/airflow/dags/main.py took 0.164 seconds
[2026-05-08T22:19:57.868+0000] {processor.py:161} INFO - Started process (PID=1874) to work on /opt/airflow/dags/main.py
[2026-05-08T22:19:57.870+0000] {processor.py:830} INFO - Processing file /opt/airflow/dags/main.py for tasks to queue
[2026-05-08T22:19:57.871+0000] {logging_mixin.py:188} INFO - [2026-05-08T22:19:57.870+0000] {dagbag.py:545} INFO - Filling up the DagBag from /opt/airflow/dags/main.py
[2026-05-08T22:19:57.920+0000] {logging_mixin.py:188} INFO - get_playlist_id will not be executed
[2026-05-08T22:19:57.980+0000] {logging_mixin.py:188} INFO - [2026-05-08T22:19:57.958+0000] {dagbag.py:355} ERROR - Failed to import: /opt/airflow/dags/main.py
Traceback (most recent call last):
  File "/home/airflow/.local/lib/python3.10/site-packages/airflow/models/dagbag.py", line 351, in parse
    loader.exec_module(new_module)
  File "<frozen importlib._bootstrap_external>", line 883, in exec_module
  File "<frozen importlib._bootstrap>", line 241, in _call_with_frames_removed
  File "/opt/airflow/dags/main.py", line 6, in <module>
    from datawarehouse.dwh import staging_table, core_table
  File "/opt/airflow/dags/datawarehouse/dwh.py", line 1, in <module>
    from datawarehouse.data_utils import (
  File "/opt/airflow/dags/datawarehouse/data_utils.py", line 2, in <module>
    import PostgresHook
ModuleNotFoundError: No module named 'PostgresHook'
[2026-05-08T22:19:57.983+0000] {processor.py:842} WARNING - No viable dags retrieved from /opt/airflow/dags/main.py
[2026-05-08T22:19:58.003+0000] {processor.py:183} INFO - Processing /opt/airflow/dags/main.py took 0.142 seconds
[2026-05-08T22:20:28.101+0000] {processor.py:161} INFO - Started process (PID=1882) to work on /opt/airflow/dags/main.py
[2026-05-08T22:20:28.103+0000] {processor.py:830} INFO - Processing file /opt/airflow/dags/main.py for tasks to queue
[2026-05-08T22:20:28.103+0000] {logging_mixin.py:188} INFO - [2026-05-08T22:20:28.103+0000] {dagbag.py:545} INFO - Filling up the DagBag from /opt/airflow/dags/main.py
[2026-05-08T22:20:28.150+0000] {logging_mixin.py:188} INFO - get_playlist_id will not be executed
[2026-05-08T22:20:28.196+0000] {logging_mixin.py:188} INFO - [2026-05-08T22:20:28.184+0000] {dagbag.py:355} ERROR - Failed to import: /opt/airflow/dags/main.py
Traceback (most recent call last):
  File "/home/airflow/.local/lib/python3.10/site-packages/airflow/models/dagbag.py", line 351, in parse
    loader.exec_module(new_module)
  File "<frozen importlib._bootstrap_external>", line 883, in exec_module
  File "<frozen importlib._bootstrap>", line 241, in _call_with_frames_removed
  File "/opt/airflow/dags/main.py", line 6, in <module>
    from datawarehouse.dwh import staging_table, core_table
  File "/opt/airflow/dags/datawarehouse/dwh.py", line 1, in <module>
    from datawarehouse.data_utils import (
  File "/opt/airflow/dags/datawarehouse/data_utils.py", line 2, in <module>
    import PostgresHook
ModuleNotFoundError: No module named 'PostgresHook'
[2026-05-08T22:20:28.199+0000] {processor.py:842} WARNING - No viable dags retrieved from /opt/airflow/dags/main.py
[2026-05-08T22:20:28.217+0000] {processor.py:183} INFO - Processing /opt/airflow/dags/main.py took 0.124 seconds
[2026-05-08T22:20:58.272+0000] {processor.py:161} INFO - Started process (PID=1889) to work on /opt/airflow/dags/main.py
[2026-05-08T22:20:58.273+0000] {processor.py:830} INFO - Processing file /opt/airflow/dags/main.py for tasks to queue
[2026-05-08T22:20:58.275+0000] {logging_mixin.py:188} INFO - [2026-05-08T22:20:58.274+0000] {dagbag.py:545} INFO - Filling up the DagBag from /opt/airflow/dags/main.py
[2026-05-08T22:20:58.326+0000] {logging_mixin.py:188} INFO - get_playlist_id will not be executed
[2026-05-08T22:20:58.381+0000] {logging_mixin.py:188} INFO - [2026-05-08T22:20:58.371+0000] {dagbag.py:355} ERROR - Failed to import: /opt/airflow/dags/main.py
Traceback (most recent call last):
  File "/home/airflow/.local/lib/python3.10/site-packages/airflow/models/dagbag.py", line 351, in parse
    loader.exec_module(new_module)
  File "<frozen importlib._bootstrap_external>", line 883, in exec_module
  File "<frozen importlib._bootstrap>", line 241, in _call_with_frames_removed
  File "/opt/airflow/dags/main.py", line 6, in <module>
    from datawarehouse.dwh import staging_table, core_table
  File "/opt/airflow/dags/datawarehouse/dwh.py", line 1, in <module>
    from datawarehouse.data_utils import (
  File "/opt/airflow/dags/datawarehouse/data_utils.py", line 2, in <module>
    import PostgresHook
ModuleNotFoundError: No module named 'PostgresHook'
[2026-05-08T22:20:58.384+0000] {processor.py:842} WARNING - No viable dags retrieved from /opt/airflow/dags/main.py
[2026-05-08T22:20:58.402+0000] {processor.py:183} INFO - Processing /opt/airflow/dags/main.py took 0.137 seconds
[2026-05-08T22:21:28.833+0000] {processor.py:161} INFO - Started process (PID=1896) to work on /opt/airflow/dags/main.py
[2026-05-08T22:21:28.835+0000] {processor.py:830} INFO - Processing file /opt/airflow/dags/main.py for tasks to queue
[2026-05-08T22:21:28.836+0000] {logging_mixin.py:188} INFO - [2026-05-08T22:21:28.836+0000] {dagbag.py:545} INFO - Filling up the DagBag from /opt/airflow/dags/main.py
[2026-05-08T22:21:28.898+0000] {logging_mixin.py:188} INFO - get_playlist_id will not be executed
[2026-05-08T22:21:29.022+0000] {logging_mixin.py:188} INFO - [2026-05-08T22:21:28.958+0000] {dagbag.py:355} ERROR - Failed to import: /opt/airflow/dags/main.py
Traceback (most recent call last):
  File "/home/airflow/.local/lib/python3.10/site-packages/airflow/models/dagbag.py", line 351, in parse
    loader.exec_module(new_module)
  File "<frozen importlib._bootstrap_external>", line 883, in exec_module
  File "<frozen importlib._bootstrap>", line 241, in _call_with_frames_removed
  File "/opt/airflow/dags/main.py", line 6, in <module>
    from datawarehouse.dwh import staging_table, core_table
  File "/opt/airflow/dags/datawarehouse/dwh.py", line 1, in <module>
    from datawarehouse.data_utils import (
  File "/opt/airflow/dags/datawarehouse/data_utils.py", line 2, in <module>
    import PostgresHook
ModuleNotFoundError: No module named 'PostgresHook'
[2026-05-08T22:21:29.042+0000] {processor.py:842} WARNING - No viable dags retrieved from /opt/airflow/dags/main.py
[2026-05-08T22:21:29.062+0000] {processor.py:183} INFO - Processing /opt/airflow/dags/main.py took 0.236 seconds
[2026-05-08T22:21:59.283+0000] {processor.py:161} INFO - Started process (PID=1903) to work on /opt/airflow/dags/main.py
[2026-05-08T22:21:59.285+0000] {processor.py:830} INFO - Processing file /opt/airflow/dags/main.py for tasks to queue
[2026-05-08T22:21:59.286+0000] {logging_mixin.py:188} INFO - [2026-05-08T22:21:59.285+0000] {dagbag.py:545} INFO - Filling up the DagBag from /opt/airflow/dags/main.py
[2026-05-08T22:21:59.333+0000] {logging_mixin.py:188} INFO - get_playlist_id will not be executed
[2026-05-08T22:21:59.387+0000] {logging_mixin.py:188} INFO - [2026-05-08T22:21:59.376+0000] {dagbag.py:355} ERROR - Failed to import: /opt/airflow/dags/main.py
Traceback (most recent call last):
  File "/home/airflow/.local/lib/python3.10/site-packages/airflow/models/dagbag.py", line 351, in parse
    loader.exec_module(new_module)
  File "<frozen importlib._bootstrap_external>", line 883, in exec_module
  File "<frozen importlib._bootstrap>", line 241, in _call_with_frames_removed
  File "/opt/airflow/dags/main.py", line 6, in <module>
    from datawarehouse.dwh import staging_table, core_table
  File "/opt/airflow/dags/datawarehouse/dwh.py", line 1, in <module>
    from datawarehouse.data_utils import (
  File "/opt/airflow/dags/datawarehouse/data_utils.py", line 2, in <module>
    import PostgresHook
ModuleNotFoundError: No module named 'PostgresHook'
[2026-05-08T22:21:59.389+0000] {processor.py:842} WARNING - No viable dags retrieved from /opt/airflow/dags/main.py
[2026-05-08T22:21:59.410+0000] {processor.py:183} INFO - Processing /opt/airflow/dags/main.py took 0.134 seconds
[2026-05-08T22:22:29.530+0000] {processor.py:161} INFO - Started process (PID=1910) to work on /opt/airflow/dags/main.py
[2026-05-08T22:22:29.531+0000] {processor.py:830} INFO - Processing file /opt/airflow/dags/main.py for tasks to queue
[2026-05-08T22:22:29.532+0000] {logging_mixin.py:188} INFO - [2026-05-08T22:22:29.532+0000] {dagbag.py:545} INFO - Filling up the DagBag from /opt/airflow/dags/main.py
[2026-05-08T22:22:29.579+0000] {logging_mixin.py:188} INFO - get_playlist_id will not be executed
[2026-05-08T22:22:29.628+0000] {logging_mixin.py:188} INFO - [2026-05-08T22:22:29.616+0000] {dagbag.py:355} ERROR - Failed to import: /opt/airflow/dags/main.py
Traceback (most recent call last):
  File "/home/airflow/.local/lib/python3.10/site-packages/airflow/models/dagbag.py", line 351, in parse
    loader.exec_module(new_module)
  File "<frozen importlib._bootstrap_external>", line 883, in exec_module
  File "<frozen importlib._bootstrap>", line 241, in _call_with_frames_removed
  File "/opt/airflow/dags/main.py", line 6, in <module>
    from datawarehouse.dwh import staging_table, core_table
  File "/opt/airflow/dags/datawarehouse/dwh.py", line 1, in <module>
    from datawarehouse.data_utils import (
  File "/opt/airflow/dags/datawarehouse/data_utils.py", line 2, in <module>
    import PostgresHook
ModuleNotFoundError: No module named 'PostgresHook'
[2026-05-08T22:22:29.631+0000] {processor.py:842} WARNING - No viable dags retrieved from /opt/airflow/dags/main.py
[2026-05-08T22:22:29.647+0000] {processor.py:183} INFO - Processing /opt/airflow/dags/main.py took 0.122 seconds
[2026-05-08T22:22:59.875+0000] {processor.py:161} INFO - Started process (PID=1917) to work on /opt/airflow/dags/main.py
[2026-05-08T22:22:59.877+0000] {processor.py:830} INFO - Processing file /opt/airflow/dags/main.py for tasks to queue
[2026-05-08T22:22:59.878+0000] {logging_mixin.py:188} INFO - [2026-05-08T22:22:59.878+0000] {dagbag.py:545} INFO - Filling up the DagBag from /opt/airflow/dags/main.py
[2026-05-08T22:22:59.946+0000] {logging_mixin.py:188} INFO - get_playlist_id will not be executed
[2026-05-08T22:23:00.012+0000] {logging_mixin.py:188} INFO - [2026-05-08T22:22:59.994+0000] {dagbag.py:355} ERROR - Failed to import: /opt/airflow/dags/main.py
Traceback (most recent call last):
  File "/home/airflow/.local/lib/python3.10/site-packages/airflow/models/dagbag.py", line 351, in parse
    loader.exec_module(new_module)
  File "<frozen importlib._bootstrap_external>", line 883, in exec_module
  File "<frozen importlib._bootstrap>", line 241, in _call_with_frames_removed
  File "/opt/airflow/dags/main.py", line 6, in <module>
    from datawarehouse.dwh import staging_table, core_table
  File "/opt/airflow/dags/datawarehouse/dwh.py", line 1, in <module>
    from datawarehouse.data_utils import (
  File "/opt/airflow/dags/datawarehouse/data_utils.py", line 2, in <module>
    import PostgresHook
ModuleNotFoundError: No module named 'PostgresHook'
[2026-05-08T22:23:00.017+0000] {processor.py:842} WARNING - No viable dags retrieved from /opt/airflow/dags/main.py
[2026-05-08T22:23:00.040+0000] {processor.py:183} INFO - Processing /opt/airflow/dags/main.py took 0.175 seconds
[2026-05-08T22:23:30.194+0000] {processor.py:161} INFO - Started process (PID=1924) to work on /opt/airflow/dags/main.py
[2026-05-08T22:23:30.195+0000] {processor.py:830} INFO - Processing file /opt/airflow/dags/main.py for tasks to queue
[2026-05-08T22:23:30.195+0000] {logging_mixin.py:188} INFO - [2026-05-08T22:23:30.195+0000] {dagbag.py:545} INFO - Filling up the DagBag from /opt/airflow/dags/main.py
[2026-05-08T22:23:30.258+0000] {logging_mixin.py:188} INFO - get_playlist_id will not be executed
[2026-05-08T22:23:30.299+0000] {logging_mixin.py:188} INFO - [2026-05-08T22:23:30.288+0000] {dagbag.py:355} ERROR - Failed to import: /opt/airflow/dags/main.py
Traceback (most recent call last):
  File "/home/airflow/.local/lib/python3.10/site-packages/airflow/models/dagbag.py", line 351, in parse
    loader.exec_module(new_module)
  File "<frozen importlib._bootstrap_external>", line 883, in exec_module
  File "<frozen importlib._bootstrap>", line 241, in _call_with_frames_removed
  File "/opt/airflow/dags/main.py", line 6, in <module>
    from datawarehouse.dwh import staging_table, core_table
  File "/opt/airflow/dags/datawarehouse/dwh.py", line 1, in <module>
    from datawarehouse.data_utils import (
  File "/opt/airflow/dags/datawarehouse/data_utils.py", line 2, in <module>
    import PostgresHook
ModuleNotFoundError: No module named 'PostgresHook'
[2026-05-08T22:23:30.302+0000] {processor.py:842} WARNING - No viable dags retrieved from /opt/airflow/dags/main.py
[2026-05-08T22:23:30.322+0000] {processor.py:183} INFO - Processing /opt/airflow/dags/main.py took 0.135 seconds
[2026-05-08T22:24:00.475+0000] {processor.py:161} INFO - Started process (PID=1931) to work on /opt/airflow/dags/main.py
[2026-05-08T22:24:00.477+0000] {processor.py:830} INFO - Processing file /opt/airflow/dags/main.py for tasks to queue
[2026-05-08T22:24:00.478+0000] {logging_mixin.py:188} INFO - [2026-05-08T22:24:00.477+0000] {dagbag.py:545} INFO - Filling up the DagBag from /opt/airflow/dags/main.py
[2026-05-08T22:24:00.535+0000] {logging_mixin.py:188} INFO - get_playlist_id will not be executed
[2026-05-08T22:24:00.581+0000] {logging_mixin.py:188} INFO - [2026-05-08T22:24:00.569+0000] {dagbag.py:355} ERROR - Failed to import: /opt/airflow/dags/main.py
Traceback (most recent call last):
  File "/home/airflow/.local/lib/python3.10/site-packages/airflow/models/dagbag.py", line 351, in parse
    loader.exec_module(new_module)
  File "<frozen importlib._bootstrap_external>", line 883, in exec_module
  File "<frozen importlib._bootstrap>", line 241, in _call_with_frames_removed
  File "/opt/airflow/dags/main.py", line 6, in <module>
    from datawarehouse.dwh import staging_table, core_table
  File "/opt/airflow/dags/datawarehouse/dwh.py", line 1, in <module>
    from datawarehouse.data_utils import (
  File "/opt/airflow/dags/datawarehouse/data_utils.py", line 2, in <module>
    import PostgresHook
ModuleNotFoundError: No module named 'PostgresHook'
[2026-05-08T22:24:00.585+0000] {processor.py:842} WARNING - No viable dags retrieved from /opt/airflow/dags/main.py
[2026-05-08T22:24:00.603+0000] {processor.py:183} INFO - Processing /opt/airflow/dags/main.py took 0.134 seconds
[2026-05-08T22:24:30.767+0000] {processor.py:161} INFO - Started process (PID=1938) to work on /opt/airflow/dags/main.py
[2026-05-08T22:24:30.774+0000] {processor.py:830} INFO - Processing file /opt/airflow/dags/main.py for tasks to queue
[2026-05-08T22:24:30.775+0000] {logging_mixin.py:188} INFO - [2026-05-08T22:24:30.775+0000] {dagbag.py:545} INFO - Filling up the DagBag from /opt/airflow/dags/main.py
[2026-05-08T22:24:30.834+0000] {logging_mixin.py:188} INFO - get_playlist_id will not be executed
[2026-05-08T22:24:30.889+0000] {logging_mixin.py:188} INFO - [2026-05-08T22:24:30.873+0000] {dagbag.py:355} ERROR - Failed to import: /opt/airflow/dags/main.py
Traceback (most recent call last):
  File "/home/airflow/.local/lib/python3.10/site-packages/airflow/models/dagbag.py", line 351, in parse
    loader.exec_module(new_module)
  File "<frozen importlib._bootstrap_external>", line 883, in exec_module
  File "<frozen importlib._bootstrap>", line 241, in _call_with_frames_removed
  File "/opt/airflow/dags/main.py", line 6, in <module>
    from datawarehouse.dwh import staging_table, core_table
  File "/opt/airflow/dags/datawarehouse/dwh.py", line 1, in <module>
    from datawarehouse.data_utils import (
  File "/opt/airflow/dags/datawarehouse/data_utils.py", line 2, in <module>
    import PostgresHook
ModuleNotFoundError: No module named 'PostgresHook'
[2026-05-08T22:24:30.892+0000] {processor.py:842} WARNING - No viable dags retrieved from /opt/airflow/dags/main.py
[2026-05-08T22:24:30.912+0000] {processor.py:183} INFO - Processing /opt/airflow/dags/main.py took 0.150 seconds
[2026-05-08T22:25:01.059+0000] {processor.py:161} INFO - Started process (PID=1945) to work on /opt/airflow/dags/main.py
[2026-05-08T22:25:01.060+0000] {processor.py:830} INFO - Processing file /opt/airflow/dags/main.py for tasks to queue
[2026-05-08T22:25:01.060+0000] {logging_mixin.py:188} INFO - [2026-05-08T22:25:01.060+0000] {dagbag.py:545} INFO - Filling up the DagBag from /opt/airflow/dags/main.py
[2026-05-08T22:25:01.113+0000] {logging_mixin.py:188} INFO - get_playlist_id will not be executed
[2026-05-08T22:25:01.155+0000] {logging_mixin.py:188} INFO - [2026-05-08T22:25:01.143+0000] {dagbag.py:355} ERROR - Failed to import: /opt/airflow/dags/main.py
Traceback (most recent call last):
  File "/home/airflow/.local/lib/python3.10/site-packages/airflow/models/dagbag.py", line 351, in parse
    loader.exec_module(new_module)
  File "<frozen importlib._bootstrap_external>", line 883, in exec_module
  File "<frozen importlib._bootstrap>", line 241, in _call_with_frames_removed
  File "/opt/airflow/dags/main.py", line 6, in <module>
    from datawarehouse.dwh import staging_table, core_table
  File "/opt/airflow/dags/datawarehouse/dwh.py", line 1, in <module>
    from datawarehouse.data_utils import (
  File "/opt/airflow/dags/datawarehouse/data_utils.py", line 2, in <module>
    import PostgresHook
ModuleNotFoundError: No module named 'PostgresHook'
[2026-05-08T22:25:01.158+0000] {processor.py:842} WARNING - No viable dags retrieved from /opt/airflow/dags/main.py
[2026-05-08T22:25:01.177+0000] {processor.py:183} INFO - Processing /opt/airflow/dags/main.py took 0.124 seconds
[2026-05-08T22:25:31.324+0000] {processor.py:161} INFO - Started process (PID=1952) to work on /opt/airflow/dags/main.py
[2026-05-08T22:25:31.325+0000] {processor.py:830} INFO - Processing file /opt/airflow/dags/main.py for tasks to queue
[2026-05-08T22:25:31.326+0000] {logging_mixin.py:188} INFO - [2026-05-08T22:25:31.325+0000] {dagbag.py:545} INFO - Filling up the DagBag from /opt/airflow/dags/main.py
[2026-05-08T22:25:31.371+0000] {logging_mixin.py:188} INFO - get_playlist_id will not be executed
[2026-05-08T22:25:31.413+0000] {logging_mixin.py:188} INFO - [2026-05-08T22:25:31.403+0000] {dagbag.py:355} ERROR - Failed to import: /opt/airflow/dags/main.py
Traceback (most recent call last):
  File "/home/airflow/.local/lib/python3.10/site-packages/airflow/models/dagbag.py", line 351, in parse
    loader.exec_module(new_module)
  File "<frozen importlib._bootstrap_external>", line 883, in exec_module
  File "<frozen importlib._bootstrap>", line 241, in _call_with_frames_removed
  File "/opt/airflow/dags/main.py", line 6, in <module>
    from datawarehouse.dwh import staging_table, core_table
  File "/opt/airflow/dags/datawarehouse/dwh.py", line 1, in <module>
    from datawarehouse.data_utils import (
  File "/opt/airflow/dags/datawarehouse/data_utils.py", line 2, in <module>
    import PostgresHook
ModuleNotFoundError: No module named 'PostgresHook'
[2026-05-08T22:25:31.415+0000] {processor.py:842} WARNING - No viable dags retrieved from /opt/airflow/dags/main.py
[2026-05-08T22:25:31.432+0000] {processor.py:183} INFO - Processing /opt/airflow/dags/main.py took 0.113 seconds
[2026-05-08T22:26:01.561+0000] {processor.py:161} INFO - Started process (PID=1959) to work on /opt/airflow/dags/main.py
[2026-05-08T22:26:01.562+0000] {processor.py:830} INFO - Processing file /opt/airflow/dags/main.py for tasks to queue
[2026-05-08T22:26:01.563+0000] {logging_mixin.py:188} INFO - [2026-05-08T22:26:01.563+0000] {dagbag.py:545} INFO - Filling up the DagBag from /opt/airflow/dags/main.py
[2026-05-08T22:26:01.612+0000] {logging_mixin.py:188} INFO - get_playlist_id will not be executed
[2026-05-08T22:26:01.655+0000] {logging_mixin.py:188} INFO - [2026-05-08T22:26:01.643+0000] {dagbag.py:355} ERROR - Failed to import: /opt/airflow/dags/main.py
Traceback (most recent call last):
  File "/home/airflow/.local/lib/python3.10/site-packages/airflow/models/dagbag.py", line 351, in parse
    loader.exec_module(new_module)
  File "<frozen importlib._bootstrap_external>", line 883, in exec_module
  File "<frozen importlib._bootstrap>", line 241, in _call_with_frames_removed
  File "/opt/airflow/dags/main.py", line 6, in <module>
    from datawarehouse.dwh import staging_table, core_table
  File "/opt/airflow/dags/datawarehouse/dwh.py", line 1, in <module>
    from datawarehouse.data_utils import (
  File "/opt/airflow/dags/datawarehouse/data_utils.py", line 2, in <module>
    import PostgresHook
ModuleNotFoundError: No module named 'PostgresHook'
[2026-05-08T22:26:01.658+0000] {processor.py:842} WARNING - No viable dags retrieved from /opt/airflow/dags/main.py
[2026-05-08T22:26:01.675+0000] {processor.py:183} INFO - Processing /opt/airflow/dags/main.py took 0.120 seconds
[2026-05-08T22:26:31.809+0000] {processor.py:161} INFO - Started process (PID=1966) to work on /opt/airflow/dags/main.py
[2026-05-08T22:26:31.810+0000] {processor.py:830} INFO - Processing file /opt/airflow/dags/main.py for tasks to queue
[2026-05-08T22:26:31.811+0000] {logging_mixin.py:188} INFO - [2026-05-08T22:26:31.811+0000] {dagbag.py:545} INFO - Filling up the DagBag from /opt/airflow/dags/main.py
[2026-05-08T22:26:31.863+0000] {logging_mixin.py:188} INFO - get_playlist_id will not be executed
[2026-05-08T22:26:31.911+0000] {logging_mixin.py:188} INFO - [2026-05-08T22:26:31.901+0000] {dagbag.py:355} ERROR - Failed to import: /opt/airflow/dags/main.py
Traceback (most recent call last):
  File "/home/airflow/.local/lib/python3.10/site-packages/airflow/models/dagbag.py", line 351, in parse
    loader.exec_module(new_module)
  File "<frozen importlib._bootstrap_external>", line 883, in exec_module
  File "<frozen importlib._bootstrap>", line 241, in _call_with_frames_removed
  File "/opt/airflow/dags/main.py", line 6, in <module>
    from datawarehouse.dwh import staging_table, core_table
  File "/opt/airflow/dags/datawarehouse/dwh.py", line 1, in <module>
    from datawarehouse.data_utils import (
  File "/opt/airflow/dags/datawarehouse/data_utils.py", line 2, in <module>
    import PostgresHook
ModuleNotFoundError: No module named 'PostgresHook'
[2026-05-08T22:26:31.915+0000] {processor.py:842} WARNING - No viable dags retrieved from /opt/airflow/dags/main.py
[2026-05-08T22:26:31.934+0000] {processor.py:183} INFO - Processing /opt/airflow/dags/main.py took 0.130 seconds
[2026-05-08T22:27:02.062+0000] {processor.py:161} INFO - Started process (PID=1973) to work on /opt/airflow/dags/main.py
[2026-05-08T22:27:02.063+0000] {processor.py:830} INFO - Processing file /opt/airflow/dags/main.py for tasks to queue
[2026-05-08T22:27:02.064+0000] {logging_mixin.py:188} INFO - [2026-05-08T22:27:02.063+0000] {dagbag.py:545} INFO - Filling up the DagBag from /opt/airflow/dags/main.py
[2026-05-08T22:27:02.112+0000] {logging_mixin.py:188} INFO - get_playlist_id will not be executed
[2026-05-08T22:27:02.152+0000] {logging_mixin.py:188} INFO - [2026-05-08T22:27:02.142+0000] {dagbag.py:355} ERROR - Failed to import: /opt/airflow/dags/main.py
Traceback (most recent call last):
  File "/home/airflow/.local/lib/python3.10/site-packages/airflow/models/dagbag.py", line 351, in parse
    loader.exec_module(new_module)
  File "<frozen importlib._bootstrap_external>", line 883, in exec_module
  File "<frozen importlib._bootstrap>", line 241, in _call_with_frames_removed
  File "/opt/airflow/dags/main.py", line 6, in <module>
    from datawarehouse.dwh import staging_table, core_table
  File "/opt/airflow/dags/datawarehouse/dwh.py", line 1, in <module>
    from datawarehouse.data_utils import (
  File "/opt/airflow/dags/datawarehouse/data_utils.py", line 2, in <module>
    import PostgresHook
ModuleNotFoundError: No module named 'PostgresHook'
[2026-05-08T22:27:02.155+0000] {processor.py:842} WARNING - No viable dags retrieved from /opt/airflow/dags/main.py
[2026-05-08T22:27:02.171+0000] {processor.py:183} INFO - Processing /opt/airflow/dags/main.py took 0.115 seconds
[2026-05-08T22:27:32.297+0000] {processor.py:161} INFO - Started process (PID=1980) to work on /opt/airflow/dags/main.py
[2026-05-08T22:27:32.298+0000] {processor.py:830} INFO - Processing file /opt/airflow/dags/main.py for tasks to queue
[2026-05-08T22:27:32.298+0000] {logging_mixin.py:188} INFO - [2026-05-08T22:27:32.298+0000] {dagbag.py:545} INFO - Filling up the DagBag from /opt/airflow/dags/main.py
[2026-05-08T22:27:32.345+0000] {logging_mixin.py:188} INFO - get_playlist_id will not be executed
[2026-05-08T22:27:32.386+0000] {logging_mixin.py:188} INFO - [2026-05-08T22:27:32.375+0000] {dagbag.py:355} ERROR - Failed to import: /opt/airflow/dags/main.py
Traceback (most recent call last):
  File "/home/airflow/.local/lib/python3.10/site-packages/airflow/models/dagbag.py", line 351, in parse
    loader.exec_module(new_module)
  File "<frozen importlib._bootstrap_external>", line 883, in exec_module
  File "<frozen importlib._bootstrap>", line 241, in _call_with_frames_removed
  File "/opt/airflow/dags/main.py", line 6, in <module>
    from datawarehouse.dwh import staging_table, core_table
  File "/opt/airflow/dags/datawarehouse/dwh.py", line 1, in <module>
    from datawarehouse.data_utils import (
  File "/opt/airflow/dags/datawarehouse/data_utils.py", line 2, in <module>
    import PostgresHook
ModuleNotFoundError: No module named 'PostgresHook'
[2026-05-08T22:27:32.389+0000] {processor.py:842} WARNING - No viable dags retrieved from /opt/airflow/dags/main.py
[2026-05-08T22:27:32.406+0000] {processor.py:183} INFO - Processing /opt/airflow/dags/main.py took 0.114 seconds
[2026-05-08T22:28:02.559+0000] {processor.py:161} INFO - Started process (PID=1987) to work on /opt/airflow/dags/main.py
[2026-05-08T22:28:02.560+0000] {processor.py:830} INFO - Processing file /opt/airflow/dags/main.py for tasks to queue
[2026-05-08T22:28:02.561+0000] {logging_mixin.py:188} INFO - [2026-05-08T22:28:02.561+0000] {dagbag.py:545} INFO - Filling up the DagBag from /opt/airflow/dags/main.py
[2026-05-08T22:28:02.619+0000] {logging_mixin.py:188} INFO - get_playlist_id will not be executed
[2026-05-08T22:28:02.660+0000] {logging_mixin.py:188} INFO - [2026-05-08T22:28:02.648+0000] {dagbag.py:355} ERROR - Failed to import: /opt/airflow/dags/main.py
Traceback (most recent call last):
  File "/home/airflow/.local/lib/python3.10/site-packages/airflow/models/dagbag.py", line 351, in parse
    loader.exec_module(new_module)
  File "<frozen importlib._bootstrap_external>", line 883, in exec_module
  File "<frozen importlib._bootstrap>", line 241, in _call_with_frames_removed
  File "/opt/airflow/dags/main.py", line 6, in <module>
    from datawarehouse.dwh import staging_table, core_table
  File "/opt/airflow/dags/datawarehouse/dwh.py", line 1, in <module>
    from datawarehouse.data_utils import (
  File "/opt/airflow/dags/datawarehouse/data_utils.py", line 2, in <module>
    import PostgresHook
ModuleNotFoundError: No module named 'PostgresHook'
[2026-05-08T22:28:02.663+0000] {processor.py:842} WARNING - No viable dags retrieved from /opt/airflow/dags/main.py
[2026-05-08T22:28:02.677+0000] {processor.py:183} INFO - Processing /opt/airflow/dags/main.py took 0.123 seconds
[2026-05-08T22:28:32.826+0000] {processor.py:161} INFO - Started process (PID=1994) to work on /opt/airflow/dags/main.py
[2026-05-08T22:28:32.827+0000] {processor.py:830} INFO - Processing file /opt/airflow/dags/main.py for tasks to queue
[2026-05-08T22:28:32.828+0000] {logging_mixin.py:188} INFO - [2026-05-08T22:28:32.828+0000] {dagbag.py:545} INFO - Filling up the DagBag from /opt/airflow/dags/main.py
[2026-05-08T22:28:32.876+0000] {logging_mixin.py:188} INFO - get_playlist_id will not be executed
[2026-05-08T22:28:32.918+0000] {logging_mixin.py:188} INFO - [2026-05-08T22:28:32.907+0000] {dagbag.py:355} ERROR - Failed to import: /opt/airflow/dags/main.py
Traceback (most recent call last):
  File "/home/airflow/.local/lib/python3.10/site-packages/airflow/models/dagbag.py", line 351, in parse
    loader.exec_module(new_module)
  File "<frozen importlib._bootstrap_external>", line 883, in exec_module
  File "<frozen importlib._bootstrap>", line 241, in _call_with_frames_removed
  File "/opt/airflow/dags/main.py", line 6, in <module>
    from datawarehouse.dwh import staging_table, core_table
  File "/opt/airflow/dags/datawarehouse/dwh.py", line 1, in <module>
    from datawarehouse.data_utils import (
  File "/opt/airflow/dags/datawarehouse/data_utils.py", line 2, in <module>
    import PostgresHook
ModuleNotFoundError: No module named 'PostgresHook'
[2026-05-08T22:28:32.922+0000] {processor.py:842} WARNING - No viable dags retrieved from /opt/airflow/dags/main.py
[2026-05-08T22:28:32.941+0000] {processor.py:183} INFO - Processing /opt/airflow/dags/main.py took 0.120 seconds
[2026-05-08T22:29:03.070+0000] {processor.py:161} INFO - Started process (PID=2001) to work on /opt/airflow/dags/main.py
[2026-05-08T22:29:03.072+0000] {processor.py:830} INFO - Processing file /opt/airflow/dags/main.py for tasks to queue
[2026-05-08T22:29:03.072+0000] {logging_mixin.py:188} INFO - [2026-05-08T22:29:03.072+0000] {dagbag.py:545} INFO - Filling up the DagBag from /opt/airflow/dags/main.py
[2026-05-08T22:29:03.116+0000] {logging_mixin.py:188} INFO - get_playlist_id will not be executed
[2026-05-08T22:29:03.158+0000] {logging_mixin.py:188} INFO - [2026-05-08T22:29:03.148+0000] {dagbag.py:355} ERROR - Failed to import: /opt/airflow/dags/main.py
Traceback (most recent call last):
  File "/home/airflow/.local/lib/python3.10/site-packages/airflow/models/dagbag.py", line 351, in parse
    loader.exec_module(new_module)
  File "<frozen importlib._bootstrap_external>", line 883, in exec_module
  File "<frozen importlib._bootstrap>", line 241, in _call_with_frames_removed
  File "/opt/airflow/dags/main.py", line 6, in <module>
    from datawarehouse.dwh import staging_table, core_table
  File "/opt/airflow/dags/datawarehouse/dwh.py", line 1, in <module>
    from datawarehouse.data_utils import (
  File "/opt/airflow/dags/datawarehouse/data_utils.py", line 2, in <module>
    import PostgresHook
ModuleNotFoundError: No module named 'PostgresHook'
[2026-05-08T22:29:03.161+0000] {processor.py:842} WARNING - No viable dags retrieved from /opt/airflow/dags/main.py
[2026-05-08T22:29:03.181+0000] {processor.py:183} INFO - Processing /opt/airflow/dags/main.py took 0.121 seconds
[2026-05-08T22:29:33.327+0000] {processor.py:161} INFO - Started process (PID=2008) to work on /opt/airflow/dags/main.py
[2026-05-08T22:29:33.328+0000] {processor.py:830} INFO - Processing file /opt/airflow/dags/main.py for tasks to queue
[2026-05-08T22:29:33.329+0000] {logging_mixin.py:188} INFO - [2026-05-08T22:29:33.329+0000] {dagbag.py:545} INFO - Filling up the DagBag from /opt/airflow/dags/main.py
[2026-05-08T22:29:33.386+0000] {logging_mixin.py:188} INFO - get_playlist_id will not be executed
[2026-05-08T22:29:33.440+0000] {logging_mixin.py:188} INFO - [2026-05-08T22:29:33.430+0000] {dagbag.py:355} ERROR - Failed to import: /opt/airflow/dags/main.py
Traceback (most recent call last):
  File "/home/airflow/.local/lib/python3.10/site-packages/airflow/models/dagbag.py", line 351, in parse
    loader.exec_module(new_module)
  File "<frozen importlib._bootstrap_external>", line 883, in exec_module
  File "<frozen importlib._bootstrap>", line 241, in _call_with_frames_removed
  File "/opt/airflow/dags/main.py", line 6, in <module>
    from datawarehouse.dwh import staging_table, core_table
  File "/opt/airflow/dags/datawarehouse/dwh.py", line 1, in <module>
    from datawarehouse.data_utils import (
  File "/opt/airflow/dags/datawarehouse/data_utils.py", line 2, in <module>
    import PostgresHook
ModuleNotFoundError: No module named 'PostgresHook'
[2026-05-08T22:29:33.443+0000] {processor.py:842} WARNING - No viable dags retrieved from /opt/airflow/dags/main.py
[2026-05-08T22:29:33.465+0000] {processor.py:183} INFO - Processing /opt/airflow/dags/main.py took 0.152 seconds
[2026-05-08T22:30:03.607+0000] {processor.py:161} INFO - Started process (PID=2015) to work on /opt/airflow/dags/main.py
[2026-05-08T22:30:03.609+0000] {processor.py:830} INFO - Processing file /opt/airflow/dags/main.py for tasks to queue
[2026-05-08T22:30:03.609+0000] {logging_mixin.py:188} INFO - [2026-05-08T22:30:03.609+0000] {dagbag.py:545} INFO - Filling up the DagBag from /opt/airflow/dags/main.py
[2026-05-08T22:30:03.654+0000] {logging_mixin.py:188} INFO - get_playlist_id will not be executed
[2026-05-08T22:30:03.691+0000] {logging_mixin.py:188} INFO - [2026-05-08T22:30:03.680+0000] {dagbag.py:355} ERROR - Failed to import: /opt/airflow/dags/main.py
Traceback (most recent call last):
  File "/home/airflow/.local/lib/python3.10/site-packages/airflow/models/dagbag.py", line 351, in parse
    loader.exec_module(new_module)
  File "<frozen importlib._bootstrap_external>", line 883, in exec_module
  File "<frozen importlib._bootstrap>", line 241, in _call_with_frames_removed
  File "/opt/airflow/dags/main.py", line 6, in <module>
    from datawarehouse.dwh import staging_table, core_table
  File "/opt/airflow/dags/datawarehouse/dwh.py", line 1, in <module>
    from datawarehouse.data_utils import (
  File "/opt/airflow/dags/datawarehouse/data_utils.py", line 2, in <module>
    import PostgresHook
ModuleNotFoundError: No module named 'PostgresHook'
[2026-05-08T22:30:03.693+0000] {processor.py:842} WARNING - No viable dags retrieved from /opt/airflow/dags/main.py
[2026-05-08T22:30:03.716+0000] {processor.py:183} INFO - Processing /opt/airflow/dags/main.py took 0.119 seconds
[2026-05-08T22:30:33.777+0000] {processor.py:161} INFO - Started process (PID=2022) to work on /opt/airflow/dags/main.py
[2026-05-08T22:30:33.778+0000] {processor.py:830} INFO - Processing file /opt/airflow/dags/main.py for tasks to queue
[2026-05-08T22:30:33.779+0000] {logging_mixin.py:188} INFO - [2026-05-08T22:30:33.779+0000] {dagbag.py:545} INFO - Filling up the DagBag from /opt/airflow/dags/main.py
[2026-05-08T22:30:33.830+0000] {logging_mixin.py:188} INFO - get_playlist_id will not be executed
[2026-05-08T22:30:33.877+0000] {logging_mixin.py:188} INFO - [2026-05-08T22:30:33.862+0000] {dagbag.py:355} ERROR - Failed to import: /opt/airflow/dags/main.py
Traceback (most recent call last):
  File "/home/airflow/.local/lib/python3.10/site-packages/airflow/models/dagbag.py", line 351, in parse
    loader.exec_module(new_module)
  File "<frozen importlib._bootstrap_external>", line 883, in exec_module
  File "<frozen importlib._bootstrap>", line 241, in _call_with_frames_removed
  File "/opt/airflow/dags/main.py", line 6, in <module>
    from datawarehouse.dwh import staging_table, core_table
  File "/opt/airflow/dags/datawarehouse/dwh.py", line 1, in <module>
    from datawarehouse.data_utils import (
  File "/opt/airflow/dags/datawarehouse/data_utils.py", line 2, in <module>
    import PostgresHook
ModuleNotFoundError: No module named 'PostgresHook'
[2026-05-08T22:30:33.881+0000] {processor.py:842} WARNING - No viable dags retrieved from /opt/airflow/dags/main.py
[2026-05-08T22:30:33.911+0000] {processor.py:183} INFO - Processing /opt/airflow/dags/main.py took 0.149 seconds
[2026-05-08T22:31:04.029+0000] {processor.py:161} INFO - Started process (PID=2029) to work on /opt/airflow/dags/main.py
[2026-05-08T22:31:04.030+0000] {processor.py:830} INFO - Processing file /opt/airflow/dags/main.py for tasks to queue
[2026-05-08T22:31:04.031+0000] {logging_mixin.py:188} INFO - [2026-05-08T22:31:04.031+0000] {dagbag.py:545} INFO - Filling up the DagBag from /opt/airflow/dags/main.py
[2026-05-08T22:31:04.090+0000] {logging_mixin.py:188} INFO - get_playlist_id will not be executed
[2026-05-08T22:31:04.134+0000] {logging_mixin.py:188} INFO - [2026-05-08T22:31:04.121+0000] {dagbag.py:355} ERROR - Failed to import: /opt/airflow/dags/main.py
Traceback (most recent call last):
  File "/home/airflow/.local/lib/python3.10/site-packages/airflow/models/dagbag.py", line 351, in parse
    loader.exec_module(new_module)
  File "<frozen importlib._bootstrap_external>", line 883, in exec_module
  File "<frozen importlib._bootstrap>", line 241, in _call_with_frames_removed
  File "/opt/airflow/dags/main.py", line 6, in <module>
    from datawarehouse.dwh import staging_table, core_table
  File "/opt/airflow/dags/datawarehouse/dwh.py", line 1, in <module>
    from datawarehouse.data_utils import (
  File "/opt/airflow/dags/datawarehouse/data_utils.py", line 2, in <module>
    import PostgresHook
ModuleNotFoundError: No module named 'PostgresHook'
[2026-05-08T22:31:04.137+0000] {processor.py:842} WARNING - No viable dags retrieved from /opt/airflow/dags/main.py
[2026-05-08T22:31:04.154+0000] {processor.py:183} INFO - Processing /opt/airflow/dags/main.py took 0.132 seconds
[2026-05-08T22:31:34.219+0000] {processor.py:161} INFO - Started process (PID=2036) to work on /opt/airflow/dags/main.py
[2026-05-08T22:31:34.221+0000] {processor.py:830} INFO - Processing file /opt/airflow/dags/main.py for tasks to queue
[2026-05-08T22:31:34.222+0000] {logging_mixin.py:188} INFO - [2026-05-08T22:31:34.221+0000] {dagbag.py:545} INFO - Filling up the DagBag from /opt/airflow/dags/main.py
[2026-05-08T22:31:34.264+0000] {logging_mixin.py:188} INFO - get_playlist_id will not be executed
[2026-05-08T22:31:34.308+0000] {logging_mixin.py:188} INFO - [2026-05-08T22:31:34.295+0000] {dagbag.py:355} ERROR - Failed to import: /opt/airflow/dags/main.py
Traceback (most recent call last):
  File "/home/airflow/.local/lib/python3.10/site-packages/airflow/models/dagbag.py", line 351, in parse
    loader.exec_module(new_module)
  File "<frozen importlib._bootstrap_external>", line 883, in exec_module
  File "<frozen importlib._bootstrap>", line 241, in _call_with_frames_removed
  File "/opt/airflow/dags/main.py", line 6, in <module>
    from datawarehouse.dwh import staging_table, core_table
  File "/opt/airflow/dags/datawarehouse/dwh.py", line 1, in <module>
    from datawarehouse.data_utils import (
  File "/opt/airflow/dags/datawarehouse/data_utils.py", line 2, in <module>
    import PostgresHook
ModuleNotFoundError: No module named 'PostgresHook'
[2026-05-08T22:31:34.311+0000] {processor.py:842} WARNING - No viable dags retrieved from /opt/airflow/dags/main.py
[2026-05-08T22:31:34.327+0000] {processor.py:183} INFO - Processing /opt/airflow/dags/main.py took 0.123 seconds
[2026-05-08T22:32:04.421+0000] {processor.py:161} INFO - Started process (PID=2043) to work on /opt/airflow/dags/main.py
[2026-05-08T22:32:04.425+0000] {processor.py:830} INFO - Processing file /opt/airflow/dags/main.py for tasks to queue
[2026-05-08T22:32:04.426+0000] {logging_mixin.py:188} INFO - [2026-05-08T22:32:04.426+0000] {dagbag.py:545} INFO - Filling up the DagBag from /opt/airflow/dags/main.py
[2026-05-08T22:32:04.472+0000] {logging_mixin.py:188} INFO - get_playlist_id will not be executed
[2026-05-08T22:32:04.512+0000] {logging_mixin.py:188} INFO - [2026-05-08T22:32:04.501+0000] {dagbag.py:355} ERROR - Failed to import: /opt/airflow/dags/main.py
Traceback (most recent call last):
  File "/home/airflow/.local/lib/python3.10/site-packages/airflow/models/dagbag.py", line 351, in parse
    loader.exec_module(new_module)
  File "<frozen importlib._bootstrap_external>", line 883, in exec_module
  File "<frozen importlib._bootstrap>", line 241, in _call_with_frames_removed
  File "/opt/airflow/dags/main.py", line 6, in <module>
    from datawarehouse.dwh import staging_table, core_table
  File "/opt/airflow/dags/datawarehouse/dwh.py", line 1, in <module>
    from datawarehouse.data_utils import (
  File "/opt/airflow/dags/datawarehouse/data_utils.py", line 2, in <module>
    import PostgresHook
ModuleNotFoundError: No module named 'PostgresHook'
[2026-05-08T22:32:04.515+0000] {processor.py:842} WARNING - No viable dags retrieved from /opt/airflow/dags/main.py
[2026-05-08T22:32:04.532+0000] {processor.py:183} INFO - Processing /opt/airflow/dags/main.py took 0.117 seconds
[2026-05-08T22:32:34.607+0000] {processor.py:161} INFO - Started process (PID=2050) to work on /opt/airflow/dags/main.py
[2026-05-08T22:32:34.609+0000] {processor.py:830} INFO - Processing file /opt/airflow/dags/main.py for tasks to queue
[2026-05-08T22:32:34.610+0000] {logging_mixin.py:188} INFO - [2026-05-08T22:32:34.610+0000] {dagbag.py:545} INFO - Filling up the DagBag from /opt/airflow/dags/main.py
[2026-05-08T22:32:34.654+0000] {logging_mixin.py:188} INFO - get_playlist_id will not be executed
[2026-05-08T22:32:34.694+0000] {logging_mixin.py:188} INFO - [2026-05-08T22:32:34.684+0000] {dagbag.py:355} ERROR - Failed to import: /opt/airflow/dags/main.py
Traceback (most recent call last):
  File "/home/airflow/.local/lib/python3.10/site-packages/airflow/models/dagbag.py", line 351, in parse
    loader.exec_module(new_module)
  File "<frozen importlib._bootstrap_external>", line 883, in exec_module
  File "<frozen importlib._bootstrap>", line 241, in _call_with_frames_removed
  File "/opt/airflow/dags/main.py", line 6, in <module>
    from datawarehouse.dwh import staging_table, core_table
  File "/opt/airflow/dags/datawarehouse/dwh.py", line 1, in <module>
    from datawarehouse.data_utils import (
  File "/opt/airflow/dags/datawarehouse/data_utils.py", line 2, in <module>
    import PostgresHook
ModuleNotFoundError: No module named 'PostgresHook'
[2026-05-08T22:32:34.697+0000] {processor.py:842} WARNING - No viable dags retrieved from /opt/airflow/dags/main.py
[2026-05-08T22:32:34.712+0000] {processor.py:183} INFO - Processing /opt/airflow/dags/main.py took 0.111 seconds
[2026-05-08T22:33:04.919+0000] {processor.py:161} INFO - Started process (PID=2057) to work on /opt/airflow/dags/main.py
[2026-05-08T22:33:04.920+0000] {processor.py:830} INFO - Processing file /opt/airflow/dags/main.py for tasks to queue
[2026-05-08T22:33:04.920+0000] {logging_mixin.py:188} INFO - [2026-05-08T22:33:04.920+0000] {dagbag.py:545} INFO - Filling up the DagBag from /opt/airflow/dags/main.py
[2026-05-08T22:33:04.961+0000] {logging_mixin.py:188} INFO - get_playlist_id will not be executed
[2026-05-08T22:33:05.003+0000] {logging_mixin.py:188} INFO - [2026-05-08T22:33:04.992+0000] {dagbag.py:355} ERROR - Failed to import: /opt/airflow/dags/main.py
Traceback (most recent call last):
  File "/home/airflow/.local/lib/python3.10/site-packages/airflow/models/dagbag.py", line 351, in parse
    loader.exec_module(new_module)
  File "<frozen importlib._bootstrap_external>", line 883, in exec_module
  File "<frozen importlib._bootstrap>", line 241, in _call_with_frames_removed
  File "/opt/airflow/dags/main.py", line 6, in <module>
    from datawarehouse.dwh import staging_table, core_table
  File "/opt/airflow/dags/datawarehouse/dwh.py", line 1, in <module>
    from datawarehouse.data_utils import (
  File "/opt/airflow/dags/datawarehouse/data_utils.py", line 2, in <module>
    import PostgresHook
ModuleNotFoundError: No module named 'PostgresHook'
[2026-05-08T22:33:05.005+0000] {processor.py:842} WARNING - No viable dags retrieved from /opt/airflow/dags/main.py
[2026-05-08T22:33:05.020+0000] {processor.py:183} INFO - Processing /opt/airflow/dags/main.py took 0.106 seconds
[2026-05-08T22:33:35.221+0000] {processor.py:161} INFO - Started process (PID=2064) to work on /opt/airflow/dags/main.py
[2026-05-08T22:33:35.223+0000] {processor.py:830} INFO - Processing file /opt/airflow/dags/main.py for tasks to queue
[2026-05-08T22:33:35.224+0000] {logging_mixin.py:188} INFO - [2026-05-08T22:33:35.223+0000] {dagbag.py:545} INFO - Filling up the DagBag from /opt/airflow/dags/main.py
[2026-05-08T22:33:35.286+0000] {logging_mixin.py:188} INFO - get_playlist_id will not be executed
[2026-05-08T22:33:35.371+0000] {logging_mixin.py:188} INFO - [2026-05-08T22:33:35.336+0000] {dagbag.py:355} ERROR - Failed to import: /opt/airflow/dags/main.py
Traceback (most recent call last):
  File "/home/airflow/.local/lib/python3.10/site-packages/airflow/models/dagbag.py", line 351, in parse
    loader.exec_module(new_module)
  File "<frozen importlib._bootstrap_external>", line 883, in exec_module
  File "<frozen importlib._bootstrap>", line 241, in _call_with_frames_removed
  File "/opt/airflow/dags/main.py", line 6, in <module>
    from datawarehouse.dwh import staging_table, core_table
  File "/opt/airflow/dags/datawarehouse/dwh.py", line 1, in <module>
    from datawarehouse.data_utils import (
  File "/opt/airflow/dags/datawarehouse/data_utils.py", line 2, in <module>
    import PostgresHook
ModuleNotFoundError: No module named 'PostgresHook'
[2026-05-08T22:33:35.375+0000] {processor.py:842} WARNING - No viable dags retrieved from /opt/airflow/dags/main.py
[2026-05-08T22:33:35.392+0000] {processor.py:183} INFO - Processing /opt/airflow/dags/main.py took 0.180 seconds
[2026-05-08T22:34:05.511+0000] {processor.py:161} INFO - Started process (PID=2072) to work on /opt/airflow/dags/main.py
[2026-05-08T22:34:05.512+0000] {processor.py:830} INFO - Processing file /opt/airflow/dags/main.py for tasks to queue
[2026-05-08T22:34:05.514+0000] {logging_mixin.py:188} INFO - [2026-05-08T22:34:05.513+0000] {dagbag.py:545} INFO - Filling up the DagBag from /opt/airflow/dags/main.py
[2026-05-08T22:34:05.562+0000] {logging_mixin.py:188} INFO - get_playlist_id will not be executed
[2026-05-08T22:34:05.590+0000] {logging_mixin.py:188} INFO - [2026-05-08T22:34:05.582+0000] {dagbag.py:355} ERROR - Failed to import: /opt/airflow/dags/main.py
Traceback (most recent call last):
  File "/home/airflow/.local/lib/python3.10/site-packages/airflow/models/dagbag.py", line 351, in parse
    loader.exec_module(new_module)
  File "<frozen importlib._bootstrap_external>", line 883, in exec_module
  File "<frozen importlib._bootstrap>", line 241, in _call_with_frames_removed
  File "/opt/airflow/dags/main.py", line 6, in <module>
    from datawarehouse.dwh import staging_table, core_table
  File "/opt/airflow/dags/datawarehouse/dwh.py", line 1, in <module>
    from datawarehouse.data_utils import (
  File "/opt/airflow/dags/datawarehouse/data_utils.py", line 2, in <module>
    import PostgresHook
ModuleNotFoundError: No module named 'PostgresHook'
[2026-05-08T22:34:05.593+0000] {processor.py:842} WARNING - No viable dags retrieved from /opt/airflow/dags/main.py
[2026-05-08T22:34:05.615+0000] {processor.py:183} INFO - Processing /opt/airflow/dags/main.py took 0.115 seconds
[2026-05-08T22:34:35.844+0000] {processor.py:161} INFO - Started process (PID=2079) to work on /opt/airflow/dags/main.py
[2026-05-08T22:34:35.846+0000] {processor.py:830} INFO - Processing file /opt/airflow/dags/main.py for tasks to queue
[2026-05-08T22:34:35.847+0000] {logging_mixin.py:188} INFO - [2026-05-08T22:34:35.847+0000] {dagbag.py:545} INFO - Filling up the DagBag from /opt/airflow/dags/main.py
[2026-05-08T22:34:35.894+0000] {logging_mixin.py:188} INFO - get_playlist_id will not be executed
[2026-05-08T22:34:35.933+0000] {logging_mixin.py:188} INFO - [2026-05-08T22:34:35.918+0000] {dagbag.py:355} ERROR - Failed to import: /opt/airflow/dags/main.py
Traceback (most recent call last):
  File "/home/airflow/.local/lib/python3.10/site-packages/airflow/models/dagbag.py", line 351, in parse
    loader.exec_module(new_module)
  File "<frozen importlib._bootstrap_external>", line 883, in exec_module
  File "<frozen importlib._bootstrap>", line 241, in _call_with_frames_removed
  File "/opt/airflow/dags/main.py", line 6, in <module>
    from datawarehouse.dwh import staging_table, core_table
  File "/opt/airflow/dags/datawarehouse/dwh.py", line 1, in <module>
    from datawarehouse.data_utils import (
  File "/opt/airflow/dags/datawarehouse/data_utils.py", line 2, in <module>
    import PostgresHook
ModuleNotFoundError: No module named 'PostgresHook'
[2026-05-08T22:34:35.938+0000] {processor.py:842} WARNING - No viable dags retrieved from /opt/airflow/dags/main.py
[2026-05-08T22:34:35.954+0000] {processor.py:183} INFO - Processing /opt/airflow/dags/main.py took 0.117 seconds
[2026-05-08T22:35:06.155+0000] {processor.py:161} INFO - Started process (PID=2086) to work on /opt/airflow/dags/main.py
[2026-05-08T22:35:06.156+0000] {processor.py:830} INFO - Processing file /opt/airflow/dags/main.py for tasks to queue
[2026-05-08T22:35:06.157+0000] {logging_mixin.py:188} INFO - [2026-05-08T22:35:06.157+0000] {dagbag.py:545} INFO - Filling up the DagBag from /opt/airflow/dags/main.py
[2026-05-08T22:35:06.198+0000] {logging_mixin.py:188} INFO - get_playlist_id will not be executed
[2026-05-08T22:35:06.247+0000] {logging_mixin.py:188} INFO - [2026-05-08T22:35:06.235+0000] {dagbag.py:355} ERROR - Failed to import: /opt/airflow/dags/main.py
Traceback (most recent call last):
  File "/home/airflow/.local/lib/python3.10/site-packages/airflow/models/dagbag.py", line 351, in parse
    loader.exec_module(new_module)
  File "<frozen importlib._bootstrap_external>", line 883, in exec_module
  File "<frozen importlib._bootstrap>", line 241, in _call_with_frames_removed
  File "/opt/airflow/dags/main.py", line 6, in <module>
    from datawarehouse.dwh import staging_table, core_table
  File "/opt/airflow/dags/datawarehouse/dwh.py", line 1, in <module>
    from datawarehouse.data_utils import (
  File "/opt/airflow/dags/datawarehouse/data_utils.py", line 2, in <module>
    import PostgresHook
ModuleNotFoundError: No module named 'PostgresHook'
[2026-05-08T22:35:06.250+0000] {processor.py:842} WARNING - No viable dags retrieved from /opt/airflow/dags/main.py
[2026-05-08T22:35:06.265+0000] {processor.py:183} INFO - Processing /opt/airflow/dags/main.py took 0.118 seconds
[2026-05-08T22:35:36.477+0000] {processor.py:161} INFO - Started process (PID=2093) to work on /opt/airflow/dags/main.py
[2026-05-08T22:35:36.479+0000] {processor.py:830} INFO - Processing file /opt/airflow/dags/main.py for tasks to queue
[2026-05-08T22:35:36.480+0000] {logging_mixin.py:188} INFO - [2026-05-08T22:35:36.480+0000] {dagbag.py:545} INFO - Filling up the DagBag from /opt/airflow/dags/main.py
[2026-05-08T22:35:36.532+0000] {logging_mixin.py:188} INFO - get_playlist_id will not be executed
[2026-05-08T22:35:36.569+0000] {logging_mixin.py:188} INFO - [2026-05-08T22:35:36.561+0000] {dagbag.py:355} ERROR - Failed to import: /opt/airflow/dags/main.py
Traceback (most recent call last):
  File "/home/airflow/.local/lib/python3.10/site-packages/airflow/models/dagbag.py", line 351, in parse
    loader.exec_module(new_module)
  File "<frozen importlib._bootstrap_external>", line 883, in exec_module
  File "<frozen importlib._bootstrap>", line 241, in _call_with_frames_removed
  File "/opt/airflow/dags/main.py", line 6, in <module>
    from datawarehouse.dwh import staging_table, core_table
  File "/opt/airflow/dags/datawarehouse/dwh.py", line 1, in <module>
    from datawarehouse.data_utils import (
  File "/opt/airflow/dags/datawarehouse/data_utils.py", line 2, in <module>
    import PostgresHook
ModuleNotFoundError: No module named 'PostgresHook'
[2026-05-08T22:35:36.572+0000] {processor.py:842} WARNING - No viable dags retrieved from /opt/airflow/dags/main.py
[2026-05-08T22:35:36.591+0000] {processor.py:183} INFO - Processing /opt/airflow/dags/main.py took 0.123 seconds
[2026-05-08T22:36:06.815+0000] {processor.py:161} INFO - Started process (PID=2100) to work on /opt/airflow/dags/main.py
[2026-05-08T22:36:06.817+0000] {processor.py:830} INFO - Processing file /opt/airflow/dags/main.py for tasks to queue
[2026-05-08T22:36:06.818+0000] {logging_mixin.py:188} INFO - [2026-05-08T22:36:06.818+0000] {dagbag.py:545} INFO - Filling up the DagBag from /opt/airflow/dags/main.py
[2026-05-08T22:36:06.858+0000] {logging_mixin.py:188} INFO - get_playlist_id will not be executed
[2026-05-08T22:36:06.907+0000] {logging_mixin.py:188} INFO - [2026-05-08T22:36:06.893+0000] {dagbag.py:355} ERROR - Failed to import: /opt/airflow/dags/main.py
Traceback (most recent call last):
  File "/home/airflow/.local/lib/python3.10/site-packages/airflow/models/dagbag.py", line 351, in parse
    loader.exec_module(new_module)
  File "<frozen importlib._bootstrap_external>", line 883, in exec_module
  File "<frozen importlib._bootstrap>", line 241, in _call_with_frames_removed
  File "/opt/airflow/dags/main.py", line 6, in <module>
    from datawarehouse.dwh import staging_table, core_table
  File "/opt/airflow/dags/datawarehouse/dwh.py", line 1, in <module>
    from datawarehouse.data_utils import (
  File "/opt/airflow/dags/datawarehouse/data_utils.py", line 2, in <module>
    import PostgresHook
ModuleNotFoundError: No module named 'PostgresHook'
[2026-05-08T22:36:06.910+0000] {processor.py:842} WARNING - No viable dags retrieved from /opt/airflow/dags/main.py
[2026-05-08T22:36:06.925+0000] {processor.py:183} INFO - Processing /opt/airflow/dags/main.py took 0.119 seconds
