[2026-05-09T20:32:39.810+0000] {processor.py:161} INFO - Started process (PID=2113) to work on /opt/airflow/dags/main.py
[2026-05-09T20:32:39.816+0000] {processor.py:830} INFO - Processing file /opt/airflow/dags/main.py for tasks to queue
[2026-05-09T20:32:39.822+0000] {logging_mixin.py:188} INFO - [2026-05-09T20:32:39.821+0000] {dagbag.py:545} INFO - Filling up the DagBag from /opt/airflow/dags/main.py
[2026-05-09T20:32:40.205+0000] {logging_mixin.py:188} INFO - get_playlist_id will not be executed
[2026-05-09T20:32:40.501+0000] {logging_mixin.py:188} INFO - [2026-05-09T20:32:40.333+0000] {dagbag.py:355} ERROR - Failed to import: /opt/airflow/dags/main.py
Traceback (most recent call last):
  File "/home/airflow/.local/lib/python3.10/site-packages/airflow/models/dagbag.py", line 351, in parse
    loader.exec_module(new_module)
  File "<frozen importlib._bootstrap_external>", line 883, in exec_module
  File "<frozen importlib._bootstrap>", line 241, in _call_with_frames_removed
  File "/opt/airflow/dags/main.py", line 6, in <module>
    from datawarehouse.dwh import staging_table, core_table
  File "/opt/airflow/dags/datawarehouse/dwh.py", line 1, in <module>
    from datawarehouse.data_utils import (
  File "/opt/airflow/dags/datawarehouse/data_utils.py", line 2, in <module>
    import PostgresHook
ModuleNotFoundError: No module named 'PostgresHook'
[2026-05-09T20:32:40.603+0000] {processor.py:842} WARNING - No viable dags retrieved from /opt/airflow/dags/main.py
[2026-05-09T20:32:40.756+0000] {processor.py:183} INFO - Processing /opt/airflow/dags/main.py took 0.956 seconds
[2026-05-09T20:33:11.878+0000] {processor.py:161} INFO - Started process (PID=2120) to work on /opt/airflow/dags/main.py
[2026-05-09T20:33:11.880+0000] {processor.py:830} INFO - Processing file /opt/airflow/dags/main.py for tasks to queue
[2026-05-09T20:33:11.881+0000] {logging_mixin.py:188} INFO - [2026-05-09T20:33:11.881+0000] {dagbag.py:545} INFO - Filling up the DagBag from /opt/airflow/dags/main.py
[2026-05-09T20:33:11.949+0000] {logging_mixin.py:188} INFO - get_playlist_id will not be executed
[2026-05-09T20:33:12.010+0000] {logging_mixin.py:188} INFO - [2026-05-09T20:33:11.997+0000] {dagbag.py:355} ERROR - Failed to import: /opt/airflow/dags/main.py
Traceback (most recent call last):
  File "/home/airflow/.local/lib/python3.10/site-packages/airflow/models/dagbag.py", line 351, in parse
    loader.exec_module(new_module)
  File "<frozen importlib._bootstrap_external>", line 883, in exec_module
  File "<frozen importlib._bootstrap>", line 241, in _call_with_frames_removed
  File "/opt/airflow/dags/main.py", line 6, in <module>
    from datawarehouse.dwh import staging_table, core_table
  File "/opt/airflow/dags/datawarehouse/dwh.py", line 1, in <module>
    from datawarehouse.data_utils import (
  File "/opt/airflow/dags/datawarehouse/data_utils.py", line 2, in <module>
    import PostgresHook
ModuleNotFoundError: No module named 'PostgresHook'
[2026-05-09T20:33:12.013+0000] {processor.py:842} WARNING - No viable dags retrieved from /opt/airflow/dags/main.py
[2026-05-09T20:33:12.035+0000] {processor.py:183} INFO - Processing /opt/airflow/dags/main.py took 0.165 seconds
[2026-05-09T20:33:42.190+0000] {processor.py:161} INFO - Started process (PID=2127) to work on /opt/airflow/dags/main.py
[2026-05-09T20:33:42.192+0000] {processor.py:830} INFO - Processing file /opt/airflow/dags/main.py for tasks to queue
[2026-05-09T20:33:42.193+0000] {logging_mixin.py:188} INFO - [2026-05-09T20:33:42.192+0000] {dagbag.py:545} INFO - Filling up the DagBag from /opt/airflow/dags/main.py
[2026-05-09T20:33:42.241+0000] {logging_mixin.py:188} INFO - get_playlist_id will not be executed
[2026-05-09T20:33:42.284+0000] {logging_mixin.py:188} INFO - [2026-05-09T20:33:42.273+0000] {dagbag.py:355} ERROR - Failed to import: /opt/airflow/dags/main.py
Traceback (most recent call last):
  File "/home/airflow/.local/lib/python3.10/site-packages/airflow/models/dagbag.py", line 351, in parse
    loader.exec_module(new_module)
  File "<frozen importlib._bootstrap_external>", line 883, in exec_module
  File "<frozen importlib._bootstrap>", line 241, in _call_with_frames_removed
  File "/opt/airflow/dags/main.py", line 6, in <module>
    from datawarehouse.dwh import staging_table, core_table
  File "/opt/airflow/dags/datawarehouse/dwh.py", line 1, in <module>
    from datawarehouse.data_utils import (
  File "/opt/airflow/dags/datawarehouse/data_utils.py", line 2, in <module>
    import PostgresHook
ModuleNotFoundError: No module named 'PostgresHook'
[2026-05-09T20:33:42.287+0000] {processor.py:842} WARNING - No viable dags retrieved from /opt/airflow/dags/main.py
[2026-05-09T20:35:02.497+0000] {processor.py:161} INFO - Started process (PID=2146) to work on /opt/airflow/dags/main.py
[2026-05-09T20:35:02.499+0000] {processor.py:830} INFO - Processing file /opt/airflow/dags/main.py for tasks to queue
[2026-05-09T20:35:02.500+0000] {logging_mixin.py:188} INFO - [2026-05-09T20:35:02.500+0000] {dagbag.py:545} INFO - Filling up the DagBag from /opt/airflow/dags/main.py
[2026-05-09T20:35:02.548+0000] {logging_mixin.py:188} INFO - get_playlist_id will not be executed
[2026-05-09T20:35:02.596+0000] {logging_mixin.py:188} INFO - [2026-05-09T20:35:02.582+0000] {dagbag.py:355} ERROR - Failed to import: /opt/airflow/dags/main.py
Traceback (most recent call last):
  File "/home/airflow/.local/lib/python3.10/site-packages/airflow/models/dagbag.py", line 351, in parse
    loader.exec_module(new_module)
  File "<frozen importlib._bootstrap_external>", line 883, in exec_module
  File "<frozen importlib._bootstrap>", line 241, in _call_with_frames_removed
  File "/opt/airflow/dags/main.py", line 6, in <module>
    from datawarehouse.dwh import staging_table, core_table
  File "/opt/airflow/dags/datawarehouse/dwh.py", line 1, in <module>
    from datawarehouse.data_utils import (
  File "/opt/airflow/dags/datawarehouse/data_utils.py", line 2, in <module>
    import PostgresHook
ModuleNotFoundError: No module named 'PostgresHook'
[2026-05-09T20:35:02.599+0000] {processor.py:842} WARNING - No viable dags retrieved from /opt/airflow/dags/main.py
[2026-05-09T20:35:02.626+0000] {processor.py:183} INFO - Processing /opt/airflow/dags/main.py took 0.139 seconds
[2026-05-09T20:35:32.682+0000] {processor.py:161} INFO - Started process (PID=2153) to work on /opt/airflow/dags/main.py
[2026-05-09T20:35:32.683+0000] {processor.py:830} INFO - Processing file /opt/airflow/dags/main.py for tasks to queue
[2026-05-09T20:35:32.684+0000] {logging_mixin.py:188} INFO - [2026-05-09T20:35:32.684+0000] {dagbag.py:545} INFO - Filling up the DagBag from /opt/airflow/dags/main.py
[2026-05-09T20:35:32.728+0000] {logging_mixin.py:188} INFO - get_playlist_id will not be executed
[2026-05-09T20:35:32.766+0000] {logging_mixin.py:188} INFO - [2026-05-09T20:35:32.756+0000] {dagbag.py:355} ERROR - Failed to import: /opt/airflow/dags/main.py
Traceback (most recent call last):
  File "/home/airflow/.local/lib/python3.10/site-packages/airflow/models/dagbag.py", line 351, in parse
    loader.exec_module(new_module)
  File "<frozen importlib._bootstrap_external>", line 883, in exec_module
  File "<frozen importlib._bootstrap>", line 241, in _call_with_frames_removed
  File "/opt/airflow/dags/main.py", line 6, in <module>
    from datawarehouse.dwh import staging_table, core_table
  File "/opt/airflow/dags/datawarehouse/dwh.py", line 1, in <module>
    from datawarehouse.data_utils import (
  File "/opt/airflow/dags/datawarehouse/data_utils.py", line 2, in <module>
    import PostgresHook
ModuleNotFoundError: No module named 'PostgresHook'
[2026-05-09T20:35:32.769+0000] {processor.py:842} WARNING - No viable dags retrieved from /opt/airflow/dags/main.py
[2026-05-09T20:35:32.791+0000] {processor.py:183} INFO - Processing /opt/airflow/dags/main.py took 0.118 seconds
[2026-05-09T20:36:02.970+0000] {processor.py:161} INFO - Started process (PID=2160) to work on /opt/airflow/dags/main.py
[2026-05-09T20:36:02.971+0000] {processor.py:830} INFO - Processing file /opt/airflow/dags/main.py for tasks to queue
[2026-05-09T20:36:02.972+0000] {logging_mixin.py:188} INFO - [2026-05-09T20:36:02.972+0000] {dagbag.py:545} INFO - Filling up the DagBag from /opt/airflow/dags/main.py
[2026-05-09T20:36:03.018+0000] {logging_mixin.py:188} INFO - get_playlist_id will not be executed
[2026-05-09T20:36:03.061+0000] {logging_mixin.py:188} INFO - [2026-05-09T20:36:03.049+0000] {dagbag.py:355} ERROR - Failed to import: /opt/airflow/dags/main.py
Traceback (most recent call last):
  File "/home/airflow/.local/lib/python3.10/site-packages/airflow/models/dagbag.py", line 351, in parse
    loader.exec_module(new_module)
  File "<frozen importlib._bootstrap_external>", line 883, in exec_module
  File "<frozen importlib._bootstrap>", line 241, in _call_with_frames_removed
  File "/opt/airflow/dags/main.py", line 6, in <module>
    from datawarehouse.dwh import staging_table, core_table
  File "/opt/airflow/dags/datawarehouse/dwh.py", line 1, in <module>
    from datawarehouse.data_utils import (
  File "/opt/airflow/dags/datawarehouse/data_utils.py", line 2, in <module>
    import PostgresHook
ModuleNotFoundError: No module named 'PostgresHook'
[2026-05-09T20:36:03.064+0000] {processor.py:842} WARNING - No viable dags retrieved from /opt/airflow/dags/main.py
[2026-05-09T20:36:03.090+0000] {processor.py:183} INFO - Processing /opt/airflow/dags/main.py took 0.125 seconds
[2026-05-09T20:36:33.271+0000] {processor.py:161} INFO - Started process (PID=2167) to work on /opt/airflow/dags/main.py
[2026-05-09T20:36:33.272+0000] {processor.py:830} INFO - Processing file /opt/airflow/dags/main.py for tasks to queue
[2026-05-09T20:36:33.273+0000] {logging_mixin.py:188} INFO - [2026-05-09T20:36:33.273+0000] {dagbag.py:545} INFO - Filling up the DagBag from /opt/airflow/dags/main.py
[2026-05-09T20:36:33.317+0000] {logging_mixin.py:188} INFO - get_playlist_id will not be executed
[2026-05-09T20:36:33.357+0000] {logging_mixin.py:188} INFO - [2026-05-09T20:36:33.347+0000] {dagbag.py:355} ERROR - Failed to import: /opt/airflow/dags/main.py
Traceback (most recent call last):
  File "/home/airflow/.local/lib/python3.10/site-packages/airflow/models/dagbag.py", line 351, in parse
    loader.exec_module(new_module)
  File "<frozen importlib._bootstrap_external>", line 883, in exec_module
  File "<frozen importlib._bootstrap>", line 241, in _call_with_frames_removed
  File "/opt/airflow/dags/main.py", line 6, in <module>
    from datawarehouse.dwh import staging_table, core_table
  File "/opt/airflow/dags/datawarehouse/dwh.py", line 1, in <module>
    from datawarehouse.data_utils import (
  File "/opt/airflow/dags/datawarehouse/data_utils.py", line 2, in <module>
    import PostgresHook
ModuleNotFoundError: No module named 'PostgresHook'
[2026-05-09T20:36:33.360+0000] {processor.py:842} WARNING - No viable dags retrieved from /opt/airflow/dags/main.py
[2026-05-09T20:36:33.376+0000] {processor.py:183} INFO - Processing /opt/airflow/dags/main.py took 0.110 seconds
[2026-05-09T20:37:03.539+0000] {processor.py:161} INFO - Started process (PID=2174) to work on /opt/airflow/dags/main.py
[2026-05-09T20:37:03.541+0000] {processor.py:830} INFO - Processing file /opt/airflow/dags/main.py for tasks to queue
[2026-05-09T20:37:03.543+0000] {logging_mixin.py:188} INFO - [2026-05-09T20:37:03.543+0000] {dagbag.py:545} INFO - Filling up the DagBag from /opt/airflow/dags/main.py
[2026-05-09T20:37:03.593+0000] {logging_mixin.py:188} INFO - get_playlist_id will not be executed
[2026-05-09T20:37:03.633+0000] {logging_mixin.py:188} INFO - [2026-05-09T20:37:03.623+0000] {dagbag.py:355} ERROR - Failed to import: /opt/airflow/dags/main.py
Traceback (most recent call last):
  File "/home/airflow/.local/lib/python3.10/site-packages/airflow/models/dagbag.py", line 351, in parse
    loader.exec_module(new_module)
  File "<frozen importlib._bootstrap_external>", line 883, in exec_module
  File "<frozen importlib._bootstrap>", line 241, in _call_with_frames_removed
  File "/opt/airflow/dags/main.py", line 6, in <module>
    from datawarehouse.dwh import staging_table, core_table
  File "/opt/airflow/dags/datawarehouse/dwh.py", line 1, in <module>
    from datawarehouse.data_utils import (
  File "/opt/airflow/dags/datawarehouse/data_utils.py", line 2, in <module>
    import PostgresHook
ModuleNotFoundError: No module named 'PostgresHook'
[2026-05-09T20:37:03.636+0000] {processor.py:842} WARNING - No viable dags retrieved from /opt/airflow/dags/main.py
[2026-05-09T20:37:03.653+0000] {processor.py:183} INFO - Processing /opt/airflow/dags/main.py took 0.128 seconds
[2026-05-09T20:37:33.851+0000] {processor.py:161} INFO - Started process (PID=2181) to work on /opt/airflow/dags/main.py
[2026-05-09T20:37:33.852+0000] {processor.py:830} INFO - Processing file /opt/airflow/dags/main.py for tasks to queue
[2026-05-09T20:37:33.853+0000] {logging_mixin.py:188} INFO - [2026-05-09T20:37:33.852+0000] {dagbag.py:545} INFO - Filling up the DagBag from /opt/airflow/dags/main.py
[2026-05-09T20:37:33.893+0000] {logging_mixin.py:188} INFO - get_playlist_id will not be executed
[2026-05-09T20:37:33.932+0000] {logging_mixin.py:188} INFO - [2026-05-09T20:37:33.922+0000] {dagbag.py:355} ERROR - Failed to import: /opt/airflow/dags/main.py
Traceback (most recent call last):
  File "/home/airflow/.local/lib/python3.10/site-packages/airflow/models/dagbag.py", line 351, in parse
    loader.exec_module(new_module)
  File "<frozen importlib._bootstrap_external>", line 883, in exec_module
  File "<frozen importlib._bootstrap>", line 241, in _call_with_frames_removed
  File "/opt/airflow/dags/main.py", line 6, in <module>
    from datawarehouse.dwh import staging_table, core_table
  File "/opt/airflow/dags/datawarehouse/dwh.py", line 1, in <module>
    from datawarehouse.data_utils import (
  File "/opt/airflow/dags/datawarehouse/data_utils.py", line 2, in <module>
    import PostgresHook
ModuleNotFoundError: No module named 'PostgresHook'
[2026-05-09T20:37:33.935+0000] {processor.py:842} WARNING - No viable dags retrieved from /opt/airflow/dags/main.py
[2026-05-09T20:37:33.951+0000] {processor.py:183} INFO - Processing /opt/airflow/dags/main.py took 0.107 seconds
[2026-05-09T20:38:04.294+0000] {processor.py:161} INFO - Started process (PID=2188) to work on /opt/airflow/dags/main.py
[2026-05-09T20:38:04.296+0000] {processor.py:830} INFO - Processing file /opt/airflow/dags/main.py for tasks to queue
[2026-05-09T20:38:04.297+0000] {logging_mixin.py:188} INFO - [2026-05-09T20:38:04.296+0000] {dagbag.py:545} INFO - Filling up the DagBag from /opt/airflow/dags/main.py
[2026-05-09T20:38:04.337+0000] {logging_mixin.py:188} INFO - get_playlist_id will not be executed
[2026-05-09T20:38:04.383+0000] {logging_mixin.py:188} INFO - [2026-05-09T20:38:04.373+0000] {dagbag.py:355} ERROR - Failed to import: /opt/airflow/dags/main.py
Traceback (most recent call last):
  File "/home/airflow/.local/lib/python3.10/site-packages/airflow/models/dagbag.py", line 351, in parse
    loader.exec_module(new_module)
  File "<frozen importlib._bootstrap_external>", line 883, in exec_module
  File "<frozen importlib._bootstrap>", line 241, in _call_with_frames_removed
  File "/opt/airflow/dags/main.py", line 6, in <module>
    from datawarehouse.dwh import staging_table, core_table
  File "/opt/airflow/dags/datawarehouse/dwh.py", line 1, in <module>
    from datawarehouse.data_utils import (
  File "/opt/airflow/dags/datawarehouse/data_utils.py", line 2, in <module>
    import PostgresHook
ModuleNotFoundError: No module named 'PostgresHook'
[2026-05-09T20:38:04.387+0000] {processor.py:842} WARNING - No viable dags retrieved from /opt/airflow/dags/main.py
[2026-05-09T20:38:04.403+0000] {processor.py:183} INFO - Processing /opt/airflow/dags/main.py took 0.116 seconds
[2026-05-09T20:38:34.578+0000] {processor.py:161} INFO - Started process (PID=2195) to work on /opt/airflow/dags/main.py
[2026-05-09T20:38:34.580+0000] {processor.py:830} INFO - Processing file /opt/airflow/dags/main.py for tasks to queue
[2026-05-09T20:38:34.581+0000] {logging_mixin.py:188} INFO - [2026-05-09T20:38:34.581+0000] {dagbag.py:545} INFO - Filling up the DagBag from /opt/airflow/dags/main.py
[2026-05-09T20:38:34.640+0000] {logging_mixin.py:188} INFO - get_playlist_id will not be executed
[2026-05-09T20:38:34.740+0000] {logging_mixin.py:188} INFO - [2026-05-09T20:38:34.728+0000] {dagbag.py:355} ERROR - Failed to import: /opt/airflow/dags/main.py
Traceback (most recent call last):
  File "/home/airflow/.local/lib/python3.10/site-packages/airflow/models/dagbag.py", line 351, in parse
    loader.exec_module(new_module)
  File "<frozen importlib._bootstrap_external>", line 883, in exec_module
  File "<frozen importlib._bootstrap>", line 241, in _call_with_frames_removed
  File "/opt/airflow/dags/main.py", line 6, in <module>
    from datawarehouse.dwh import staging_table, core_table
  File "/opt/airflow/dags/datawarehouse/dwh.py", line 1, in <module>
    from datawarehouse.data_utils import (
  File "/opt/airflow/dags/datawarehouse/data_utils.py", line 2, in <module>
    from pyscopg2.extras import RealDictCursor
ModuleNotFoundError: No module named 'pyscopg2'
[2026-05-09T20:38:34.743+0000] {processor.py:842} WARNING - No viable dags retrieved from /opt/airflow/dags/main.py
[2026-05-09T20:38:34.759+0000] {processor.py:183} INFO - Processing /opt/airflow/dags/main.py took 0.195 seconds
[2026-05-09T20:39:04.868+0000] {processor.py:161} INFO - Started process (PID=2203) to work on /opt/airflow/dags/main.py
[2026-05-09T20:39:04.870+0000] {processor.py:830} INFO - Processing file /opt/airflow/dags/main.py for tasks to queue
[2026-05-09T20:39:04.872+0000] {logging_mixin.py:188} INFO - [2026-05-09T20:39:04.871+0000] {dagbag.py:545} INFO - Filling up the DagBag from /opt/airflow/dags/main.py
[2026-05-09T20:39:04.919+0000] {logging_mixin.py:188} INFO - get_playlist_id will not be executed
[2026-05-09T20:39:04.986+0000] {logging_mixin.py:188} INFO - [2026-05-09T20:39:04.974+0000] {dagbag.py:355} ERROR - Failed to import: /opt/airflow/dags/main.py
Traceback (most recent call last):
  File "/home/airflow/.local/lib/python3.10/site-packages/airflow/models/dagbag.py", line 351, in parse
    loader.exec_module(new_module)
  File "<frozen importlib._bootstrap_external>", line 883, in exec_module
  File "<frozen importlib._bootstrap>", line 241, in _call_with_frames_removed
  File "/opt/airflow/dags/main.py", line 6, in <module>
    from datawarehouse.dwh import staging_table, core_table
  File "/opt/airflow/dags/datawarehouse/dwh.py", line 1, in <module>
    from datawarehouse.data_utils import (
  File "/opt/airflow/dags/datawarehouse/data_utils.py", line 3, in <module>
    from pyscopg2.extras import RealDictCursor
ModuleNotFoundError: No module named 'pyscopg2'
[2026-05-09T20:39:04.989+0000] {processor.py:842} WARNING - No viable dags retrieved from /opt/airflow/dags/main.py
[2026-05-09T20:39:05.010+0000] {processor.py:183} INFO - Processing /opt/airflow/dags/main.py took 0.158 seconds
[2026-05-09T20:39:35.223+0000] {processor.py:161} INFO - Started process (PID=2210) to work on /opt/airflow/dags/main.py
[2026-05-09T20:39:35.224+0000] {processor.py:830} INFO - Processing file /opt/airflow/dags/main.py for tasks to queue
[2026-05-09T20:39:35.225+0000] {logging_mixin.py:188} INFO - [2026-05-09T20:39:35.225+0000] {dagbag.py:545} INFO - Filling up the DagBag from /opt/airflow/dags/main.py
[2026-05-09T20:39:35.269+0000] {logging_mixin.py:188} INFO - get_playlist_id will not be executed
[2026-05-09T20:39:35.340+0000] {logging_mixin.py:188} INFO - [2026-05-09T20:39:35.327+0000] {dagbag.py:355} ERROR - Failed to import: /opt/airflow/dags/main.py
Traceback (most recent call last):
  File "/home/airflow/.local/lib/python3.10/site-packages/airflow/models/dagbag.py", line 351, in parse
    loader.exec_module(new_module)
  File "<frozen importlib._bootstrap_external>", line 883, in exec_module
  File "<frozen importlib._bootstrap>", line 241, in _call_with_frames_removed
  File "/opt/airflow/dags/main.py", line 6, in <module>
    from datawarehouse.dwh import staging_table, core_table
  File "/opt/airflow/dags/datawarehouse/dwh.py", line 1, in <module>
    from datawarehouse.data_utils import (
  File "/opt/airflow/dags/datawarehouse/data_utils.py", line 2, in <module>
    from airflow.providers.postgres import PostgresHook
ImportError: cannot import name 'PostgresHook' from 'airflow.providers.postgres' (/home/airflow/.local/lib/python3.10/site-packages/airflow/providers/postgres/__init__.py)
[2026-05-09T20:39:35.343+0000] {processor.py:842} WARNING - No viable dags retrieved from /opt/airflow/dags/main.py
[2026-05-09T20:39:35.369+0000] {processor.py:183} INFO - Processing /opt/airflow/dags/main.py took 0.151 seconds
[2026-05-09T20:40:05.484+0000] {processor.py:161} INFO - Started process (PID=2217) to work on /opt/airflow/dags/main.py
[2026-05-09T20:40:05.486+0000] {processor.py:830} INFO - Processing file /opt/airflow/dags/main.py for tasks to queue
[2026-05-09T20:40:05.486+0000] {logging_mixin.py:188} INFO - [2026-05-09T20:40:05.486+0000] {dagbag.py:545} INFO - Filling up the DagBag from /opt/airflow/dags/main.py
[2026-05-09T20:40:05.536+0000] {logging_mixin.py:188} INFO - get_playlist_id will not be executed
[2026-05-09T20:40:05.578+0000] {logging_mixin.py:188} INFO - [2026-05-09T20:40:05.566+0000] {dagbag.py:355} ERROR - Failed to import: /opt/airflow/dags/main.py
Traceback (most recent call last):
  File "/home/airflow/.local/lib/python3.10/site-packages/airflow/models/dagbag.py", line 351, in parse
    loader.exec_module(new_module)
  File "<frozen importlib._bootstrap_external>", line 883, in exec_module
  File "<frozen importlib._bootstrap>", line 241, in _call_with_frames_removed
  File "/opt/airflow/dags/main.py", line 6, in <module>
    from datawarehouse.dwh import staging_table, core_table
  File "/opt/airflow/dags/datawarehouse/dwh.py", line 1, in <module>
    from datawarehouse.data_utils import (
  File "/opt/airflow/dags/datawarehouse/data_utils.py", line 2, in <module>
    from airflow.providers.postgres import PostgresHook
ImportError: cannot import name 'PostgresHook' from 'airflow.providers.postgres' (/home/airflow/.local/lib/python3.10/site-packages/airflow/providers/postgres/__init__.py)
[2026-05-09T20:40:05.581+0000] {processor.py:842} WARNING - No viable dags retrieved from /opt/airflow/dags/main.py
[2026-05-09T20:40:05.602+0000] {processor.py:183} INFO - Processing /opt/airflow/dags/main.py took 0.127 seconds
[2026-05-09T20:40:35.854+0000] {processor.py:161} INFO - Started process (PID=2224) to work on /opt/airflow/dags/main.py
[2026-05-09T20:40:35.855+0000] {processor.py:830} INFO - Processing file /opt/airflow/dags/main.py for tasks to queue
[2026-05-09T20:40:35.856+0000] {logging_mixin.py:188} INFO - [2026-05-09T20:40:35.856+0000] {dagbag.py:545} INFO - Filling up the DagBag from /opt/airflow/dags/main.py
[2026-05-09T20:40:35.904+0000] {logging_mixin.py:188} INFO - get_playlist_id will not be executed
[2026-05-09T20:40:35.949+0000] {logging_mixin.py:188} INFO - [2026-05-09T20:40:35.936+0000] {dagbag.py:355} ERROR - Failed to import: /opt/airflow/dags/main.py
Traceback (most recent call last):
  File "/home/airflow/.local/lib/python3.10/site-packages/airflow/models/dagbag.py", line 351, in parse
    loader.exec_module(new_module)
  File "<frozen importlib._bootstrap_external>", line 883, in exec_module
  File "<frozen importlib._bootstrap>", line 241, in _call_with_frames_removed
  File "/opt/airflow/dags/main.py", line 6, in <module>
    from datawarehouse.dwh import staging_table, core_table
  File "/opt/airflow/dags/datawarehouse/dwh.py", line 1, in <module>
    from datawarehouse.data_utils import (
  File "/opt/airflow/dags/datawarehouse/data_utils.py", line 2, in <module>
    from airflow.providers.postgres import PostgresHook
ImportError: cannot import name 'PostgresHook' from 'airflow.providers.postgres' (/home/airflow/.local/lib/python3.10/site-packages/airflow/providers/postgres/__init__.py)
[2026-05-09T20:40:35.952+0000] {processor.py:842} WARNING - No viable dags retrieved from /opt/airflow/dags/main.py
[2026-05-09T20:40:35.971+0000] {processor.py:183} INFO - Processing /opt/airflow/dags/main.py took 0.122 seconds
[2026-05-09T20:41:06.150+0000] {processor.py:161} INFO - Started process (PID=2231) to work on /opt/airflow/dags/main.py
[2026-05-09T20:41:06.152+0000] {processor.py:830} INFO - Processing file /opt/airflow/dags/main.py for tasks to queue
[2026-05-09T20:41:06.154+0000] {logging_mixin.py:188} INFO - [2026-05-09T20:41:06.153+0000] {dagbag.py:545} INFO - Filling up the DagBag from /opt/airflow/dags/main.py
[2026-05-09T20:41:06.205+0000] {logging_mixin.py:188} INFO - get_playlist_id will not be executed
[2026-05-09T20:41:06.270+0000] {logging_mixin.py:188} INFO - [2026-05-09T20:41:06.258+0000] {dagbag.py:355} ERROR - Failed to import: /opt/airflow/dags/main.py
Traceback (most recent call last):
  File "/home/airflow/.local/lib/python3.10/site-packages/airflow/models/dagbag.py", line 351, in parse
    loader.exec_module(new_module)
  File "<frozen importlib._bootstrap_external>", line 883, in exec_module
  File "<frozen importlib._bootstrap>", line 241, in _call_with_frames_removed
  File "/opt/airflow/dags/main.py", line 6, in <module>
    from datawarehouse.dwh import staging_table, core_table
  File "/opt/airflow/dags/datawarehouse/dwh.py", line 1, in <module>
    from datawarehouse.data_utils import (
  File "/opt/airflow/dags/datawarehouse/data_utils.py", line 2, in <module>
    from airflow.providers.postgres import PostgresHook
ImportError: cannot import name 'PostgresHook' from 'airflow.providers.postgres' (/home/airflow/.local/lib/python3.10/site-packages/airflow/providers/postgres/__init__.py)
[2026-05-09T20:41:06.273+0000] {processor.py:842} WARNING - No viable dags retrieved from /opt/airflow/dags/main.py
[2026-05-09T20:41:06.290+0000] {processor.py:183} INFO - Processing /opt/airflow/dags/main.py took 0.150 seconds
[2026-05-09T20:41:36.497+0000] {processor.py:161} INFO - Started process (PID=2238) to work on /opt/airflow/dags/main.py
[2026-05-09T20:41:36.498+0000] {processor.py:830} INFO - Processing file /opt/airflow/dags/main.py for tasks to queue
[2026-05-09T20:41:36.499+0000] {logging_mixin.py:188} INFO - [2026-05-09T20:41:36.499+0000] {dagbag.py:545} INFO - Filling up the DagBag from /opt/airflow/dags/main.py
[2026-05-09T20:41:36.537+0000] {logging_mixin.py:188} INFO - get_playlist_id will not be executed
[2026-05-09T20:41:36.577+0000] {logging_mixin.py:188} INFO - [2026-05-09T20:41:36.561+0000] {dagbag.py:355} ERROR - Failed to import: /opt/airflow/dags/main.py
Traceback (most recent call last):
  File "/home/airflow/.local/lib/python3.10/site-packages/airflow/models/dagbag.py", line 351, in parse
    loader.exec_module(new_module)
  File "<frozen importlib._bootstrap_external>", line 883, in exec_module
  File "<frozen importlib._bootstrap>", line 241, in _call_with_frames_removed
  File "/opt/airflow/dags/main.py", line 6, in <module>
    from datawarehouse.dwh import staging_table, core_table
  File "/opt/airflow/dags/datawarehouse/dwh.py", line 1, in <module>
    from datawarehouse.data_utils import (
  File "/opt/airflow/dags/datawarehouse/data_utils.py", line 2, in <module>
    from airflow.providers.postgres import PostgresHook
ImportError: cannot import name 'PostgresHook' from 'airflow.providers.postgres' (/home/airflow/.local/lib/python3.10/site-packages/airflow/providers/postgres/__init__.py)
[2026-05-09T20:41:36.581+0000] {processor.py:842} WARNING - No viable dags retrieved from /opt/airflow/dags/main.py
[2026-05-09T20:41:36.598+0000] {processor.py:183} INFO - Processing /opt/airflow/dags/main.py took 0.111 seconds
[2026-05-09T20:42:24.909+0000] {processor.py:161} INFO - Started process (PID=40) to work on /opt/airflow/dags/main.py
[2026-05-09T20:42:24.910+0000] {processor.py:830} INFO - Processing file /opt/airflow/dags/main.py for tasks to queue
[2026-05-09T20:42:24.913+0000] {logging_mixin.py:188} INFO - [2026-05-09T20:42:24.913+0000] {dagbag.py:545} INFO - Filling up the DagBag from /opt/airflow/dags/main.py
[2026-05-09T20:42:24.965+0000] {logging_mixin.py:188} INFO - get_playlist_id will not be executed
[2026-05-09T20:42:25.039+0000] {logging_mixin.py:188} INFO - [2026-05-09T20:42:25.028+0000] {dagbag.py:355} ERROR - Failed to import: /opt/airflow/dags/main.py
Traceback (most recent call last):
  File "/home/airflow/.local/lib/python3.10/site-packages/airflow/models/dagbag.py", line 351, in parse
    loader.exec_module(new_module)
  File "<frozen importlib._bootstrap_external>", line 883, in exec_module
  File "<frozen importlib._bootstrap>", line 241, in _call_with_frames_removed
  File "/opt/airflow/dags/main.py", line 6, in <module>
    from datawarehouse.dwh import staging_table, core_table
  File "/opt/airflow/dags/datawarehouse/dwh.py", line 1, in <module>
    from datawarehouse.data_utils import (
  File "/opt/airflow/dags/datawarehouse/data_utils.py", line 2, in <module>
    from airflow.providers.postgres import PostgresHook
ImportError: cannot import name 'PostgresHook' from 'airflow.providers.postgres' (/home/airflow/.local/lib/python3.10/site-packages/airflow/providers/postgres/__init__.py)
[2026-05-09T20:42:25.042+0000] {processor.py:842} WARNING - No viable dags retrieved from /opt/airflow/dags/main.py
[2026-05-09T20:42:25.061+0000] {processor.py:183} INFO - Processing /opt/airflow/dags/main.py took 0.160 seconds
[2026-05-09T20:42:55.162+0000] {processor.py:161} INFO - Started process (PID=47) to work on /opt/airflow/dags/main.py
[2026-05-09T20:42:55.163+0000] {processor.py:830} INFO - Processing file /opt/airflow/dags/main.py for tasks to queue
[2026-05-09T20:42:55.166+0000] {logging_mixin.py:188} INFO - [2026-05-09T20:42:55.165+0000] {dagbag.py:545} INFO - Filling up the DagBag from /opt/airflow/dags/main.py
[2026-05-09T20:42:55.211+0000] {logging_mixin.py:188} INFO - get_playlist_id will not be executed
[2026-05-09T20:42:55.255+0000] {logging_mixin.py:188} INFO - [2026-05-09T20:42:55.242+0000] {dagbag.py:355} ERROR - Failed to import: /opt/airflow/dags/main.py
Traceback (most recent call last):
  File "/home/airflow/.local/lib/python3.10/site-packages/airflow/models/dagbag.py", line 351, in parse
    loader.exec_module(new_module)
  File "<frozen importlib._bootstrap_external>", line 883, in exec_module
  File "<frozen importlib._bootstrap>", line 241, in _call_with_frames_removed
  File "/opt/airflow/dags/main.py", line 6, in <module>
    from datawarehouse.dwh import staging_table, core_table
  File "/opt/airflow/dags/datawarehouse/dwh.py", line 1, in <module>
    from datawarehouse.data_utils import (
  File "/opt/airflow/dags/datawarehouse/data_utils.py", line 2, in <module>
    from airflow.providers.postgres import PostgresHook
ImportError: cannot import name 'PostgresHook' from 'airflow.providers.postgres' (/home/airflow/.local/lib/python3.10/site-packages/airflow/providers/postgres/__init__.py)
[2026-05-09T20:42:55.258+0000] {processor.py:842} WARNING - No viable dags retrieved from /opt/airflow/dags/main.py
[2026-05-09T20:42:55.279+0000] {processor.py:183} INFO - Processing /opt/airflow/dags/main.py took 0.123 seconds
[2026-05-09T20:43:25.623+0000] {processor.py:161} INFO - Started process (PID=60) to work on /opt/airflow/dags/main.py
[2026-05-09T20:43:25.624+0000] {processor.py:830} INFO - Processing file /opt/airflow/dags/main.py for tasks to queue
[2026-05-09T20:43:25.626+0000] {logging_mixin.py:188} INFO - [2026-05-09T20:43:25.626+0000] {dagbag.py:545} INFO - Filling up the DagBag from /opt/airflow/dags/main.py
[2026-05-09T20:43:25.678+0000] {logging_mixin.py:188} INFO - get_playlist_id will not be executed
[2026-05-09T20:43:25.744+0000] {logging_mixin.py:188} INFO - [2026-05-09T20:43:25.735+0000] {dagbag.py:355} ERROR - Failed to import: /opt/airflow/dags/main.py
Traceback (most recent call last):
  File "/home/airflow/.local/lib/python3.10/site-packages/airflow/models/dagbag.py", line 351, in parse
    loader.exec_module(new_module)
  File "<frozen importlib._bootstrap_external>", line 883, in exec_module
  File "<frozen importlib._bootstrap>", line 241, in _call_with_frames_removed
  File "/opt/airflow/dags/main.py", line 6, in <module>
    from datawarehouse.dwh import staging_table, core_table
  File "/opt/airflow/dags/datawarehouse/dwh.py", line 1, in <module>
    from datawarehouse.data_utils import (
  File "/opt/airflow/dags/datawarehouse/data_utils.py", line 3, in <module>
    from psyscopg2.extras import RealDictCursor
ModuleNotFoundError: No module named 'psyscopg2'
[2026-05-09T20:43:25.748+0000] {processor.py:842} WARNING - No viable dags retrieved from /opt/airflow/dags/main.py
[2026-05-09T20:43:25.768+0000] {processor.py:183} INFO - Processing /opt/airflow/dags/main.py took 0.151 seconds
[2026-05-09T20:43:55.917+0000] {processor.py:161} INFO - Started process (PID=67) to work on /opt/airflow/dags/main.py
[2026-05-09T20:43:55.919+0000] {processor.py:830} INFO - Processing file /opt/airflow/dags/main.py for tasks to queue
[2026-05-09T20:43:55.921+0000] {logging_mixin.py:188} INFO - [2026-05-09T20:43:55.921+0000] {dagbag.py:545} INFO - Filling up the DagBag from /opt/airflow/dags/main.py
[2026-05-09T20:43:55.965+0000] {logging_mixin.py:188} INFO - get_playlist_id will not be executed
[2026-05-09T20:43:56.003+0000] {logging_mixin.py:188} INFO - [2026-05-09T20:43:55.993+0000] {dagbag.py:355} ERROR - Failed to import: /opt/airflow/dags/main.py
Traceback (most recent call last):
  File "/home/airflow/.local/lib/python3.10/site-packages/airflow/models/dagbag.py", line 351, in parse
    loader.exec_module(new_module)
  File "<frozen importlib._bootstrap_external>", line 883, in exec_module
  File "<frozen importlib._bootstrap>", line 241, in _call_with_frames_removed
  File "/opt/airflow/dags/main.py", line 6, in <module>
    from datawarehouse.dwh import staging_table, core_table
  File "/opt/airflow/dags/datawarehouse/dwh.py", line 1, in <module>
    from datawarehouse.data_utils import (
  File "/opt/airflow/dags/datawarehouse/data_utils.py", line 3, in <module>
    from psyscopg2.extras import RealDictCursor
ModuleNotFoundError: No module named 'psyscopg2'
[2026-05-09T20:43:56.007+0000] {processor.py:842} WARNING - No viable dags retrieved from /opt/airflow/dags/main.py
[2026-05-09T20:43:56.027+0000] {processor.py:183} INFO - Processing /opt/airflow/dags/main.py took 0.119 seconds
[2026-05-09T20:44:26.369+0000] {processor.py:161} INFO - Started process (PID=74) to work on /opt/airflow/dags/main.py
[2026-05-09T20:44:26.370+0000] {processor.py:830} INFO - Processing file /opt/airflow/dags/main.py for tasks to queue
[2026-05-09T20:44:26.373+0000] {logging_mixin.py:188} INFO - [2026-05-09T20:44:26.372+0000] {dagbag.py:545} INFO - Filling up the DagBag from /opt/airflow/dags/main.py
[2026-05-09T20:44:26.416+0000] {logging_mixin.py:188} INFO - get_playlist_id will not be executed
[2026-05-09T20:44:26.453+0000] {logging_mixin.py:188} INFO - [2026-05-09T20:44:26.439+0000] {dagbag.py:355} ERROR - Failed to import: /opt/airflow/dags/main.py
Traceback (most recent call last):
  File "/home/airflow/.local/lib/python3.10/site-packages/airflow/models/dagbag.py", line 351, in parse
    loader.exec_module(new_module)
  File "<frozen importlib._bootstrap_external>", line 883, in exec_module
  File "<frozen importlib._bootstrap>", line 241, in _call_with_frames_removed
  File "/opt/airflow/dags/main.py", line 6, in <module>
    from datawarehouse.dwh import staging_table, core_table
  File "/opt/airflow/dags/datawarehouse/dwh.py", line 1, in <module>
    from datawarehouse.data_utils import (
  File "/opt/airflow/dags/datawarehouse/data_utils.py", line 3, in <module>
    from psyscopg2.extras import RealDictCursor
ModuleNotFoundError: No module named 'psyscopg2'
[2026-05-09T20:44:26.473+0000] {processor.py:842} WARNING - No viable dags retrieved from /opt/airflow/dags/main.py
[2026-05-09T20:44:26.492+0000] {processor.py:183} INFO - Processing /opt/airflow/dags/main.py took 0.130 seconds
[2026-05-09T20:44:56.668+0000] {processor.py:161} INFO - Started process (PID=81) to work on /opt/airflow/dags/main.py
[2026-05-09T20:44:56.669+0000] {processor.py:830} INFO - Processing file /opt/airflow/dags/main.py for tasks to queue
[2026-05-09T20:44:56.671+0000] {logging_mixin.py:188} INFO - [2026-05-09T20:44:56.671+0000] {dagbag.py:545} INFO - Filling up the DagBag from /opt/airflow/dags/main.py
[2026-05-09T20:44:56.716+0000] {logging_mixin.py:188} INFO - get_playlist_id will not be executed
[2026-05-09T20:44:56.769+0000] {logging_mixin.py:188} INFO - [2026-05-09T20:44:56.755+0000] {dagbag.py:355} ERROR - Failed to import: /opt/airflow/dags/main.py
Traceback (most recent call last):
  File "/home/airflow/.local/lib/python3.10/site-packages/airflow/models/dagbag.py", line 351, in parse
    loader.exec_module(new_module)
  File "<frozen importlib._bootstrap_external>", line 883, in exec_module
  File "<frozen importlib._bootstrap>", line 241, in _call_with_frames_removed
  File "/opt/airflow/dags/main.py", line 6, in <module>
    from datawarehouse.dwh import staging_table, core_table
  File "/opt/airflow/dags/datawarehouse/dwh.py", line 1, in <module>
    from datawarehouse.data_utils import (
  File "/opt/airflow/dags/datawarehouse/data_utils.py", line 3, in <module>
    import psyscopg2.extras
ModuleNotFoundError: No module named 'psyscopg2'
[2026-05-09T20:44:56.773+0000] {processor.py:842} WARNING - No viable dags retrieved from /opt/airflow/dags/main.py
[2026-05-09T20:44:56.790+0000] {processor.py:183} INFO - Processing /opt/airflow/dags/main.py took 0.130 seconds
[2026-05-09T20:45:27.068+0000] {processor.py:161} INFO - Started process (PID=88) to work on /opt/airflow/dags/main.py
[2026-05-09T20:45:27.069+0000] {processor.py:830} INFO - Processing file /opt/airflow/dags/main.py for tasks to queue
[2026-05-09T20:45:27.072+0000] {logging_mixin.py:188} INFO - [2026-05-09T20:45:27.072+0000] {dagbag.py:545} INFO - Filling up the DagBag from /opt/airflow/dags/main.py
[2026-05-09T20:45:27.117+0000] {logging_mixin.py:188} INFO - get_playlist_id will not be executed
[2026-05-09T20:45:27.160+0000] {logging_mixin.py:188} INFO - [2026-05-09T20:45:27.147+0000] {dagbag.py:355} ERROR - Failed to import: /opt/airflow/dags/main.py
Traceback (most recent call last):
  File "/home/airflow/.local/lib/python3.10/site-packages/airflow/models/dagbag.py", line 351, in parse
    loader.exec_module(new_module)
  File "<frozen importlib._bootstrap_external>", line 883, in exec_module
  File "<frozen importlib._bootstrap>", line 241, in _call_with_frames_removed
  File "/opt/airflow/dags/main.py", line 6, in <module>
    from datawarehouse.dwh import staging_table, core_table
  File "/opt/airflow/dags/datawarehouse/dwh.py", line 1, in <module>
    from datawarehouse.data_utils import (
  File "/opt/airflow/dags/datawarehouse/data_utils.py", line 3, in <module>
    import psyscopg2.extras
ModuleNotFoundError: No module named 'psyscopg2'
[2026-05-09T20:45:27.163+0000] {processor.py:842} WARNING - No viable dags retrieved from /opt/airflow/dags/main.py
[2026-05-09T20:45:27.184+0000] {processor.py:183} INFO - Processing /opt/airflow/dags/main.py took 0.125 seconds
[2026-05-09T20:45:57.300+0000] {processor.py:161} INFO - Started process (PID=95) to work on /opt/airflow/dags/main.py
[2026-05-09T20:45:57.302+0000] {processor.py:830} INFO - Processing file /opt/airflow/dags/main.py for tasks to queue
[2026-05-09T20:45:57.304+0000] {logging_mixin.py:188} INFO - [2026-05-09T20:45:57.304+0000] {dagbag.py:545} INFO - Filling up the DagBag from /opt/airflow/dags/main.py
[2026-05-09T20:45:57.346+0000] {logging_mixin.py:188} INFO - get_playlist_id will not be executed
[2026-05-09T20:45:57.417+0000] {logging_mixin.py:188} INFO - [2026-05-09T20:45:57.405+0000] {dagbag.py:355} ERROR - Failed to import: /opt/airflow/dags/main.py
Traceback (most recent call last):
  File "/home/airflow/.local/lib/python3.10/site-packages/airflow/models/dagbag.py", line 351, in parse
    loader.exec_module(new_module)
  File "<frozen importlib._bootstrap_external>", line 883, in exec_module
  File "<frozen importlib._bootstrap>", line 241, in _call_with_frames_removed
  File "/opt/airflow/dags/main.py", line 6, in <module>
    from datawarehouse.dwh import staging_table, core_table
  File "/opt/airflow/dags/datawarehouse/dwh.py", line 1, in <module>
    from datawarehouse.data_utils import (
  File "/opt/airflow/dags/datawarehouse/data_utils.py", line 3, in <module>
    import psyscopg2
ModuleNotFoundError: No module named 'psyscopg2'
[2026-05-09T20:45:57.422+0000] {processor.py:842} WARNING - No viable dags retrieved from /opt/airflow/dags/main.py
[2026-05-09T20:45:57.441+0000] {processor.py:183} INFO - Processing /opt/airflow/dags/main.py took 0.147 seconds
[2026-05-09T20:46:27.633+0000] {processor.py:161} INFO - Started process (PID=102) to work on /opt/airflow/dags/main.py
[2026-05-09T20:46:27.634+0000] {processor.py:830} INFO - Processing file /opt/airflow/dags/main.py for tasks to queue
[2026-05-09T20:46:27.636+0000] {logging_mixin.py:188} INFO - [2026-05-09T20:46:27.635+0000] {dagbag.py:545} INFO - Filling up the DagBag from /opt/airflow/dags/main.py
[2026-05-09T20:46:27.683+0000] {logging_mixin.py:188} INFO - get_playlist_id will not be executed
[2026-05-09T20:46:27.729+0000] {logging_mixin.py:188} INFO - [2026-05-09T20:46:27.718+0000] {dagbag.py:355} ERROR - Failed to import: /opt/airflow/dags/main.py
Traceback (most recent call last):
  File "/home/airflow/.local/lib/python3.10/site-packages/airflow/models/dagbag.py", line 351, in parse
    loader.exec_module(new_module)
  File "<frozen importlib._bootstrap_external>", line 883, in exec_module
  File "<frozen importlib._bootstrap>", line 241, in _call_with_frames_removed
  File "/opt/airflow/dags/main.py", line 6, in <module>
    from datawarehouse.dwh import staging_table, core_table
  File "/opt/airflow/dags/datawarehouse/dwh.py", line 1, in <module>
    from datawarehouse.data_utils import (
  File "/opt/airflow/dags/datawarehouse/data_utils.py", line 3, in <module>
    import psyscopg2
ModuleNotFoundError: No module named 'psyscopg2'
[2026-05-09T20:46:27.732+0000] {processor.py:842} WARNING - No viable dags retrieved from /opt/airflow/dags/main.py
[2026-05-09T20:46:27.753+0000] {processor.py:183} INFO - Processing /opt/airflow/dags/main.py took 0.125 seconds
[2026-05-09T20:46:57.923+0000] {processor.py:161} INFO - Started process (PID=109) to work on /opt/airflow/dags/main.py
[2026-05-09T20:46:57.924+0000] {processor.py:830} INFO - Processing file /opt/airflow/dags/main.py for tasks to queue
[2026-05-09T20:46:57.927+0000] {logging_mixin.py:188} INFO - [2026-05-09T20:46:57.927+0000] {dagbag.py:545} INFO - Filling up the DagBag from /opt/airflow/dags/main.py
[2026-05-09T20:46:57.973+0000] {logging_mixin.py:188} INFO - get_playlist_id will not be executed
[2026-05-09T20:46:58.055+0000] {logging_mixin.py:188} INFO - [2026-05-09T20:46:58.048+0000] {dagbag.py:355} ERROR - Failed to import: /opt/airflow/dags/main.py
Traceback (most recent call last):
  File "/home/airflow/.local/lib/python3.10/site-packages/airflow/models/dagbag.py", line 351, in parse
    loader.exec_module(new_module)
  File "<frozen importlib._bootstrap_external>", line 883, in exec_module
  File "<frozen importlib._bootstrap>", line 241, in _call_with_frames_removed
  File "/opt/airflow/dags/main.py", line 6, in <module>
    from datawarehouse.dwh import staging_table, core_table
  File "/opt/airflow/dags/datawarehouse/dwh.py", line 8, in <module>
    from datawarehouse.data_loading import load_data
ImportError: cannot import name 'load_data' from 'datawarehouse.data_loading' (/opt/airflow/dags/datawarehouse/data_loading.py)
[2026-05-09T20:46:58.058+0000] {processor.py:842} WARNING - No viable dags retrieved from /opt/airflow/dags/main.py
[2026-05-09T20:46:58.075+0000] {processor.py:183} INFO - Processing /opt/airflow/dags/main.py took 0.162 seconds
[2026-05-09T20:47:28.434+0000] {processor.py:161} INFO - Started process (PID=116) to work on /opt/airflow/dags/main.py
[2026-05-09T20:47:28.435+0000] {processor.py:830} INFO - Processing file /opt/airflow/dags/main.py for tasks to queue
[2026-05-09T20:47:28.436+0000] {logging_mixin.py:188} INFO - [2026-05-09T20:47:28.436+0000] {dagbag.py:545} INFO - Filling up the DagBag from /opt/airflow/dags/main.py
[2026-05-09T20:47:28.474+0000] {logging_mixin.py:188} INFO - get_playlist_id will not be executed
[2026-05-09T20:47:28.529+0000] {logging_mixin.py:188} INFO - [2026-05-09T20:47:28.522+0000] {dagbag.py:355} ERROR - Failed to import: /opt/airflow/dags/main.py
Traceback (most recent call last):
  File "/home/airflow/.local/lib/python3.10/site-packages/airflow/models/dagbag.py", line 351, in parse
    loader.exec_module(new_module)
  File "<frozen importlib._bootstrap_external>", line 883, in exec_module
  File "<frozen importlib._bootstrap>", line 241, in _call_with_frames_removed
  File "/opt/airflow/dags/main.py", line 6, in <module>
    from datawarehouse.dwh import staging_table, core_table
  File "/opt/airflow/dags/datawarehouse/dwh.py", line 8, in <module>
    from datawarehouse.data_loading import load_data
ImportError: cannot import name 'load_data' from 'datawarehouse.data_loading' (/opt/airflow/dags/datawarehouse/data_loading.py)
[2026-05-09T20:47:28.532+0000] {processor.py:842} WARNING - No viable dags retrieved from /opt/airflow/dags/main.py
[2026-05-09T20:47:28.551+0000] {processor.py:183} INFO - Processing /opt/airflow/dags/main.py took 0.124 seconds
[2026-05-09T20:47:58.718+0000] {processor.py:161} INFO - Started process (PID=123) to work on /opt/airflow/dags/main.py
[2026-05-09T20:47:58.719+0000] {processor.py:830} INFO - Processing file /opt/airflow/dags/main.py for tasks to queue
[2026-05-09T20:47:58.722+0000] {logging_mixin.py:188} INFO - [2026-05-09T20:47:58.722+0000] {dagbag.py:545} INFO - Filling up the DagBag from /opt/airflow/dags/main.py
[2026-05-09T20:47:58.771+0000] {logging_mixin.py:188} INFO - get_playlist_id will not be executed
[2026-05-09T20:47:58.821+0000] {logging_mixin.py:188} INFO - [2026-05-09T20:47:58.813+0000] {dagbag.py:355} ERROR - Failed to import: /opt/airflow/dags/main.py
Traceback (most recent call last):
  File "/home/airflow/.local/lib/python3.10/site-packages/airflow/models/dagbag.py", line 351, in parse
    loader.exec_module(new_module)
  File "<frozen importlib._bootstrap_external>", line 883, in exec_module
  File "<frozen importlib._bootstrap>", line 241, in _call_with_frames_removed
  File "/opt/airflow/dags/main.py", line 6, in <module>
    from datawarehouse.dwh import staging_table, core_table
  File "/opt/airflow/dags/datawarehouse/dwh.py", line 8, in <module>
    from datawarehouse.data_loading import load_data
ImportError: cannot import name 'load_data' from 'datawarehouse.data_loading' (/opt/airflow/dags/datawarehouse/data_loading.py)
[2026-05-09T20:47:58.823+0000] {processor.py:842} WARNING - No viable dags retrieved from /opt/airflow/dags/main.py
[2026-05-09T20:47:58.841+0000] {processor.py:183} INFO - Processing /opt/airflow/dags/main.py took 0.134 seconds
[2026-05-09T20:48:28.938+0000] {processor.py:161} INFO - Started process (PID=130) to work on /opt/airflow/dags/main.py
[2026-05-09T20:48:28.939+0000] {processor.py:830} INFO - Processing file /opt/airflow/dags/main.py for tasks to queue
[2026-05-09T20:48:28.941+0000] {logging_mixin.py:188} INFO - [2026-05-09T20:48:28.941+0000] {dagbag.py:545} INFO - Filling up the DagBag from /opt/airflow/dags/main.py
[2026-05-09T20:48:28.986+0000] {logging_mixin.py:188} INFO - get_playlist_id will not be executed
[2026-05-09T20:48:29.077+0000] {logging_mixin.py:188} INFO - [2026-05-09T20:48:29.069+0000] {dagbag.py:355} ERROR - Failed to import: /opt/airflow/dags/main.py
Traceback (most recent call last):
  File "/home/airflow/.local/lib/python3.10/site-packages/airflow/models/dagbag.py", line 351, in parse
    loader.exec_module(new_module)
  File "<frozen importlib._bootstrap_external>", line 883, in exec_module
  File "<frozen importlib._bootstrap>", line 241, in _call_with_frames_removed
  File "/opt/airflow/dags/main.py", line 6, in <module>
    from datawarehouse.dwh import staging_table, core_table
  File "/opt/airflow/dags/datawarehouse/dwh.py", line 9, in <module>
    from datawarehouse.data_loading import load_data
ImportError: cannot import name 'load_data' from 'datawarehouse.data_loading' (/opt/airflow/dags/datawarehouse/data_loading.py)
[2026-05-09T20:48:29.079+0000] {processor.py:842} WARNING - No viable dags retrieved from /opt/airflow/dags/main.py
[2026-05-09T20:48:29.098+0000] {processor.py:183} INFO - Processing /opt/airflow/dags/main.py took 0.166 seconds
[2026-05-09T20:48:59.208+0000] {processor.py:161} INFO - Started process (PID=137) to work on /opt/airflow/dags/main.py
[2026-05-09T20:48:59.209+0000] {processor.py:830} INFO - Processing file /opt/airflow/dags/main.py for tasks to queue
[2026-05-09T20:48:59.211+0000] {logging_mixin.py:188} INFO - [2026-05-09T20:48:59.211+0000] {dagbag.py:545} INFO - Filling up the DagBag from /opt/airflow/dags/main.py
[2026-05-09T20:48:59.282+0000] {logging_mixin.py:188} INFO - get_playlist_id will not be executed
[2026-05-09T20:48:59.361+0000] {logging_mixin.py:188} INFO - [2026-05-09T20:48:59.344+0000] {dagbag.py:355} ERROR - Failed to import: /opt/airflow/dags/main.py
Traceback (most recent call last):
  File "/home/airflow/.local/lib/python3.10/site-packages/airflow/models/dagbag.py", line 351, in parse
    loader.exec_module(new_module)
  File "<frozen importlib._bootstrap_external>", line 883, in exec_module
  File "<frozen importlib._bootstrap>", line 241, in _call_with_frames_removed
  File "/opt/airflow/dags/main.py", line 6, in <module>
    from datawarehouse.dwh import staging_table, core_table
  File "/opt/airflow/dags/datawarehouse/dwh.py", line 9, in <module>
    from datawarehouse.data_loading import load_data
ImportError: cannot import name 'load_data' from 'datawarehouse.data_loading' (/opt/airflow/dags/datawarehouse/data_loading.py)
[2026-05-09T20:48:59.364+0000] {processor.py:842} WARNING - No viable dags retrieved from /opt/airflow/dags/main.py
[2026-05-09T20:48:59.384+0000] {processor.py:183} INFO - Processing /opt/airflow/dags/main.py took 0.183 seconds
[2026-05-09T20:49:29.484+0000] {processor.py:161} INFO - Started process (PID=144) to work on /opt/airflow/dags/main.py
[2026-05-09T20:49:29.485+0000] {processor.py:830} INFO - Processing file /opt/airflow/dags/main.py for tasks to queue
[2026-05-09T20:49:29.488+0000] {logging_mixin.py:188} INFO - [2026-05-09T20:49:29.487+0000] {dagbag.py:545} INFO - Filling up the DagBag from /opt/airflow/dags/main.py
[2026-05-09T20:49:29.545+0000] {logging_mixin.py:188} INFO - get_playlist_id will not be executed
[2026-05-09T20:49:29.585+0000] {logging_mixin.py:188} INFO - [2026-05-09T20:49:29.580+0000] {dagbag.py:355} ERROR - Failed to import: /opt/airflow/dags/main.py
Traceback (most recent call last):
  File "/home/airflow/.local/lib/python3.10/site-packages/airflow/models/dagbag.py", line 351, in parse
    loader.exec_module(new_module)
  File "<frozen importlib._bootstrap_external>", line 883, in exec_module
  File "<frozen importlib._bootstrap>", line 241, in _call_with_frames_removed
  File "/opt/airflow/dags/main.py", line 6, in <module>
    from datawarehouse.dwh import staging_table, core_table
  File "/opt/airflow/dags/datawarehouse/dwh.py", line 9, in <module>
    from datawarehouse.data_loading import load_data
ImportError: cannot import name 'load_data' from 'datawarehouse.data_loading' (/opt/airflow/dags/datawarehouse/data_loading.py)
[2026-05-09T20:49:29.587+0000] {processor.py:842} WARNING - No viable dags retrieved from /opt/airflow/dags/main.py
[2026-05-09T20:49:29.603+0000] {processor.py:183} INFO - Processing /opt/airflow/dags/main.py took 0.128 seconds
[2026-05-09T20:49:59.759+0000] {processor.py:161} INFO - Started process (PID=151) to work on /opt/airflow/dags/main.py
[2026-05-09T20:49:59.760+0000] {processor.py:830} INFO - Processing file /opt/airflow/dags/main.py for tasks to queue
[2026-05-09T20:49:59.763+0000] {logging_mixin.py:188} INFO - [2026-05-09T20:49:59.762+0000] {dagbag.py:545} INFO - Filling up the DagBag from /opt/airflow/dags/main.py
[2026-05-09T20:49:59.805+0000] {logging_mixin.py:188} INFO - get_playlist_id will not be executed
[2026-05-09T20:49:59.848+0000] {logging_mixin.py:188} INFO - [2026-05-09T20:49:59.842+0000] {dagbag.py:355} ERROR - Failed to import: /opt/airflow/dags/main.py
Traceback (most recent call last):
  File "/home/airflow/.local/lib/python3.10/site-packages/airflow/models/dagbag.py", line 351, in parse
    loader.exec_module(new_module)
  File "<frozen importlib._bootstrap_external>", line 883, in exec_module
  File "<frozen importlib._bootstrap>", line 241, in _call_with_frames_removed
  File "/opt/airflow/dags/main.py", line 6, in <module>
    from datawarehouse.dwh import staging_table, core_table
  File "/opt/airflow/dags/datawarehouse/dwh.py", line 9, in <module>
    from datawarehouse.data_loading import load_data
ImportError: cannot import name 'load_data' from 'datawarehouse.data_loading' (/opt/airflow/dags/datawarehouse/data_loading.py)
[2026-05-09T20:49:59.849+0000] {processor.py:842} WARNING - No viable dags retrieved from /opt/airflow/dags/main.py
[2026-05-09T20:49:59.870+0000] {processor.py:183} INFO - Processing /opt/airflow/dags/main.py took 0.115 seconds
[2026-05-09T20:50:29.976+0000] {processor.py:161} INFO - Started process (PID=158) to work on /opt/airflow/dags/main.py
[2026-05-09T20:50:29.977+0000] {processor.py:830} INFO - Processing file /opt/airflow/dags/main.py for tasks to queue
[2026-05-09T20:50:29.979+0000] {logging_mixin.py:188} INFO - [2026-05-09T20:50:29.979+0000] {dagbag.py:545} INFO - Filling up the DagBag from /opt/airflow/dags/main.py
[2026-05-09T20:50:30.019+0000] {logging_mixin.py:188} INFO - get_playlist_id will not be executed
[2026-05-09T20:50:30.099+0000] {logging_mixin.py:188} INFO - [2026-05-09T20:50:30.092+0000] {dagbag.py:355} ERROR - Failed to import: /opt/airflow/dags/main.py
Traceback (most recent call last):
  File "/home/airflow/.local/lib/python3.10/site-packages/airflow/models/dagbag.py", line 351, in parse
    loader.exec_module(new_module)
  File "<frozen importlib._bootstrap_external>", line 883, in exec_module
  File "<frozen importlib._bootstrap>", line 241, in _call_with_frames_removed
  File "/opt/airflow/dags/main.py", line 6, in <module>
    from datawarehouse.dwh import staging_table, core_table
  File "/opt/airflow/dags/datawarehouse/dwh.py", line 9, in <module>
    from datawarehouse.data_loading import load_data
ImportError: cannot import name 'load_data' from 'datawarehouse.data_loading' (/opt/airflow/dags/datawarehouse/data_loading.py)
[2026-05-09T20:50:30.102+0000] {processor.py:842} WARNING - No viable dags retrieved from /opt/airflow/dags/main.py
[2026-05-09T20:50:30.121+0000] {processor.py:183} INFO - Processing /opt/airflow/dags/main.py took 0.150 seconds
[2026-05-09T20:51:00.291+0000] {processor.py:161} INFO - Started process (PID=165) to work on /opt/airflow/dags/main.py
[2026-05-09T20:51:00.292+0000] {processor.py:830} INFO - Processing file /opt/airflow/dags/main.py for tasks to queue
[2026-05-09T20:51:00.294+0000] {logging_mixin.py:188} INFO - [2026-05-09T20:51:00.294+0000] {dagbag.py:545} INFO - Filling up the DagBag from /opt/airflow/dags/main.py
[2026-05-09T20:51:00.335+0000] {logging_mixin.py:188} INFO - get_playlist_id will not be executed
[2026-05-09T20:51:00.377+0000] {logging_mixin.py:188} INFO - [2026-05-09T20:51:00.369+0000] {dagbag.py:355} ERROR - Failed to import: /opt/airflow/dags/main.py
Traceback (most recent call last):
  File "/home/airflow/.local/lib/python3.10/site-packages/airflow/models/dagbag.py", line 351, in parse
    loader.exec_module(new_module)
  File "<frozen importlib._bootstrap_external>", line 883, in exec_module
  File "<frozen importlib._bootstrap>", line 241, in _call_with_frames_removed
  File "/opt/airflow/dags/main.py", line 6, in <module>
    from datawarehouse.dwh import staging_table, core_table
  File "/opt/airflow/dags/datawarehouse/dwh.py", line 9, in <module>
    from datawarehouse.data_loading import load_data
ImportError: cannot import name 'load_data' from 'datawarehouse.data_loading' (/opt/airflow/dags/datawarehouse/data_loading.py)
[2026-05-09T20:51:00.379+0000] {processor.py:842} WARNING - No viable dags retrieved from /opt/airflow/dags/main.py
[2026-05-09T20:51:00.397+0000] {processor.py:183} INFO - Processing /opt/airflow/dags/main.py took 0.111 seconds
[2026-05-09T20:51:30.624+0000] {processor.py:161} INFO - Started process (PID=172) to work on /opt/airflow/dags/main.py
[2026-05-09T20:51:30.625+0000] {processor.py:830} INFO - Processing file /opt/airflow/dags/main.py for tasks to queue
[2026-05-09T20:51:30.627+0000] {logging_mixin.py:188} INFO - [2026-05-09T20:51:30.627+0000] {dagbag.py:545} INFO - Filling up the DagBag from /opt/airflow/dags/main.py
[2026-05-09T20:51:30.663+0000] {logging_mixin.py:188} INFO - get_playlist_id will not be executed
[2026-05-09T20:51:30.709+0000] {logging_mixin.py:188} INFO - [2026-05-09T20:51:30.701+0000] {dagbag.py:355} ERROR - Failed to import: /opt/airflow/dags/main.py
Traceback (most recent call last):
  File "/home/airflow/.local/lib/python3.10/site-packages/airflow/models/dagbag.py", line 351, in parse
    loader.exec_module(new_module)
  File "<frozen importlib._bootstrap_external>", line 883, in exec_module
  File "<frozen importlib._bootstrap>", line 241, in _call_with_frames_removed
  File "/opt/airflow/dags/main.py", line 6, in <module>
    from datawarehouse.dwh import staging_table, core_table
  File "/opt/airflow/dags/datawarehouse/dwh.py", line 9, in <module>
    from datawarehouse.data_loading import load_data
ImportError: cannot import name 'load_data' from 'datawarehouse.data_loading' (/opt/airflow/dags/datawarehouse/data_loading.py)
[2026-05-09T20:51:30.711+0000] {processor.py:842} WARNING - No viable dags retrieved from /opt/airflow/dags/main.py
[2026-05-09T20:51:30.728+0000] {processor.py:183} INFO - Processing /opt/airflow/dags/main.py took 0.111 seconds
[2026-05-09T20:52:00.853+0000] {processor.py:161} INFO - Started process (PID=179) to work on /opt/airflow/dags/main.py
[2026-05-09T20:52:00.854+0000] {processor.py:830} INFO - Processing file /opt/airflow/dags/main.py for tasks to queue
[2026-05-09T20:52:00.858+0000] {logging_mixin.py:188} INFO - [2026-05-09T20:52:00.857+0000] {dagbag.py:545} INFO - Filling up the DagBag from /opt/airflow/dags/main.py
[2026-05-09T20:52:00.900+0000] {logging_mixin.py:188} INFO - get_playlist_id will not be executed
[2026-05-09T20:52:01.038+0000] {logging_mixin.py:188} INFO - [2026-05-09T20:52:01.032+0000] {dagbag.py:355} ERROR - Failed to import: /opt/airflow/dags/main.py
Traceback (most recent call last):
  File "/home/airflow/.local/lib/python3.10/site-packages/airflow/models/dagbag.py", line 351, in parse
    loader.exec_module(new_module)
  File "<frozen importlib._bootstrap_external>", line 883, in exec_module
  File "<frozen importlib._bootstrap>", line 241, in _call_with_frames_removed
  File "/opt/airflow/dags/main.py", line 53, in <module>
    update_core = core_table(playlist_id)
  File "/home/airflow/.local/lib/python3.10/site-packages/airflow/decorators/base.py", line 372, in __call__
    op = self.operator_class(
  File "/home/airflow/.local/lib/python3.10/site-packages/airflow/models/baseoperator.py", line 485, in apply_defaults
    result = func(self, **kwargs, default_args=default_args)
  File "/home/airflow/.local/lib/python3.10/site-packages/airflow/decorators/python.py", line 52, in __init__
    super().__init__(
  File "/home/airflow/.local/lib/python3.10/site-packages/airflow/models/baseoperator.py", line 485, in apply_defaults
    result = func(self, **kwargs, default_args=default_args)
  File "/home/airflow/.local/lib/python3.10/site-packages/airflow/decorators/base.py", line 253, in __init__
    signature.bind(*op_args, **op_kwargs)
  File "/usr/local/lib/python3.10/inspect.py", line 3186, in bind
    return self._bind(args, kwargs)
  File "/usr/local/lib/python3.10/inspect.py", line 3107, in _bind
    raise TypeError('too many positional arguments') from None
TypeError: too many positional arguments
[2026-05-09T20:52:01.038+0000] {processor.py:842} WARNING - No viable dags retrieved from /opt/airflow/dags/main.py
[2026-05-09T20:52:01.053+0000] {processor.py:183} INFO - Processing /opt/airflow/dags/main.py took 0.205 seconds
[2026-05-09T20:52:31.238+0000] {processor.py:161} INFO - Started process (PID=186) to work on /opt/airflow/dags/main.py
[2026-05-09T20:52:31.239+0000] {processor.py:830} INFO - Processing file /opt/airflow/dags/main.py for tasks to queue
[2026-05-09T20:52:31.241+0000] {logging_mixin.py:188} INFO - [2026-05-09T20:52:31.240+0000] {dagbag.py:545} INFO - Filling up the DagBag from /opt/airflow/dags/main.py
[2026-05-09T20:52:31.281+0000] {logging_mixin.py:188} INFO - get_playlist_id will not be executed
[2026-05-09T20:52:31.355+0000] {logging_mixin.py:188} INFO - [2026-05-09T20:52:31.350+0000] {dagbag.py:355} ERROR - Failed to import: /opt/airflow/dags/main.py
Traceback (most recent call last):
  File "/home/airflow/.local/lib/python3.10/site-packages/airflow/models/dagbag.py", line 351, in parse
    loader.exec_module(new_module)
  File "<frozen importlib._bootstrap_external>", line 883, in exec_module
  File "<frozen importlib._bootstrap>", line 241, in _call_with_frames_removed
  File "/opt/airflow/dags/main.py", line 53, in <module>
    update_core = core_table(playlist_id)
  File "/home/airflow/.local/lib/python3.10/site-packages/airflow/decorators/base.py", line 372, in __call__
    op = self.operator_class(
  File "/home/airflow/.local/lib/python3.10/site-packages/airflow/models/baseoperator.py", line 485, in apply_defaults
    result = func(self, **kwargs, default_args=default_args)
  File "/home/airflow/.local/lib/python3.10/site-packages/airflow/decorators/python.py", line 52, in __init__
    super().__init__(
  File "/home/airflow/.local/lib/python3.10/site-packages/airflow/models/baseoperator.py", line 485, in apply_defaults
    result = func(self, **kwargs, default_args=default_args)
  File "/home/airflow/.local/lib/python3.10/site-packages/airflow/decorators/base.py", line 253, in __init__
    signature.bind(*op_args, **op_kwargs)
  File "/usr/local/lib/python3.10/inspect.py", line 3186, in bind
    return self._bind(args, kwargs)
  File "/usr/local/lib/python3.10/inspect.py", line 3107, in _bind
    raise TypeError('too many positional arguments') from None
TypeError: too many positional arguments
[2026-05-09T20:52:31.355+0000] {processor.py:842} WARNING - No viable dags retrieved from /opt/airflow/dags/main.py
[2026-05-09T20:52:31.371+0000] {processor.py:183} INFO - Processing /opt/airflow/dags/main.py took 0.138 seconds
[2026-05-09T20:53:01.476+0000] {processor.py:161} INFO - Started process (PID=193) to work on /opt/airflow/dags/main.py
[2026-05-09T20:53:01.477+0000] {processor.py:830} INFO - Processing file /opt/airflow/dags/main.py for tasks to queue
[2026-05-09T20:53:01.479+0000] {logging_mixin.py:188} INFO - [2026-05-09T20:53:01.479+0000] {dagbag.py:545} INFO - Filling up the DagBag from /opt/airflow/dags/main.py
[2026-05-09T20:53:01.523+0000] {logging_mixin.py:188} INFO - get_playlist_id will not be executed
[2026-05-09T20:53:01.596+0000] {logging_mixin.py:188} INFO - [2026-05-09T20:53:01.592+0000] {dagbag.py:355} ERROR - Failed to import: /opt/airflow/dags/main.py
Traceback (most recent call last):
  File "/home/airflow/.local/lib/python3.10/site-packages/airflow/models/dagbag.py", line 351, in parse
    loader.exec_module(new_module)
  File "<frozen importlib._bootstrap_external>", line 883, in exec_module
  File "<frozen importlib._bootstrap>", line 241, in _call_with_frames_removed
  File "/opt/airflow/dags/main.py", line 53, in <module>
    update_core = core_table(playlist_id)
  File "/home/airflow/.local/lib/python3.10/site-packages/airflow/decorators/base.py", line 372, in __call__
    op = self.operator_class(
  File "/home/airflow/.local/lib/python3.10/site-packages/airflow/models/baseoperator.py", line 485, in apply_defaults
    result = func(self, **kwargs, default_args=default_args)
  File "/home/airflow/.local/lib/python3.10/site-packages/airflow/decorators/python.py", line 52, in __init__
    super().__init__(
  File "/home/airflow/.local/lib/python3.10/site-packages/airflow/models/baseoperator.py", line 485, in apply_defaults
    result = func(self, **kwargs, default_args=default_args)
  File "/home/airflow/.local/lib/python3.10/site-packages/airflow/decorators/base.py", line 253, in __init__
    signature.bind(*op_args, **op_kwargs)
  File "/usr/local/lib/python3.10/inspect.py", line 3186, in bind
    return self._bind(args, kwargs)
  File "/usr/local/lib/python3.10/inspect.py", line 3107, in _bind
    raise TypeError('too many positional arguments') from None
TypeError: too many positional arguments
[2026-05-09T20:53:01.596+0000] {processor.py:842} WARNING - No viable dags retrieved from /opt/airflow/dags/main.py
[2026-05-09T20:53:01.616+0000] {processor.py:183} INFO - Processing /opt/airflow/dags/main.py took 0.149 seconds
[2026-05-09T20:53:31.887+0000] {processor.py:161} INFO - Started process (PID=200) to work on /opt/airflow/dags/main.py
[2026-05-09T20:53:31.888+0000] {processor.py:830} INFO - Processing file /opt/airflow/dags/main.py for tasks to queue
[2026-05-09T20:53:31.890+0000] {logging_mixin.py:188} INFO - [2026-05-09T20:53:31.890+0000] {dagbag.py:545} INFO - Filling up the DagBag from /opt/airflow/dags/main.py
[2026-05-09T20:53:31.934+0000] {logging_mixin.py:188} INFO - get_playlist_id will not be executed
[2026-05-09T20:53:31.977+0000] {logging_mixin.py:188} INFO - [2026-05-09T20:53:31.971+0000] {dagbag.py:355} ERROR - Failed to import: /opt/airflow/dags/main.py
Traceback (most recent call last):
  File "/home/airflow/.local/lib/python3.10/site-packages/airflow/models/dagbag.py", line 351, in parse
    loader.exec_module(new_module)
  File "<frozen importlib._bootstrap_external>", line 883, in exec_module
  File "<frozen importlib._bootstrap>", line 241, in _call_with_frames_removed
  File "/opt/airflow/dags/main.py", line 53, in <module>
    update_core = core_table(playlist_id)
  File "/home/airflow/.local/lib/python3.10/site-packages/airflow/decorators/base.py", line 372, in __call__
    op = self.operator_class(
  File "/home/airflow/.local/lib/python3.10/site-packages/airflow/models/baseoperator.py", line 485, in apply_defaults
    result = func(self, **kwargs, default_args=default_args)
  File "/home/airflow/.local/lib/python3.10/site-packages/airflow/decorators/python.py", line 52, in __init__
    super().__init__(
  File "/home/airflow/.local/lib/python3.10/site-packages/airflow/models/baseoperator.py", line 485, in apply_defaults
    result = func(self, **kwargs, default_args=default_args)
  File "/home/airflow/.local/lib/python3.10/site-packages/airflow/decorators/base.py", line 253, in __init__
    signature.bind(*op_args, **op_kwargs)
  File "/usr/local/lib/python3.10/inspect.py", line 3186, in bind
    return self._bind(args, kwargs)
  File "/usr/local/lib/python3.10/inspect.py", line 3107, in _bind
    raise TypeError('too many positional arguments') from None
TypeError: too many positional arguments
[2026-05-09T20:53:31.978+0000] {processor.py:842} WARNING - No viable dags retrieved from /opt/airflow/dags/main.py
[2026-05-09T20:53:31.997+0000] {processor.py:183} INFO - Processing /opt/airflow/dags/main.py took 0.119 seconds
[2026-05-09T20:54:02.195+0000] {processor.py:161} INFO - Started process (PID=207) to work on /opt/airflow/dags/main.py
[2026-05-09T20:54:02.197+0000] {processor.py:830} INFO - Processing file /opt/airflow/dags/main.py for tasks to queue
[2026-05-09T20:54:02.199+0000] {logging_mixin.py:188} INFO - [2026-05-09T20:54:02.198+0000] {dagbag.py:545} INFO - Filling up the DagBag from /opt/airflow/dags/main.py
[2026-05-09T20:54:02.234+0000] {logging_mixin.py:188} INFO - get_playlist_id will not be executed
[2026-05-09T20:54:02.294+0000] {logging_mixin.py:188} INFO - [2026-05-09T20:54:02.290+0000] {dagbag.py:355} ERROR - Failed to import: /opt/airflow/dags/main.py
Traceback (most recent call last):
  File "/home/airflow/.local/lib/python3.10/site-packages/airflow/models/dagbag.py", line 351, in parse
    loader.exec_module(new_module)
  File "<frozen importlib._bootstrap_external>", line 883, in exec_module
  File "<frozen importlib._bootstrap>", line 241, in _call_with_frames_removed
  File "/opt/airflow/dags/main.py", line 53, in <module>
    update_core = core_table(playlist_id)
  File "/home/airflow/.local/lib/python3.10/site-packages/airflow/decorators/base.py", line 372, in __call__
    op = self.operator_class(
  File "/home/airflow/.local/lib/python3.10/site-packages/airflow/models/baseoperator.py", line 485, in apply_defaults
    result = func(self, **kwargs, default_args=default_args)
  File "/home/airflow/.local/lib/python3.10/site-packages/airflow/decorators/python.py", line 52, in __init__
    super().__init__(
  File "/home/airflow/.local/lib/python3.10/site-packages/airflow/models/baseoperator.py", line 485, in apply_defaults
    result = func(self, **kwargs, default_args=default_args)
  File "/home/airflow/.local/lib/python3.10/site-packages/airflow/decorators/base.py", line 253, in __init__
    signature.bind(*op_args, **op_kwargs)
  File "/usr/local/lib/python3.10/inspect.py", line 3186, in bind
    return self._bind(args, kwargs)
  File "/usr/local/lib/python3.10/inspect.py", line 3107, in _bind
    raise TypeError('too many positional arguments') from None
TypeError: too many positional arguments
[2026-05-09T20:54:02.294+0000] {processor.py:842} WARNING - No viable dags retrieved from /opt/airflow/dags/main.py
[2026-05-09T20:54:02.311+0000] {processor.py:183} INFO - Processing /opt/airflow/dags/main.py took 0.124 seconds
[2026-05-09T20:54:32.556+0000] {processor.py:161} INFO - Started process (PID=214) to work on /opt/airflow/dags/main.py
[2026-05-09T20:54:32.557+0000] {processor.py:830} INFO - Processing file /opt/airflow/dags/main.py for tasks to queue
[2026-05-09T20:54:32.559+0000] {logging_mixin.py:188} INFO - [2026-05-09T20:54:32.559+0000] {dagbag.py:545} INFO - Filling up the DagBag from /opt/airflow/dags/main.py
[2026-05-09T20:54:32.600+0000] {logging_mixin.py:188} INFO - get_playlist_id will not be executed
[2026-05-09T20:54:32.640+0000] {logging_mixin.py:188} INFO - [2026-05-09T20:54:32.637+0000] {dagbag.py:355} ERROR - Failed to import: /opt/airflow/dags/main.py
Traceback (most recent call last):
  File "/home/airflow/.local/lib/python3.10/site-packages/airflow/models/dagbag.py", line 351, in parse
    loader.exec_module(new_module)
  File "<frozen importlib._bootstrap_external>", line 883, in exec_module
  File "<frozen importlib._bootstrap>", line 241, in _call_with_frames_removed
  File "/opt/airflow/dags/main.py", line 53, in <module>
    update_core = core_table(playlist_id)
  File "/home/airflow/.local/lib/python3.10/site-packages/airflow/decorators/base.py", line 372, in __call__
    op = self.operator_class(
  File "/home/airflow/.local/lib/python3.10/site-packages/airflow/models/baseoperator.py", line 485, in apply_defaults
    result = func(self, **kwargs, default_args=default_args)
  File "/home/airflow/.local/lib/python3.10/site-packages/airflow/decorators/python.py", line 52, in __init__
    super().__init__(
  File "/home/airflow/.local/lib/python3.10/site-packages/airflow/models/baseoperator.py", line 485, in apply_defaults
    result = func(self, **kwargs, default_args=default_args)
  File "/home/airflow/.local/lib/python3.10/site-packages/airflow/decorators/base.py", line 253, in __init__
    signature.bind(*op_args, **op_kwargs)
  File "/usr/local/lib/python3.10/inspect.py", line 3186, in bind
    return self._bind(args, kwargs)
  File "/usr/local/lib/python3.10/inspect.py", line 3107, in _bind
    raise TypeError('too many positional arguments') from None
TypeError: too many positional arguments
[2026-05-09T20:54:32.640+0000] {processor.py:842} WARNING - No viable dags retrieved from /opt/airflow/dags/main.py
[2026-05-09T20:54:32.654+0000] {processor.py:183} INFO - Processing /opt/airflow/dags/main.py took 0.106 seconds
[2026-05-09T20:55:02.856+0000] {processor.py:161} INFO - Started process (PID=221) to work on /opt/airflow/dags/main.py
[2026-05-09T20:55:02.857+0000] {processor.py:830} INFO - Processing file /opt/airflow/dags/main.py for tasks to queue
[2026-05-09T20:55:02.858+0000] {logging_mixin.py:188} INFO - [2026-05-09T20:55:02.858+0000] {dagbag.py:545} INFO - Filling up the DagBag from /opt/airflow/dags/main.py
[2026-05-09T20:55:02.892+0000] {logging_mixin.py:188} INFO - get_playlist_id will not be executed
[2026-05-09T20:55:02.955+0000] {logging_mixin.py:188} INFO - [2026-05-09T20:55:02.951+0000] {dagbag.py:355} ERROR - Failed to import: /opt/airflow/dags/main.py
Traceback (most recent call last):
  File "/home/airflow/.local/lib/python3.10/site-packages/airflow/models/dagbag.py", line 351, in parse
    loader.exec_module(new_module)
  File "<frozen importlib._bootstrap_external>", line 883, in exec_module
  File "<frozen importlib._bootstrap>", line 241, in _call_with_frames_removed
  File "/opt/airflow/dags/main.py", line 53, in <module>
    update_core = core_table(playlist_id)
  File "/home/airflow/.local/lib/python3.10/site-packages/airflow/decorators/base.py", line 372, in __call__
    op = self.operator_class(
  File "/home/airflow/.local/lib/python3.10/site-packages/airflow/models/baseoperator.py", line 485, in apply_defaults
    result = func(self, **kwargs, default_args=default_args)
  File "/home/airflow/.local/lib/python3.10/site-packages/airflow/decorators/python.py", line 52, in __init__
    super().__init__(
  File "/home/airflow/.local/lib/python3.10/site-packages/airflow/models/baseoperator.py", line 485, in apply_defaults
    result = func(self, **kwargs, default_args=default_args)
  File "/home/airflow/.local/lib/python3.10/site-packages/airflow/decorators/base.py", line 253, in __init__
    signature.bind(*op_args, **op_kwargs)
  File "/usr/local/lib/python3.10/inspect.py", line 3186, in bind
    return self._bind(args, kwargs)
  File "/usr/local/lib/python3.10/inspect.py", line 3107, in _bind
    raise TypeError('too many positional arguments') from None
TypeError: too many positional arguments
[2026-05-09T20:55:02.956+0000] {processor.py:842} WARNING - No viable dags retrieved from /opt/airflow/dags/main.py
[2026-05-09T20:55:02.973+0000] {processor.py:183} INFO - Processing /opt/airflow/dags/main.py took 0.124 seconds
[2026-05-09T20:55:03.925+0000] {processor.py:161} INFO - Started process (PID=222) to work on /opt/airflow/dags/main.py
[2026-05-09T20:55:03.926+0000] {processor.py:830} INFO - Processing file /opt/airflow/dags/main.py for tasks to queue
[2026-05-09T20:55:03.928+0000] {logging_mixin.py:188} INFO - [2026-05-09T20:55:03.927+0000] {dagbag.py:545} INFO - Filling up the DagBag from /opt/airflow/dags/main.py
[2026-05-09T20:55:03.977+0000] {logging_mixin.py:188} INFO - get_playlist_id will not be executed
[2026-05-09T20:55:04.043+0000] {processor.py:840} INFO - DAG(s) 'update_db', 'produce_json' retrieved from /opt/airflow/dags/main.py
[2026-05-09T20:55:04.357+0000] {logging_mixin.py:188} INFO - [2026-05-09T20:55:04.356+0000] {override.py:1829} INFO - Created Permission View: can edit on DAG:update_db
[2026-05-09T20:55:04.365+0000] {logging_mixin.py:188} INFO - [2026-05-09T20:55:04.365+0000] {override.py:1829} INFO - Created Permission View: can delete on DAG:update_db
[2026-05-09T20:55:04.370+0000] {logging_mixin.py:188} INFO - [2026-05-09T20:55:04.370+0000] {override.py:1829} INFO - Created Permission View: can read on DAG:update_db
[2026-05-09T20:55:04.380+0000] {logging_mixin.py:188} INFO - [2026-05-09T20:55:04.380+0000] {dag.py:3096} INFO - Sync 2 DAGs
[2026-05-09T20:55:04.392+0000] {logging_mixin.py:188} INFO - [2026-05-09T20:55:04.392+0000] {dag.py:3118} INFO - Creating ORM DAG for update_db
[2026-05-09T20:55:04.406+0000] {logging_mixin.py:188} INFO - [2026-05-09T20:55:04.406+0000] {dag.py:3954} INFO - Setting next_dagrun for produce_json to 2026-05-08 19:00:00+00:00, run_after=2026-05-09 19:00:00+00:00
[2026-05-09T20:55:04.409+0000] {logging_mixin.py:188} INFO - [2026-05-09T20:55:04.409+0000] {dag.py:3954} INFO - Setting next_dagrun for update_db to 2026-05-08 20:00:00+00:00, run_after=2026-05-09 20:00:00+00:00
[2026-05-09T20:55:04.432+0000] {processor.py:183} INFO - Processing /opt/airflow/dags/main.py took 0.512 seconds
[2026-05-09T20:55:34.726+0000] {processor.py:161} INFO - Started process (PID=233) to work on /opt/airflow/dags/main.py
[2026-05-09T20:55:34.728+0000] {processor.py:830} INFO - Processing file /opt/airflow/dags/main.py for tasks to queue
[2026-05-09T20:55:34.731+0000] {logging_mixin.py:188} INFO - [2026-05-09T20:55:34.730+0000] {dagbag.py:545} INFO - Filling up the DagBag from /opt/airflow/dags/main.py
[2026-05-09T20:55:34.769+0000] {logging_mixin.py:188} INFO - get_playlist_id will not be executed
[2026-05-09T20:55:34.821+0000] {processor.py:840} INFO - DAG(s) 'produce_json', 'update_db' retrieved from /opt/airflow/dags/main.py
[2026-05-09T20:55:34.847+0000] {logging_mixin.py:188} INFO - [2026-05-09T20:55:34.847+0000] {dag.py:3096} INFO - Sync 2 DAGs
[2026-05-09T20:55:34.864+0000] {logging_mixin.py:188} INFO - [2026-05-09T20:55:34.864+0000] {dag.py:3954} INFO - Setting next_dagrun for produce_json to 2026-05-09 19:00:00+00:00, run_after=2026-05-10 19:00:00+00:00
[2026-05-09T20:55:34.868+0000] {logging_mixin.py:188} INFO - [2026-05-09T20:55:34.868+0000] {dag.py:3954} INFO - Setting next_dagrun for update_db to 2026-05-09 20:00:00+00:00, run_after=2026-05-10 20:00:00+00:00
[2026-05-09T20:55:34.884+0000] {processor.py:183} INFO - Processing /opt/airflow/dags/main.py took 0.168 seconds
[2026-05-09T20:56:04.966+0000] {processor.py:161} INFO - Started process (PID=240) to work on /opt/airflow/dags/main.py
[2026-05-09T20:56:04.967+0000] {processor.py:830} INFO - Processing file /opt/airflow/dags/main.py for tasks to queue
[2026-05-09T20:56:04.970+0000] {logging_mixin.py:188} INFO - [2026-05-09T20:56:04.969+0000] {dagbag.py:545} INFO - Filling up the DagBag from /opt/airflow/dags/main.py
[2026-05-09T20:56:05.004+0000] {logging_mixin.py:188} INFO - get_playlist_id will not be executed
[2026-05-09T20:56:05.061+0000] {processor.py:840} INFO - DAG(s) 'update_db', 'produce_json' retrieved from /opt/airflow/dags/main.py
[2026-05-09T20:56:05.086+0000] {logging_mixin.py:188} INFO - [2026-05-09T20:56:05.086+0000] {dag.py:3096} INFO - Sync 2 DAGs
[2026-05-09T20:56:05.102+0000] {logging_mixin.py:188} INFO - [2026-05-09T20:56:05.101+0000] {dag.py:3954} INFO - Setting next_dagrun for produce_json to 2026-05-09 19:00:00+00:00, run_after=2026-05-10 19:00:00+00:00
[2026-05-09T20:56:05.104+0000] {logging_mixin.py:188} INFO - [2026-05-09T20:56:05.104+0000] {dag.py:3954} INFO - Setting next_dagrun for update_db to 2026-05-09 20:00:00+00:00, run_after=2026-05-10 20:00:00+00:00
[2026-05-09T20:56:05.118+0000] {processor.py:183} INFO - Processing /opt/airflow/dags/main.py took 0.161 seconds
[2026-05-09T20:56:35.327+0000] {processor.py:161} INFO - Started process (PID=247) to work on /opt/airflow/dags/main.py
[2026-05-09T20:56:35.328+0000] {processor.py:830} INFO - Processing file /opt/airflow/dags/main.py for tasks to queue
[2026-05-09T20:56:35.330+0000] {logging_mixin.py:188} INFO - [2026-05-09T20:56:35.330+0000] {dagbag.py:545} INFO - Filling up the DagBag from /opt/airflow/dags/main.py
[2026-05-09T20:56:35.369+0000] {logging_mixin.py:188} INFO - get_playlist_id will not be executed
[2026-05-09T20:56:35.424+0000] {processor.py:840} INFO - DAG(s) 'update_db', 'produce_json' retrieved from /opt/airflow/dags/main.py
[2026-05-09T20:56:35.448+0000] {logging_mixin.py:188} INFO - [2026-05-09T20:56:35.447+0000] {dag.py:3096} INFO - Sync 2 DAGs
[2026-05-09T20:56:35.460+0000] {logging_mixin.py:188} INFO - [2026-05-09T20:56:35.460+0000] {dag.py:3954} INFO - Setting next_dagrun for produce_json to 2026-05-09 19:00:00+00:00, run_after=2026-05-10 19:00:00+00:00
[2026-05-09T20:56:35.463+0000] {logging_mixin.py:188} INFO - [2026-05-09T20:56:35.463+0000] {dag.py:3954} INFO - Setting next_dagrun for update_db to 2026-05-09 20:00:00+00:00, run_after=2026-05-10 20:00:00+00:00
[2026-05-09T20:56:35.473+0000] {processor.py:183} INFO - Processing /opt/airflow/dags/main.py took 0.151 seconds
[2026-05-09T20:57:05.556+0000] {processor.py:161} INFO - Started process (PID=254) to work on /opt/airflow/dags/main.py
[2026-05-09T20:57:05.557+0000] {processor.py:830} INFO - Processing file /opt/airflow/dags/main.py for tasks to queue
[2026-05-09T20:57:05.558+0000] {logging_mixin.py:188} INFO - [2026-05-09T20:57:05.558+0000] {dagbag.py:545} INFO - Filling up the DagBag from /opt/airflow/dags/main.py
[2026-05-09T20:57:05.602+0000] {logging_mixin.py:188} INFO - get_playlist_id will not be executed
[2026-05-09T20:57:05.663+0000] {processor.py:840} INFO - DAG(s) 'produce_json', 'update_db' retrieved from /opt/airflow/dags/main.py
[2026-05-09T20:57:05.684+0000] {logging_mixin.py:188} INFO - [2026-05-09T20:57:05.684+0000] {dag.py:3096} INFO - Sync 2 DAGs
[2026-05-09T20:57:05.698+0000] {logging_mixin.py:188} INFO - [2026-05-09T20:57:05.698+0000] {dag.py:3954} INFO - Setting next_dagrun for produce_json to 2026-05-09 19:00:00+00:00, run_after=2026-05-10 19:00:00+00:00
[2026-05-09T20:57:05.702+0000] {logging_mixin.py:188} INFO - [2026-05-09T20:57:05.702+0000] {dag.py:3954} INFO - Setting next_dagrun for update_db to 2026-05-09 20:00:00+00:00, run_after=2026-05-10 20:00:00+00:00
[2026-05-09T20:57:05.715+0000] {processor.py:183} INFO - Processing /opt/airflow/dags/main.py took 0.164 seconds
[2026-05-09T20:57:36.024+0000] {processor.py:161} INFO - Started process (PID=261) to work on /opt/airflow/dags/main.py
[2026-05-09T20:57:36.025+0000] {processor.py:830} INFO - Processing file /opt/airflow/dags/main.py for tasks to queue
[2026-05-09T20:57:36.027+0000] {logging_mixin.py:188} INFO - [2026-05-09T20:57:36.027+0000] {dagbag.py:545} INFO - Filling up the DagBag from /opt/airflow/dags/main.py
[2026-05-09T20:57:36.073+0000] {logging_mixin.py:188} INFO - get_playlist_id will not be executed
[2026-05-09T20:57:36.132+0000] {processor.py:840} INFO - DAG(s) 'update_db', 'produce_json' retrieved from /opt/airflow/dags/main.py
[2026-05-09T20:57:36.161+0000] {logging_mixin.py:188} INFO - [2026-05-09T20:57:36.161+0000] {dag.py:3096} INFO - Sync 2 DAGs
[2026-05-09T20:57:36.174+0000] {logging_mixin.py:188} INFO - [2026-05-09T20:57:36.174+0000] {dag.py:3954} INFO - Setting next_dagrun for produce_json to 2026-05-09 19:00:00+00:00, run_after=2026-05-10 19:00:00+00:00
[2026-05-09T20:57:36.177+0000] {logging_mixin.py:188} INFO - [2026-05-09T20:57:36.177+0000] {dag.py:3954} INFO - Setting next_dagrun for update_db to 2026-05-09 20:00:00+00:00, run_after=2026-05-10 20:00:00+00:00
[2026-05-09T20:57:36.189+0000] {processor.py:183} INFO - Processing /opt/airflow/dags/main.py took 0.171 seconds
[2026-05-09T20:58:06.304+0000] {processor.py:161} INFO - Started process (PID=268) to work on /opt/airflow/dags/main.py
[2026-05-09T20:58:06.306+0000] {processor.py:830} INFO - Processing file /opt/airflow/dags/main.py for tasks to queue
[2026-05-09T20:58:06.309+0000] {logging_mixin.py:188} INFO - [2026-05-09T20:58:06.308+0000] {dagbag.py:545} INFO - Filling up the DagBag from /opt/airflow/dags/main.py
[2026-05-09T20:58:06.353+0000] {logging_mixin.py:188} INFO - get_playlist_id will not be executed
[2026-05-09T20:58:06.408+0000] {processor.py:840} INFO - DAG(s) 'update_db', 'produce_json' retrieved from /opt/airflow/dags/main.py
[2026-05-09T20:58:06.433+0000] {logging_mixin.py:188} INFO - [2026-05-09T20:58:06.433+0000] {dag.py:3096} INFO - Sync 2 DAGs
[2026-05-09T20:58:06.450+0000] {logging_mixin.py:188} INFO - [2026-05-09T20:58:06.450+0000] {dag.py:3954} INFO - Setting next_dagrun for produce_json to 2026-05-09 19:00:00+00:00, run_after=2026-05-10 19:00:00+00:00
[2026-05-09T20:58:06.454+0000] {logging_mixin.py:188} INFO - [2026-05-09T20:58:06.454+0000] {dag.py:3954} INFO - Setting next_dagrun for update_db to 2026-05-09 20:00:00+00:00, run_after=2026-05-10 20:00:00+00:00
[2026-05-09T20:58:06.463+0000] {processor.py:183} INFO - Processing /opt/airflow/dags/main.py took 0.169 seconds
[2026-05-09T20:58:36.653+0000] {processor.py:161} INFO - Started process (PID=275) to work on /opt/airflow/dags/main.py
[2026-05-09T20:58:36.655+0000] {processor.py:830} INFO - Processing file /opt/airflow/dags/main.py for tasks to queue
[2026-05-09T20:58:36.660+0000] {logging_mixin.py:188} INFO - [2026-05-09T20:58:36.658+0000] {dagbag.py:545} INFO - Filling up the DagBag from /opt/airflow/dags/main.py
[2026-05-09T20:58:36.731+0000] {logging_mixin.py:188} INFO - get_playlist_id will not be executed
[2026-05-09T20:58:36.826+0000] {processor.py:840} INFO - DAG(s) 'update_db', 'produce_json' retrieved from /opt/airflow/dags/main.py
[2026-05-09T20:58:36.857+0000] {logging_mixin.py:188} INFO - [2026-05-09T20:58:36.857+0000] {dag.py:3096} INFO - Sync 2 DAGs
[2026-05-09T20:58:36.877+0000] {logging_mixin.py:188} INFO - [2026-05-09T20:58:36.877+0000] {dag.py:3954} INFO - Setting next_dagrun for produce_json to 2026-05-09 19:00:00+00:00, run_after=2026-05-10 19:00:00+00:00
[2026-05-09T20:58:36.880+0000] {logging_mixin.py:188} INFO - [2026-05-09T20:58:36.880+0000] {dag.py:3954} INFO - Setting next_dagrun for update_db to 2026-05-09 20:00:00+00:00, run_after=2026-05-10 20:00:00+00:00
[2026-05-09T20:58:36.894+0000] {processor.py:183} INFO - Processing /opt/airflow/dags/main.py took 0.250 seconds
[2026-05-09T20:59:07.100+0000] {processor.py:161} INFO - Started process (PID=282) to work on /opt/airflow/dags/main.py
[2026-05-09T20:59:07.102+0000] {processor.py:830} INFO - Processing file /opt/airflow/dags/main.py for tasks to queue
[2026-05-09T20:59:07.105+0000] {logging_mixin.py:188} INFO - [2026-05-09T20:59:07.104+0000] {dagbag.py:545} INFO - Filling up the DagBag from /opt/airflow/dags/main.py
[2026-05-09T20:59:07.163+0000] {logging_mixin.py:188} INFO - get_playlist_id will not be executed
[2026-05-09T20:59:07.217+0000] {processor.py:840} INFO - DAG(s) 'produce_json', 'update_db' retrieved from /opt/airflow/dags/main.py
[2026-05-09T20:59:07.250+0000] {logging_mixin.py:188} INFO - [2026-05-09T20:59:07.250+0000] {dag.py:3096} INFO - Sync 2 DAGs
[2026-05-09T20:59:07.266+0000] {logging_mixin.py:188} INFO - [2026-05-09T20:59:07.266+0000] {dag.py:3954} INFO - Setting next_dagrun for produce_json to 2026-05-09 19:00:00+00:00, run_after=2026-05-10 19:00:00+00:00
[2026-05-09T20:59:07.269+0000] {logging_mixin.py:188} INFO - [2026-05-09T20:59:07.269+0000] {dag.py:3954} INFO - Setting next_dagrun for update_db to 2026-05-09 20:00:00+00:00, run_after=2026-05-10 20:00:00+00:00
[2026-05-09T20:59:07.284+0000] {processor.py:183} INFO - Processing /opt/airflow/dags/main.py took 0.196 seconds
[2026-05-09T20:59:37.402+0000] {processor.py:161} INFO - Started process (PID=289) to work on /opt/airflow/dags/main.py
[2026-05-09T20:59:37.404+0000] {processor.py:830} INFO - Processing file /opt/airflow/dags/main.py for tasks to queue
[2026-05-09T20:59:37.408+0000] {logging_mixin.py:188} INFO - [2026-05-09T20:59:37.408+0000] {dagbag.py:545} INFO - Filling up the DagBag from /opt/airflow/dags/main.py
[2026-05-09T20:59:37.478+0000] {logging_mixin.py:188} INFO - get_playlist_id will not be executed
[2026-05-09T20:59:37.527+0000] {processor.py:840} INFO - DAG(s) 'update_db', 'produce_json' retrieved from /opt/airflow/dags/main.py
[2026-05-09T20:59:37.554+0000] {logging_mixin.py:188} INFO - [2026-05-09T20:59:37.554+0000] {dag.py:3096} INFO - Sync 2 DAGs
[2026-05-09T20:59:37.569+0000] {logging_mixin.py:188} INFO - [2026-05-09T20:59:37.569+0000] {dag.py:3954} INFO - Setting next_dagrun for produce_json to 2026-05-09 19:00:00+00:00, run_after=2026-05-10 19:00:00+00:00
[2026-05-09T20:59:37.572+0000] {logging_mixin.py:188} INFO - [2026-05-09T20:59:37.572+0000] {dag.py:3954} INFO - Setting next_dagrun for update_db to 2026-05-09 20:00:00+00:00, run_after=2026-05-10 20:00:00+00:00
[2026-05-09T20:59:37.585+0000] {processor.py:183} INFO - Processing /opt/airflow/dags/main.py took 0.197 seconds
[2026-05-09T21:00:07.840+0000] {processor.py:161} INFO - Started process (PID=296) to work on /opt/airflow/dags/main.py
[2026-05-09T21:00:07.841+0000] {processor.py:830} INFO - Processing file /opt/airflow/dags/main.py for tasks to queue
[2026-05-09T21:00:07.843+0000] {logging_mixin.py:188} INFO - [2026-05-09T21:00:07.843+0000] {dagbag.py:545} INFO - Filling up the DagBag from /opt/airflow/dags/main.py
[2026-05-09T21:00:07.884+0000] {logging_mixin.py:188} INFO - get_playlist_id will not be executed
[2026-05-09T21:00:07.941+0000] {processor.py:840} INFO - DAG(s) 'update_db', 'produce_json' retrieved from /opt/airflow/dags/main.py
[2026-05-09T21:00:07.969+0000] {logging_mixin.py:188} INFO - [2026-05-09T21:00:07.969+0000] {dag.py:3096} INFO - Sync 2 DAGs
[2026-05-09T21:00:07.987+0000] {logging_mixin.py:188} INFO - [2026-05-09T21:00:07.987+0000] {dag.py:3954} INFO - Setting next_dagrun for produce_json to 2026-05-09 19:00:00+00:00, run_after=2026-05-10 19:00:00+00:00
[2026-05-09T21:00:07.991+0000] {logging_mixin.py:188} INFO - [2026-05-09T21:00:07.991+0000] {dag.py:3954} INFO - Setting next_dagrun for update_db to 2026-05-09 20:00:00+00:00, run_after=2026-05-10 20:00:00+00:00
[2026-05-09T21:00:08.004+0000] {processor.py:183} INFO - Processing /opt/airflow/dags/main.py took 0.172 seconds
[2026-05-09T21:00:38.119+0000] {processor.py:161} INFO - Started process (PID=303) to work on /opt/airflow/dags/main.py
[2026-05-09T21:00:38.121+0000] {processor.py:830} INFO - Processing file /opt/airflow/dags/main.py for tasks to queue
[2026-05-09T21:00:38.124+0000] {logging_mixin.py:188} INFO - [2026-05-09T21:00:38.124+0000] {dagbag.py:545} INFO - Filling up the DagBag from /opt/airflow/dags/main.py
[2026-05-09T21:00:38.181+0000] {logging_mixin.py:188} INFO - get_playlist_id will not be executed
[2026-05-09T21:00:38.242+0000] {processor.py:840} INFO - DAG(s) 'produce_json', 'update_db' retrieved from /opt/airflow/dags/main.py
[2026-05-09T21:00:38.270+0000] {logging_mixin.py:188} INFO - [2026-05-09T21:00:38.270+0000] {dag.py:3096} INFO - Sync 2 DAGs
[2026-05-09T21:00:38.288+0000] {logging_mixin.py:188} INFO - [2026-05-09T21:00:38.288+0000] {dag.py:3954} INFO - Setting next_dagrun for produce_json to 2026-05-09 19:00:00+00:00, run_after=2026-05-10 19:00:00+00:00
[2026-05-09T21:00:38.292+0000] {logging_mixin.py:188} INFO - [2026-05-09T21:00:38.292+0000] {dag.py:3954} INFO - Setting next_dagrun for update_db to 2026-05-09 20:00:00+00:00, run_after=2026-05-10 20:00:00+00:00
[2026-05-09T21:00:38.310+0000] {processor.py:183} INFO - Processing /opt/airflow/dags/main.py took 0.203 seconds
[2026-05-09T21:01:08.486+0000] {processor.py:161} INFO - Started process (PID=310) to work on /opt/airflow/dags/main.py
[2026-05-09T21:01:08.487+0000] {processor.py:830} INFO - Processing file /opt/airflow/dags/main.py for tasks to queue
[2026-05-09T21:01:08.490+0000] {logging_mixin.py:188} INFO - [2026-05-09T21:01:08.489+0000] {dagbag.py:545} INFO - Filling up the DagBag from /opt/airflow/dags/main.py
[2026-05-09T21:01:08.538+0000] {logging_mixin.py:188} INFO - get_playlist_id will not be executed
[2026-05-09T21:01:08.591+0000] {processor.py:840} INFO - DAG(s) 'produce_json', 'update_db' retrieved from /opt/airflow/dags/main.py
[2026-05-09T21:01:08.617+0000] {logging_mixin.py:188} INFO - [2026-05-09T21:01:08.616+0000] {dag.py:3096} INFO - Sync 2 DAGs
[2026-05-09T21:01:08.632+0000] {logging_mixin.py:188} INFO - [2026-05-09T21:01:08.632+0000] {dag.py:3954} INFO - Setting next_dagrun for produce_json to 2026-05-09 19:00:00+00:00, run_after=2026-05-10 19:00:00+00:00
[2026-05-09T21:01:08.635+0000] {logging_mixin.py:188} INFO - [2026-05-09T21:01:08.635+0000] {dag.py:3954} INFO - Setting next_dagrun for update_db to 2026-05-09 20:00:00+00:00, run_after=2026-05-10 20:00:00+00:00
[2026-05-09T21:01:08.648+0000] {processor.py:183} INFO - Processing /opt/airflow/dags/main.py took 0.171 seconds
[2026-05-09T21:01:38.783+0000] {processor.py:161} INFO - Started process (PID=317) to work on /opt/airflow/dags/main.py
[2026-05-09T21:01:38.784+0000] {processor.py:830} INFO - Processing file /opt/airflow/dags/main.py for tasks to queue
[2026-05-09T21:01:38.786+0000] {logging_mixin.py:188} INFO - [2026-05-09T21:01:38.786+0000] {dagbag.py:545} INFO - Filling up the DagBag from /opt/airflow/dags/main.py
[2026-05-09T21:01:38.842+0000] {logging_mixin.py:188} INFO - get_playlist_id will not be executed
[2026-05-09T21:01:38.896+0000] {processor.py:840} INFO - DAG(s) 'produce_json', 'update_db' retrieved from /opt/airflow/dags/main.py
[2026-05-09T21:01:38.923+0000] {logging_mixin.py:188} INFO - [2026-05-09T21:01:38.923+0000] {dag.py:3096} INFO - Sync 2 DAGs
[2026-05-09T21:01:38.940+0000] {logging_mixin.py:188} INFO - [2026-05-09T21:01:38.940+0000] {dag.py:3954} INFO - Setting next_dagrun for produce_json to 2026-05-09 19:00:00+00:00, run_after=2026-05-10 19:00:00+00:00
[2026-05-09T21:01:38.944+0000] {logging_mixin.py:188} INFO - [2026-05-09T21:01:38.944+0000] {dag.py:3954} INFO - Setting next_dagrun for update_db to 2026-05-09 20:00:00+00:00, run_after=2026-05-10 20:00:00+00:00
[2026-05-09T21:01:38.957+0000] {processor.py:183} INFO - Processing /opt/airflow/dags/main.py took 0.185 seconds
[2026-05-09T21:02:09.128+0000] {processor.py:161} INFO - Started process (PID=324) to work on /opt/airflow/dags/main.py
[2026-05-09T21:02:09.129+0000] {processor.py:830} INFO - Processing file /opt/airflow/dags/main.py for tasks to queue
[2026-05-09T21:02:09.132+0000] {logging_mixin.py:188} INFO - [2026-05-09T21:02:09.131+0000] {dagbag.py:545} INFO - Filling up the DagBag from /opt/airflow/dags/main.py
[2026-05-09T21:02:09.181+0000] {logging_mixin.py:188} INFO - get_playlist_id will not be executed
[2026-05-09T21:02:09.233+0000] {processor.py:840} INFO - DAG(s) 'produce_json', 'update_db' retrieved from /opt/airflow/dags/main.py
[2026-05-09T21:02:09.260+0000] {logging_mixin.py:188} INFO - [2026-05-09T21:02:09.260+0000] {dag.py:3096} INFO - Sync 2 DAGs
[2026-05-09T21:02:09.278+0000] {logging_mixin.py:188} INFO - [2026-05-09T21:02:09.278+0000] {dag.py:3954} INFO - Setting next_dagrun for produce_json to 2026-05-09 19:00:00+00:00, run_after=2026-05-10 19:00:00+00:00
[2026-05-09T21:02:09.281+0000] {logging_mixin.py:188} INFO - [2026-05-09T21:02:09.281+0000] {dag.py:3954} INFO - Setting next_dagrun for update_db to 2026-05-09 20:00:00+00:00, run_after=2026-05-10 20:00:00+00:00
[2026-05-09T21:02:09.292+0000] {processor.py:183} INFO - Processing /opt/airflow/dags/main.py took 0.174 seconds
[2026-05-09T21:02:39.688+0000] {processor.py:161} INFO - Started process (PID=331) to work on /opt/airflow/dags/main.py
[2026-05-09T21:02:39.689+0000] {processor.py:830} INFO - Processing file /opt/airflow/dags/main.py for tasks to queue
[2026-05-09T21:02:39.692+0000] {logging_mixin.py:188} INFO - [2026-05-09T21:02:39.691+0000] {dagbag.py:545} INFO - Filling up the DagBag from /opt/airflow/dags/main.py
[2026-05-09T21:02:39.737+0000] {logging_mixin.py:188} INFO - get_playlist_id will not be executed
[2026-05-09T21:02:39.793+0000] {processor.py:840} INFO - DAG(s) 'update_db', 'produce_json' retrieved from /opt/airflow/dags/main.py
[2026-05-09T21:02:39.821+0000] {logging_mixin.py:188} INFO - [2026-05-09T21:02:39.820+0000] {dag.py:3096} INFO - Sync 2 DAGs
[2026-05-09T21:02:39.839+0000] {logging_mixin.py:188} INFO - [2026-05-09T21:02:39.839+0000] {dag.py:3954} INFO - Setting next_dagrun for produce_json to 2026-05-09 19:00:00+00:00, run_after=2026-05-10 19:00:00+00:00
[2026-05-09T21:02:39.842+0000] {logging_mixin.py:188} INFO - [2026-05-09T21:02:39.842+0000] {dag.py:3954} INFO - Setting next_dagrun for update_db to 2026-05-09 20:00:00+00:00, run_after=2026-05-10 20:00:00+00:00
[2026-05-09T21:02:39.855+0000] {processor.py:183} INFO - Processing /opt/airflow/dags/main.py took 0.173 seconds
[2026-05-09T21:03:09.977+0000] {processor.py:161} INFO - Started process (PID=338) to work on /opt/airflow/dags/main.py
[2026-05-09T21:03:09.978+0000] {processor.py:830} INFO - Processing file /opt/airflow/dags/main.py for tasks to queue
[2026-05-09T21:03:09.981+0000] {logging_mixin.py:188} INFO - [2026-05-09T21:03:09.981+0000] {dagbag.py:545} INFO - Filling up the DagBag from /opt/airflow/dags/main.py
[2026-05-09T21:03:10.033+0000] {logging_mixin.py:188} INFO - get_playlist_id will not be executed
[2026-05-09T21:03:10.081+0000] {processor.py:840} INFO - DAG(s) 'update_db', 'produce_json' retrieved from /opt/airflow/dags/main.py
[2026-05-09T21:03:10.107+0000] {logging_mixin.py:188} INFO - [2026-05-09T21:03:10.107+0000] {dag.py:3096} INFO - Sync 2 DAGs
[2026-05-09T21:03:10.123+0000] {logging_mixin.py:188} INFO - [2026-05-09T21:03:10.122+0000] {dag.py:3954} INFO - Setting next_dagrun for produce_json to 2026-05-09 19:00:00+00:00, run_after=2026-05-10 19:00:00+00:00
[2026-05-09T21:03:10.125+0000] {logging_mixin.py:188} INFO - [2026-05-09T21:03:10.125+0000] {dag.py:3954} INFO - Setting next_dagrun for update_db to 2026-05-09 20:00:00+00:00, run_after=2026-05-10 20:00:00+00:00
[2026-05-09T21:03:10.140+0000] {processor.py:183} INFO - Processing /opt/airflow/dags/main.py took 0.176 seconds
[2026-05-09T21:03:40.409+0000] {processor.py:161} INFO - Started process (PID=345) to work on /opt/airflow/dags/main.py
[2026-05-09T21:03:40.410+0000] {processor.py:830} INFO - Processing file /opt/airflow/dags/main.py for tasks to queue
[2026-05-09T21:03:40.411+0000] {logging_mixin.py:188} INFO - [2026-05-09T21:03:40.411+0000] {dagbag.py:545} INFO - Filling up the DagBag from /opt/airflow/dags/main.py
[2026-05-09T21:03:40.450+0000] {logging_mixin.py:188} INFO - get_playlist_id will not be executed
[2026-05-09T21:03:40.504+0000] {processor.py:840} INFO - DAG(s) 'produce_json', 'update_db' retrieved from /opt/airflow/dags/main.py
[2026-05-09T21:03:40.529+0000] {logging_mixin.py:188} INFO - [2026-05-09T21:03:40.529+0000] {dag.py:3096} INFO - Sync 2 DAGs
[2026-05-09T21:03:40.544+0000] {logging_mixin.py:188} INFO - [2026-05-09T21:03:40.543+0000] {dag.py:3954} INFO - Setting next_dagrun for produce_json to 2026-05-09 19:00:00+00:00, run_after=2026-05-10 19:00:00+00:00
[2026-05-09T21:03:40.547+0000] {logging_mixin.py:188} INFO - [2026-05-09T21:03:40.547+0000] {dag.py:3954} INFO - Setting next_dagrun for update_db to 2026-05-09 20:00:00+00:00, run_after=2026-05-10 20:00:00+00:00
[2026-05-09T21:03:40.560+0000] {processor.py:183} INFO - Processing /opt/airflow/dags/main.py took 0.156 seconds
[2026-05-09T21:04:10.703+0000] {processor.py:161} INFO - Started process (PID=352) to work on /opt/airflow/dags/main.py
[2026-05-09T21:04:10.704+0000] {processor.py:830} INFO - Processing file /opt/airflow/dags/main.py for tasks to queue
[2026-05-09T21:04:10.707+0000] {logging_mixin.py:188} INFO - [2026-05-09T21:04:10.706+0000] {dagbag.py:545} INFO - Filling up the DagBag from /opt/airflow/dags/main.py
[2026-05-09T21:04:10.766+0000] {logging_mixin.py:188} INFO - get_playlist_id will not be executed
[2026-05-09T21:04:10.832+0000] {processor.py:840} INFO - DAG(s) 'produce_json', 'update_db' retrieved from /opt/airflow/dags/main.py
[2026-05-09T21:04:10.858+0000] {logging_mixin.py:188} INFO - [2026-05-09T21:04:10.857+0000] {dag.py:3096} INFO - Sync 2 DAGs
[2026-05-09T21:04:10.874+0000] {logging_mixin.py:188} INFO - [2026-05-09T21:04:10.873+0000] {dag.py:3954} INFO - Setting next_dagrun for produce_json to 2026-05-09 19:00:00+00:00, run_after=2026-05-10 19:00:00+00:00
[2026-05-09T21:04:10.877+0000] {logging_mixin.py:188} INFO - [2026-05-09T21:04:10.876+0000] {dag.py:3954} INFO - Setting next_dagrun for update_db to 2026-05-09 20:00:00+00:00, run_after=2026-05-10 20:00:00+00:00
[2026-05-09T21:04:10.889+0000] {processor.py:183} INFO - Processing /opt/airflow/dags/main.py took 0.195 seconds
[2026-05-09T21:04:41.068+0000] {processor.py:161} INFO - Started process (PID=359) to work on /opt/airflow/dags/main.py
[2026-05-09T21:04:41.069+0000] {processor.py:830} INFO - Processing file /opt/airflow/dags/main.py for tasks to queue
[2026-05-09T21:04:41.070+0000] {logging_mixin.py:188} INFO - [2026-05-09T21:04:41.070+0000] {dagbag.py:545} INFO - Filling up the DagBag from /opt/airflow/dags/main.py
[2026-05-09T21:04:41.108+0000] {logging_mixin.py:188} INFO - get_playlist_id will not be executed
[2026-05-09T21:04:41.163+0000] {processor.py:840} INFO - DAG(s) 'produce_json', 'update_db' retrieved from /opt/airflow/dags/main.py
[2026-05-09T21:04:41.193+0000] {logging_mixin.py:188} INFO - [2026-05-09T21:04:41.193+0000] {dag.py:3096} INFO - Sync 2 DAGs
[2026-05-09T21:04:41.213+0000] {logging_mixin.py:188} INFO - [2026-05-09T21:04:41.213+0000] {dag.py:3954} INFO - Setting next_dagrun for produce_json to 2026-05-09 19:00:00+00:00, run_after=2026-05-10 19:00:00+00:00
[2026-05-09T21:04:41.217+0000] {logging_mixin.py:188} INFO - [2026-05-09T21:04:41.217+0000] {dag.py:3954} INFO - Setting next_dagrun for update_db to 2026-05-09 20:00:00+00:00, run_after=2026-05-10 20:00:00+00:00
[2026-05-09T21:04:41.232+0000] {processor.py:183} INFO - Processing /opt/airflow/dags/main.py took 0.169 seconds
[2026-05-09T21:05:11.463+0000] {processor.py:161} INFO - Started process (PID=366) to work on /opt/airflow/dags/main.py
[2026-05-09T21:05:11.465+0000] {processor.py:830} INFO - Processing file /opt/airflow/dags/main.py for tasks to queue
[2026-05-09T21:05:11.469+0000] {logging_mixin.py:188} INFO - [2026-05-09T21:05:11.468+0000] {dagbag.py:545} INFO - Filling up the DagBag from /opt/airflow/dags/main.py
[2026-05-09T21:05:11.513+0000] {logging_mixin.py:188} INFO - get_playlist_id will not be executed
[2026-05-09T21:05:11.570+0000] {processor.py:840} INFO - DAG(s) 'update_db', 'produce_json' retrieved from /opt/airflow/dags/main.py
[2026-05-09T21:05:11.597+0000] {logging_mixin.py:188} INFO - [2026-05-09T21:05:11.596+0000] {dag.py:3096} INFO - Sync 2 DAGs
[2026-05-09T21:05:11.612+0000] {logging_mixin.py:188} INFO - [2026-05-09T21:05:11.612+0000] {dag.py:3954} INFO - Setting next_dagrun for produce_json to 2026-05-09 19:00:00+00:00, run_after=2026-05-10 19:00:00+00:00
[2026-05-09T21:05:11.615+0000] {logging_mixin.py:188} INFO - [2026-05-09T21:05:11.615+0000] {dag.py:3954} INFO - Setting next_dagrun for update_db to 2026-05-09 20:00:00+00:00, run_after=2026-05-10 20:00:00+00:00
[2026-05-09T21:05:11.627+0000] {processor.py:183} INFO - Processing /opt/airflow/dags/main.py took 0.171 seconds
[2026-05-09T21:05:41.737+0000] {processor.py:161} INFO - Started process (PID=373) to work on /opt/airflow/dags/main.py
[2026-05-09T21:05:41.738+0000] {processor.py:830} INFO - Processing file /opt/airflow/dags/main.py for tasks to queue
[2026-05-09T21:05:41.741+0000] {logging_mixin.py:188} INFO - [2026-05-09T21:05:41.741+0000] {dagbag.py:545} INFO - Filling up the DagBag from /opt/airflow/dags/main.py
[2026-05-09T21:05:41.789+0000] {logging_mixin.py:188} INFO - get_playlist_id will not be executed
[2026-05-09T21:05:41.844+0000] {processor.py:840} INFO - DAG(s) 'produce_json', 'update_db' retrieved from /opt/airflow/dags/main.py
[2026-05-09T21:05:41.874+0000] {logging_mixin.py:188} INFO - [2026-05-09T21:05:41.874+0000] {dag.py:3096} INFO - Sync 2 DAGs
[2026-05-09T21:05:41.891+0000] {logging_mixin.py:188} INFO - [2026-05-09T21:05:41.891+0000] {dag.py:3954} INFO - Setting next_dagrun for produce_json to 2026-05-09 19:00:00+00:00, run_after=2026-05-10 19:00:00+00:00
[2026-05-09T21:05:41.895+0000] {logging_mixin.py:188} INFO - [2026-05-09T21:05:41.895+0000] {dag.py:3954} INFO - Setting next_dagrun for update_db to 2026-05-09 20:00:00+00:00, run_after=2026-05-10 20:00:00+00:00
[2026-05-09T21:05:41.910+0000] {processor.py:183} INFO - Processing /opt/airflow/dags/main.py took 0.182 seconds
[2026-05-09T21:06:12.171+0000] {processor.py:161} INFO - Started process (PID=380) to work on /opt/airflow/dags/main.py
[2026-05-09T21:06:12.172+0000] {processor.py:830} INFO - Processing file /opt/airflow/dags/main.py for tasks to queue
[2026-05-09T21:06:12.176+0000] {logging_mixin.py:188} INFO - [2026-05-09T21:06:12.175+0000] {dagbag.py:545} INFO - Filling up the DagBag from /opt/airflow/dags/main.py
[2026-05-09T21:06:12.230+0000] {logging_mixin.py:188} INFO - get_playlist_id will not be executed
[2026-05-09T21:06:12.285+0000] {processor.py:840} INFO - DAG(s) 'produce_json', 'update_db' retrieved from /opt/airflow/dags/main.py
[2026-05-09T21:06:12.312+0000] {logging_mixin.py:188} INFO - [2026-05-09T21:06:12.312+0000] {dag.py:3096} INFO - Sync 2 DAGs
[2026-05-09T21:06:12.328+0000] {logging_mixin.py:188} INFO - [2026-05-09T21:06:12.328+0000] {dag.py:3954} INFO - Setting next_dagrun for produce_json to 2026-05-09 19:00:00+00:00, run_after=2026-05-10 19:00:00+00:00
[2026-05-09T21:06:12.332+0000] {logging_mixin.py:188} INFO - [2026-05-09T21:06:12.332+0000] {dag.py:3954} INFO - Setting next_dagrun for update_db to 2026-05-09 20:00:00+00:00, run_after=2026-05-10 20:00:00+00:00
[2026-05-09T21:06:12.346+0000] {processor.py:183} INFO - Processing /opt/airflow/dags/main.py took 0.185 seconds
[2026-05-09T21:06:42.392+0000] {processor.py:161} INFO - Started process (PID=387) to work on /opt/airflow/dags/main.py
[2026-05-09T21:06:42.393+0000] {processor.py:830} INFO - Processing file /opt/airflow/dags/main.py for tasks to queue
[2026-05-09T21:06:42.396+0000] {logging_mixin.py:188} INFO - [2026-05-09T21:06:42.396+0000] {dagbag.py:545} INFO - Filling up the DagBag from /opt/airflow/dags/main.py
[2026-05-09T21:06:42.440+0000] {logging_mixin.py:188} INFO - get_playlist_id will not be executed
[2026-05-09T21:06:42.495+0000] {processor.py:840} INFO - DAG(s) 'update_db', 'produce_json' retrieved from /opt/airflow/dags/main.py
[2026-05-09T21:06:42.523+0000] {logging_mixin.py:188} INFO - [2026-05-09T21:06:42.523+0000] {dag.py:3096} INFO - Sync 2 DAGs
[2026-05-09T21:06:42.539+0000] {logging_mixin.py:188} INFO - [2026-05-09T21:06:42.539+0000] {dag.py:3954} INFO - Setting next_dagrun for produce_json to 2026-05-09 19:00:00+00:00, run_after=2026-05-10 19:00:00+00:00
[2026-05-09T21:06:42.544+0000] {logging_mixin.py:188} INFO - [2026-05-09T21:06:42.544+0000] {dag.py:3954} INFO - Setting next_dagrun for update_db to 2026-05-09 20:00:00+00:00, run_after=2026-05-10 20:00:00+00:00
[2026-05-09T21:06:42.556+0000] {processor.py:183} INFO - Processing /opt/airflow/dags/main.py took 0.172 seconds
[2026-05-09T21:07:12.789+0000] {processor.py:161} INFO - Started process (PID=394) to work on /opt/airflow/dags/main.py
[2026-05-09T21:07:12.791+0000] {processor.py:830} INFO - Processing file /opt/airflow/dags/main.py for tasks to queue
[2026-05-09T21:07:12.794+0000] {logging_mixin.py:188} INFO - [2026-05-09T21:07:12.794+0000] {dagbag.py:545} INFO - Filling up the DagBag from /opt/airflow/dags/main.py
[2026-05-09T21:07:12.847+0000] {logging_mixin.py:188} INFO - get_playlist_id will not be executed
[2026-05-09T21:07:12.915+0000] {processor.py:840} INFO - DAG(s) 'produce_json', 'update_db' retrieved from /opt/airflow/dags/main.py
[2026-05-09T21:07:12.940+0000] {logging_mixin.py:188} INFO - [2026-05-09T21:07:12.940+0000] {dag.py:3096} INFO - Sync 2 DAGs
[2026-05-09T21:07:12.955+0000] {logging_mixin.py:188} INFO - [2026-05-09T21:07:12.955+0000] {dag.py:3954} INFO - Setting next_dagrun for produce_json to 2026-05-09 19:00:00+00:00, run_after=2026-05-10 19:00:00+00:00
[2026-05-09T21:07:12.958+0000] {logging_mixin.py:188} INFO - [2026-05-09T21:07:12.958+0000] {dag.py:3954} INFO - Setting next_dagrun for update_db to 2026-05-09 20:00:00+00:00, run_after=2026-05-10 20:00:00+00:00
[2026-05-09T21:07:12.971+0000] {processor.py:183} INFO - Processing /opt/airflow/dags/main.py took 0.193 seconds
[2026-05-09T21:07:43.112+0000] {processor.py:161} INFO - Started process (PID=401) to work on /opt/airflow/dags/main.py
[2026-05-09T21:07:43.113+0000] {processor.py:830} INFO - Processing file /opt/airflow/dags/main.py for tasks to queue
[2026-05-09T21:07:43.115+0000] {logging_mixin.py:188} INFO - [2026-05-09T21:07:43.115+0000] {dagbag.py:545} INFO - Filling up the DagBag from /opt/airflow/dags/main.py
[2026-05-09T21:07:43.158+0000] {logging_mixin.py:188} INFO - get_playlist_id will not be executed
[2026-05-09T21:07:43.209+0000] {processor.py:840} INFO - DAG(s) 'update_db', 'produce_json' retrieved from /opt/airflow/dags/main.py
[2026-05-09T21:07:43.240+0000] {logging_mixin.py:188} INFO - [2026-05-09T21:07:43.240+0000] {dag.py:3096} INFO - Sync 2 DAGs
[2026-05-09T21:07:43.257+0000] {logging_mixin.py:188} INFO - [2026-05-09T21:07:43.257+0000] {dag.py:3954} INFO - Setting next_dagrun for produce_json to 2026-05-09 19:00:00+00:00, run_after=2026-05-10 19:00:00+00:00
[2026-05-09T21:07:43.263+0000] {logging_mixin.py:188} INFO - [2026-05-09T21:07:43.263+0000] {dag.py:3954} INFO - Setting next_dagrun for update_db to 2026-05-09 20:00:00+00:00, run_after=2026-05-10 20:00:00+00:00
[2026-05-09T21:07:43.277+0000] {processor.py:183} INFO - Processing /opt/airflow/dags/main.py took 0.174 seconds
[2026-05-09T21:08:13.341+0000] {processor.py:161} INFO - Started process (PID=408) to work on /opt/airflow/dags/main.py
[2026-05-09T21:08:13.342+0000] {processor.py:830} INFO - Processing file /opt/airflow/dags/main.py for tasks to queue
[2026-05-09T21:08:13.344+0000] {logging_mixin.py:188} INFO - [2026-05-09T21:08:13.343+0000] {dagbag.py:545} INFO - Filling up the DagBag from /opt/airflow/dags/main.py
[2026-05-09T21:08:13.387+0000] {logging_mixin.py:188} INFO - get_playlist_id will not be executed
[2026-05-09T21:08:13.441+0000] {processor.py:840} INFO - DAG(s) 'update_db', 'produce_json' retrieved from /opt/airflow/dags/main.py
[2026-05-09T21:08:13.474+0000] {logging_mixin.py:188} INFO - [2026-05-09T21:08:13.473+0000] {dag.py:3096} INFO - Sync 2 DAGs
[2026-05-09T21:08:13.491+0000] {logging_mixin.py:188} INFO - [2026-05-09T21:08:13.491+0000] {dag.py:3954} INFO - Setting next_dagrun for produce_json to 2026-05-09 19:00:00+00:00, run_after=2026-05-10 19:00:00+00:00
[2026-05-09T21:08:13.495+0000] {logging_mixin.py:188} INFO - [2026-05-09T21:08:13.495+0000] {dag.py:3954} INFO - Setting next_dagrun for update_db to 2026-05-09 20:00:00+00:00, run_after=2026-05-10 20:00:00+00:00
[2026-05-09T21:08:13.508+0000] {processor.py:183} INFO - Processing /opt/airflow/dags/main.py took 0.173 seconds
[2026-05-09T21:08:43.652+0000] {processor.py:161} INFO - Started process (PID=415) to work on /opt/airflow/dags/main.py
[2026-05-09T21:08:43.654+0000] {processor.py:830} INFO - Processing file /opt/airflow/dags/main.py for tasks to queue
[2026-05-09T21:08:43.658+0000] {logging_mixin.py:188} INFO - [2026-05-09T21:08:43.657+0000] {dagbag.py:545} INFO - Filling up the DagBag from /opt/airflow/dags/main.py
[2026-05-09T21:08:43.706+0000] {logging_mixin.py:188} INFO - get_playlist_id will not be executed
[2026-05-09T21:08:43.758+0000] {processor.py:840} INFO - DAG(s) 'update_db', 'produce_json' retrieved from /opt/airflow/dags/main.py
[2026-05-09T21:08:43.784+0000] {logging_mixin.py:188} INFO - [2026-05-09T21:08:43.784+0000] {dag.py:3096} INFO - Sync 2 DAGs
[2026-05-09T21:08:43.799+0000] {logging_mixin.py:188} INFO - [2026-05-09T21:08:43.799+0000] {dag.py:3954} INFO - Setting next_dagrun for produce_json to 2026-05-09 19:00:00+00:00, run_after=2026-05-10 19:00:00+00:00
[2026-05-09T21:08:43.803+0000] {logging_mixin.py:188} INFO - [2026-05-09T21:08:43.803+0000] {dag.py:3954} INFO - Setting next_dagrun for update_db to 2026-05-09 20:00:00+00:00, run_after=2026-05-10 20:00:00+00:00
[2026-05-09T21:08:43.816+0000] {processor.py:183} INFO - Processing /opt/airflow/dags/main.py took 0.179 seconds
[2026-05-09T21:09:14.014+0000] {processor.py:161} INFO - Started process (PID=422) to work on /opt/airflow/dags/main.py
[2026-05-09T21:09:14.016+0000] {processor.py:830} INFO - Processing file /opt/airflow/dags/main.py for tasks to queue
[2026-05-09T21:09:14.019+0000] {logging_mixin.py:188} INFO - [2026-05-09T21:09:14.019+0000] {dagbag.py:545} INFO - Filling up the DagBag from /opt/airflow/dags/main.py
[2026-05-09T21:09:14.079+0000] {logging_mixin.py:188} INFO - get_playlist_id will not be executed
[2026-05-09T21:09:14.131+0000] {processor.py:840} INFO - DAG(s) 'produce_json', 'update_db' retrieved from /opt/airflow/dags/main.py
[2026-05-09T21:09:14.158+0000] {logging_mixin.py:188} INFO - [2026-05-09T21:09:14.158+0000] {dag.py:3096} INFO - Sync 2 DAGs
[2026-05-09T21:09:14.176+0000] {logging_mixin.py:188} INFO - [2026-05-09T21:09:14.176+0000] {dag.py:3954} INFO - Setting next_dagrun for produce_json to 2026-05-09 19:00:00+00:00, run_after=2026-05-10 19:00:00+00:00
[2026-05-09T21:09:14.179+0000] {logging_mixin.py:188} INFO - [2026-05-09T21:09:14.179+0000] {dag.py:3954} INFO - Setting next_dagrun for update_db to 2026-05-09 20:00:00+00:00, run_after=2026-05-10 20:00:00+00:00
[2026-05-09T21:09:14.194+0000] {processor.py:183} INFO - Processing /opt/airflow/dags/main.py took 0.191 seconds
[2026-05-09T21:09:44.368+0000] {processor.py:161} INFO - Started process (PID=429) to work on /opt/airflow/dags/main.py
[2026-05-09T21:09:44.369+0000] {processor.py:830} INFO - Processing file /opt/airflow/dags/main.py for tasks to queue
[2026-05-09T21:09:44.372+0000] {logging_mixin.py:188} INFO - [2026-05-09T21:09:44.372+0000] {dagbag.py:545} INFO - Filling up the DagBag from /opt/airflow/dags/main.py
[2026-05-09T21:09:44.416+0000] {logging_mixin.py:188} INFO - get_playlist_id will not be executed
[2026-05-09T21:09:44.465+0000] {processor.py:840} INFO - DAG(s) 'produce_json', 'update_db' retrieved from /opt/airflow/dags/main.py
[2026-05-09T21:09:44.495+0000] {logging_mixin.py:188} INFO - [2026-05-09T21:09:44.495+0000] {dag.py:3096} INFO - Sync 2 DAGs
[2026-05-09T21:09:44.511+0000] {logging_mixin.py:188} INFO - [2026-05-09T21:09:44.510+0000] {dag.py:3954} INFO - Setting next_dagrun for produce_json to 2026-05-09 19:00:00+00:00, run_after=2026-05-10 19:00:00+00:00
[2026-05-09T21:09:44.513+0000] {logging_mixin.py:188} INFO - [2026-05-09T21:09:44.513+0000] {dag.py:3954} INFO - Setting next_dagrun for update_db to 2026-05-09 20:00:00+00:00, run_after=2026-05-10 20:00:00+00:00
[2026-05-09T21:09:44.525+0000] {processor.py:183} INFO - Processing /opt/airflow/dags/main.py took 0.166 seconds
[2026-05-09T21:10:14.728+0000] {processor.py:161} INFO - Started process (PID=436) to work on /opt/airflow/dags/main.py
[2026-05-09T21:10:14.729+0000] {processor.py:830} INFO - Processing file /opt/airflow/dags/main.py for tasks to queue
[2026-05-09T21:10:14.731+0000] {logging_mixin.py:188} INFO - [2026-05-09T21:10:14.731+0000] {dagbag.py:545} INFO - Filling up the DagBag from /opt/airflow/dags/main.py
[2026-05-09T21:10:14.777+0000] {logging_mixin.py:188} INFO - get_playlist_id will not be executed
[2026-05-09T21:10:14.842+0000] {processor.py:840} INFO - DAG(s) 'update_db', 'produce_json' retrieved from /opt/airflow/dags/main.py
[2026-05-09T21:10:14.868+0000] {logging_mixin.py:188} INFO - [2026-05-09T21:10:14.868+0000] {dag.py:3096} INFO - Sync 2 DAGs
[2026-05-09T21:10:14.889+0000] {logging_mixin.py:188} INFO - [2026-05-09T21:10:14.889+0000] {dag.py:3954} INFO - Setting next_dagrun for produce_json to 2026-05-09 19:00:00+00:00, run_after=2026-05-10 19:00:00+00:00
[2026-05-09T21:10:14.893+0000] {logging_mixin.py:188} INFO - [2026-05-09T21:10:14.893+0000] {dag.py:3954} INFO - Setting next_dagrun for update_db to 2026-05-09 20:00:00+00:00, run_after=2026-05-10 20:00:00+00:00
[2026-05-09T21:10:14.909+0000] {processor.py:183} INFO - Processing /opt/airflow/dags/main.py took 0.190 seconds
[2026-05-09T21:10:44.985+0000] {processor.py:161} INFO - Started process (PID=443) to work on /opt/airflow/dags/main.py
[2026-05-09T21:10:44.987+0000] {processor.py:830} INFO - Processing file /opt/airflow/dags/main.py for tasks to queue
[2026-05-09T21:10:44.989+0000] {logging_mixin.py:188} INFO - [2026-05-09T21:10:44.989+0000] {dagbag.py:545} INFO - Filling up the DagBag from /opt/airflow/dags/main.py
[2026-05-09T21:10:45.033+0000] {logging_mixin.py:188} INFO - get_playlist_id will not be executed
[2026-05-09T21:10:45.093+0000] {processor.py:840} INFO - DAG(s) 'produce_json', 'update_db' retrieved from /opt/airflow/dags/main.py
[2026-05-09T21:10:45.120+0000] {logging_mixin.py:188} INFO - [2026-05-09T21:10:45.120+0000] {dag.py:3096} INFO - Sync 2 DAGs
[2026-05-09T21:10:45.135+0000] {logging_mixin.py:188} INFO - [2026-05-09T21:10:45.135+0000] {dag.py:3954} INFO - Setting next_dagrun for produce_json to 2026-05-09 19:00:00+00:00, run_after=2026-05-10 19:00:00+00:00
[2026-05-09T21:10:45.139+0000] {logging_mixin.py:188} INFO - [2026-05-09T21:10:45.138+0000] {dag.py:3954} INFO - Setting next_dagrun for update_db to 2026-05-09 20:00:00+00:00, run_after=2026-05-10 20:00:00+00:00
[2026-05-09T21:10:45.153+0000] {processor.py:183} INFO - Processing /opt/airflow/dags/main.py took 0.175 seconds
[2026-05-09T21:11:15.352+0000] {processor.py:161} INFO - Started process (PID=450) to work on /opt/airflow/dags/main.py
[2026-05-09T21:11:15.354+0000] {processor.py:830} INFO - Processing file /opt/airflow/dags/main.py for tasks to queue
[2026-05-09T21:11:15.356+0000] {logging_mixin.py:188} INFO - [2026-05-09T21:11:15.356+0000] {dagbag.py:545} INFO - Filling up the DagBag from /opt/airflow/dags/main.py
[2026-05-09T21:11:15.403+0000] {logging_mixin.py:188} INFO - get_playlist_id will not be executed
[2026-05-09T21:11:15.490+0000] {processor.py:840} INFO - DAG(s) 'update_db', 'produce_json' retrieved from /opt/airflow/dags/main.py
[2026-05-09T21:11:15.515+0000] {logging_mixin.py:188} INFO - [2026-05-09T21:11:15.515+0000] {dag.py:3096} INFO - Sync 2 DAGs
[2026-05-09T21:11:15.531+0000] {logging_mixin.py:188} INFO - [2026-05-09T21:11:15.530+0000] {dag.py:3954} INFO - Setting next_dagrun for produce_json to 2026-05-09 19:00:00+00:00, run_after=2026-05-10 19:00:00+00:00
[2026-05-09T21:11:15.534+0000] {logging_mixin.py:188} INFO - [2026-05-09T21:11:15.533+0000] {dag.py:3954} INFO - Setting next_dagrun for update_db to 2026-05-09 20:00:00+00:00, run_after=2026-05-10 20:00:00+00:00
[2026-05-09T21:11:15.545+0000] {processor.py:183} INFO - Processing /opt/airflow/dags/main.py took 0.199 seconds
[2026-05-09T21:11:45.636+0000] {processor.py:161} INFO - Started process (PID=457) to work on /opt/airflow/dags/main.py
[2026-05-09T21:11:45.637+0000] {processor.py:830} INFO - Processing file /opt/airflow/dags/main.py for tasks to queue
[2026-05-09T21:11:45.640+0000] {logging_mixin.py:188} INFO - [2026-05-09T21:11:45.639+0000] {dagbag.py:545} INFO - Filling up the DagBag from /opt/airflow/dags/main.py
[2026-05-09T21:11:45.676+0000] {logging_mixin.py:188} INFO - get_playlist_id will not be executed
[2026-05-09T21:11:45.760+0000] {processor.py:840} INFO - DAG(s) 'produce_json', 'update_db' retrieved from /opt/airflow/dags/main.py
[2026-05-09T21:11:45.786+0000] {logging_mixin.py:188} INFO - [2026-05-09T21:11:45.786+0000] {dag.py:3096} INFO - Sync 2 DAGs
[2026-05-09T21:11:45.800+0000] {logging_mixin.py:188} INFO - [2026-05-09T21:11:45.800+0000] {dag.py:3954} INFO - Setting next_dagrun for produce_json to 2026-05-09 19:00:00+00:00, run_after=2026-05-10 19:00:00+00:00
[2026-05-09T21:11:45.803+0000] {logging_mixin.py:188} INFO - [2026-05-09T21:11:45.803+0000] {dag.py:3954} INFO - Setting next_dagrun for update_db to 2026-05-09 20:00:00+00:00, run_after=2026-05-10 20:00:00+00:00
[2026-05-09T21:11:45.816+0000] {processor.py:183} INFO - Processing /opt/airflow/dags/main.py took 0.188 seconds
[2026-05-09T21:12:16.066+0000] {processor.py:161} INFO - Started process (PID=464) to work on /opt/airflow/dags/main.py
[2026-05-09T21:12:16.067+0000] {processor.py:830} INFO - Processing file /opt/airflow/dags/main.py for tasks to queue
[2026-05-09T21:12:16.070+0000] {logging_mixin.py:188} INFO - [2026-05-09T21:12:16.070+0000] {dagbag.py:545} INFO - Filling up the DagBag from /opt/airflow/dags/main.py
[2026-05-09T21:12:16.119+0000] {logging_mixin.py:188} INFO - get_playlist_id will not be executed
[2026-05-09T21:12:16.180+0000] {processor.py:840} INFO - DAG(s) 'update_db', 'produce_json' retrieved from /opt/airflow/dags/main.py
[2026-05-09T21:12:16.205+0000] {logging_mixin.py:188} INFO - [2026-05-09T21:12:16.205+0000] {dag.py:3096} INFO - Sync 2 DAGs
[2026-05-09T21:12:16.220+0000] {logging_mixin.py:188} INFO - [2026-05-09T21:12:16.220+0000] {dag.py:3954} INFO - Setting next_dagrun for produce_json to 2026-05-09 19:00:00+00:00, run_after=2026-05-10 19:00:00+00:00
[2026-05-09T21:12:16.223+0000] {logging_mixin.py:188} INFO - [2026-05-09T21:12:16.223+0000] {dag.py:3954} INFO - Setting next_dagrun for update_db to 2026-05-09 20:00:00+00:00, run_after=2026-05-10 20:00:00+00:00
[2026-05-09T21:12:16.237+0000] {processor.py:183} INFO - Processing /opt/airflow/dags/main.py took 0.181 seconds
[2026-05-09T21:12:46.462+0000] {processor.py:161} INFO - Started process (PID=471) to work on /opt/airflow/dags/main.py
[2026-05-09T21:12:46.463+0000] {processor.py:830} INFO - Processing file /opt/airflow/dags/main.py for tasks to queue
[2026-05-09T21:12:46.465+0000] {logging_mixin.py:188} INFO - [2026-05-09T21:12:46.464+0000] {dagbag.py:545} INFO - Filling up the DagBag from /opt/airflow/dags/main.py
[2026-05-09T21:12:46.501+0000] {logging_mixin.py:188} INFO - get_playlist_id will not be executed
[2026-05-09T21:12:46.556+0000] {processor.py:840} INFO - DAG(s) 'produce_json', 'update_db' retrieved from /opt/airflow/dags/main.py
[2026-05-09T21:12:46.581+0000] {logging_mixin.py:188} INFO - [2026-05-09T21:12:46.581+0000] {dag.py:3096} INFO - Sync 2 DAGs
[2026-05-09T21:12:46.597+0000] {logging_mixin.py:188} INFO - [2026-05-09T21:12:46.597+0000] {dag.py:3954} INFO - Setting next_dagrun for produce_json to 2026-05-09 19:00:00+00:00, run_after=2026-05-10 19:00:00+00:00
[2026-05-09T21:12:46.600+0000] {logging_mixin.py:188} INFO - [2026-05-09T21:12:46.599+0000] {dag.py:3954} INFO - Setting next_dagrun for update_db to 2026-05-09 20:00:00+00:00, run_after=2026-05-10 20:00:00+00:00
[2026-05-09T21:12:46.611+0000] {processor.py:183} INFO - Processing /opt/airflow/dags/main.py took 0.154 seconds
[2026-05-09T21:13:16.855+0000] {processor.py:161} INFO - Started process (PID=478) to work on /opt/airflow/dags/main.py
[2026-05-09T21:13:16.857+0000] {processor.py:830} INFO - Processing file /opt/airflow/dags/main.py for tasks to queue
[2026-05-09T21:13:16.860+0000] {logging_mixin.py:188} INFO - [2026-05-09T21:13:16.859+0000] {dagbag.py:545} INFO - Filling up the DagBag from /opt/airflow/dags/main.py
[2026-05-09T21:13:16.907+0000] {logging_mixin.py:188} INFO - get_playlist_id will not be executed
[2026-05-09T21:13:16.956+0000] {processor.py:840} INFO - DAG(s) 'update_db', 'produce_json' retrieved from /opt/airflow/dags/main.py
[2026-05-09T21:13:16.981+0000] {logging_mixin.py:188} INFO - [2026-05-09T21:13:16.981+0000] {dag.py:3096} INFO - Sync 2 DAGs
[2026-05-09T21:13:16.997+0000] {logging_mixin.py:188} INFO - [2026-05-09T21:13:16.997+0000] {dag.py:3954} INFO - Setting next_dagrun for produce_json to 2026-05-09 19:00:00+00:00, run_after=2026-05-10 19:00:00+00:00
[2026-05-09T21:13:17.000+0000] {logging_mixin.py:188} INFO - [2026-05-09T21:13:17.000+0000] {dag.py:3954} INFO - Setting next_dagrun for update_db to 2026-05-09 20:00:00+00:00, run_after=2026-05-10 20:00:00+00:00
[2026-05-09T21:13:17.015+0000] {processor.py:183} INFO - Processing /opt/airflow/dags/main.py took 0.181 seconds
[2026-05-09T21:13:47.247+0000] {processor.py:161} INFO - Started process (PID=485) to work on /opt/airflow/dags/main.py
[2026-05-09T21:13:47.248+0000] {processor.py:830} INFO - Processing file /opt/airflow/dags/main.py for tasks to queue
[2026-05-09T21:13:47.250+0000] {logging_mixin.py:188} INFO - [2026-05-09T21:13:47.249+0000] {dagbag.py:545} INFO - Filling up the DagBag from /opt/airflow/dags/main.py
[2026-05-09T21:13:47.287+0000] {logging_mixin.py:188} INFO - get_playlist_id will not be executed
[2026-05-09T21:13:47.346+0000] {processor.py:840} INFO - DAG(s) 'produce_json', 'update_db' retrieved from /opt/airflow/dags/main.py
[2026-05-09T21:13:47.379+0000] {logging_mixin.py:188} INFO - [2026-05-09T21:13:47.379+0000] {dag.py:3096} INFO - Sync 2 DAGs
[2026-05-09T21:13:47.397+0000] {logging_mixin.py:188} INFO - [2026-05-09T21:13:47.397+0000] {dag.py:3954} INFO - Setting next_dagrun for produce_json to 2026-05-09 19:00:00+00:00, run_after=2026-05-10 19:00:00+00:00
[2026-05-09T21:13:47.400+0000] {logging_mixin.py:188} INFO - [2026-05-09T21:13:47.400+0000] {dag.py:3954} INFO - Setting next_dagrun for update_db to 2026-05-09 20:00:00+00:00, run_after=2026-05-10 20:00:00+00:00
[2026-05-09T21:13:47.416+0000] {processor.py:183} INFO - Processing /opt/airflow/dags/main.py took 0.175 seconds
[2026-05-09T21:14:17.643+0000] {processor.py:161} INFO - Started process (PID=492) to work on /opt/airflow/dags/main.py
[2026-05-09T21:14:17.644+0000] {processor.py:830} INFO - Processing file /opt/airflow/dags/main.py for tasks to queue
[2026-05-09T21:14:17.646+0000] {logging_mixin.py:188} INFO - [2026-05-09T21:14:17.646+0000] {dagbag.py:545} INFO - Filling up the DagBag from /opt/airflow/dags/main.py
[2026-05-09T21:14:17.692+0000] {logging_mixin.py:188} INFO - get_playlist_id will not be executed
[2026-05-09T21:14:17.757+0000] {processor.py:840} INFO - DAG(s) 'produce_json', 'update_db' retrieved from /opt/airflow/dags/main.py
[2026-05-09T21:14:17.783+0000] {logging_mixin.py:188} INFO - [2026-05-09T21:14:17.783+0000] {dag.py:3096} INFO - Sync 2 DAGs
[2026-05-09T21:14:17.800+0000] {logging_mixin.py:188} INFO - [2026-05-09T21:14:17.799+0000] {dag.py:3954} INFO - Setting next_dagrun for produce_json to 2026-05-09 19:00:00+00:00, run_after=2026-05-10 19:00:00+00:00
[2026-05-09T21:14:17.803+0000] {logging_mixin.py:188} INFO - [2026-05-09T21:14:17.802+0000] {dag.py:3954} INFO - Setting next_dagrun for update_db to 2026-05-09 20:00:00+00:00, run_after=2026-05-10 20:00:00+00:00
[2026-05-09T21:14:17.816+0000] {processor.py:183} INFO - Processing /opt/airflow/dags/main.py took 0.188 seconds
[2026-05-09T21:14:48.007+0000] {processor.py:161} INFO - Started process (PID=499) to work on /opt/airflow/dags/main.py
[2026-05-09T21:14:48.007+0000] {processor.py:830} INFO - Processing file /opt/airflow/dags/main.py for tasks to queue
[2026-05-09T21:14:48.009+0000] {logging_mixin.py:188} INFO - [2026-05-09T21:14:48.009+0000] {dagbag.py:545} INFO - Filling up the DagBag from /opt/airflow/dags/main.py
[2026-05-09T21:14:48.049+0000] {logging_mixin.py:188} INFO - get_playlist_id will not be executed
[2026-05-09T21:14:48.106+0000] {processor.py:840} INFO - DAG(s) 'update_db', 'produce_json' retrieved from /opt/airflow/dags/main.py
[2026-05-09T21:14:48.130+0000] {logging_mixin.py:188} INFO - [2026-05-09T21:14:48.129+0000] {dag.py:3096} INFO - Sync 2 DAGs
[2026-05-09T21:14:48.144+0000] {logging_mixin.py:188} INFO - [2026-05-09T21:14:48.144+0000] {dag.py:3954} INFO - Setting next_dagrun for produce_json to 2026-05-09 19:00:00+00:00, run_after=2026-05-10 19:00:00+00:00
[2026-05-09T21:14:48.148+0000] {logging_mixin.py:188} INFO - [2026-05-09T21:14:48.148+0000] {dag.py:3954} INFO - Setting next_dagrun for update_db to 2026-05-09 20:00:00+00:00, run_after=2026-05-10 20:00:00+00:00
[2026-05-09T21:14:48.161+0000] {processor.py:183} INFO - Processing /opt/airflow/dags/main.py took 0.160 seconds
[2026-05-09T21:15:18.399+0000] {processor.py:161} INFO - Started process (PID=506) to work on /opt/airflow/dags/main.py
[2026-05-09T21:15:18.401+0000] {processor.py:830} INFO - Processing file /opt/airflow/dags/main.py for tasks to queue
[2026-05-09T21:15:18.403+0000] {logging_mixin.py:188} INFO - [2026-05-09T21:15:18.403+0000] {dagbag.py:545} INFO - Filling up the DagBag from /opt/airflow/dags/main.py
[2026-05-09T21:15:18.453+0000] {logging_mixin.py:188} INFO - get_playlist_id will not be executed
[2026-05-09T21:15:18.520+0000] {processor.py:840} INFO - DAG(s) 'produce_json', 'update_db' retrieved from /opt/airflow/dags/main.py
[2026-05-09T21:15:18.548+0000] {logging_mixin.py:188} INFO - [2026-05-09T21:15:18.547+0000] {dag.py:3096} INFO - Sync 2 DAGs
[2026-05-09T21:15:18.570+0000] {logging_mixin.py:188} INFO - [2026-05-09T21:15:18.569+0000] {dag.py:3954} INFO - Setting next_dagrun for produce_json to 2026-05-09 19:00:00+00:00, run_after=2026-05-10 19:00:00+00:00
[2026-05-09T21:15:18.575+0000] {logging_mixin.py:188} INFO - [2026-05-09T21:15:18.575+0000] {dag.py:3954} INFO - Setting next_dagrun for update_db to 2026-05-09 20:00:00+00:00, run_after=2026-05-10 20:00:00+00:00
[2026-05-09T21:15:18.592+0000] {processor.py:183} INFO - Processing /opt/airflow/dags/main.py took 0.210 seconds
[2026-05-09T21:15:48.793+0000] {processor.py:161} INFO - Started process (PID=513) to work on /opt/airflow/dags/main.py
[2026-05-09T21:15:48.794+0000] {processor.py:830} INFO - Processing file /opt/airflow/dags/main.py for tasks to queue
[2026-05-09T21:15:48.795+0000] {logging_mixin.py:188} INFO - [2026-05-09T21:15:48.795+0000] {dagbag.py:545} INFO - Filling up the DagBag from /opt/airflow/dags/main.py
[2026-05-09T21:15:48.835+0000] {logging_mixin.py:188} INFO - get_playlist_id will not be executed
[2026-05-09T21:15:48.892+0000] {processor.py:840} INFO - DAG(s) 'produce_json', 'update_db' retrieved from /opt/airflow/dags/main.py
[2026-05-09T21:15:48.919+0000] {logging_mixin.py:188} INFO - [2026-05-09T21:15:48.919+0000] {dag.py:3096} INFO - Sync 2 DAGs
[2026-05-09T21:15:48.937+0000] {logging_mixin.py:188} INFO - [2026-05-09T21:15:48.937+0000] {dag.py:3954} INFO - Setting next_dagrun for produce_json to 2026-05-09 19:00:00+00:00, run_after=2026-05-10 19:00:00+00:00
[2026-05-09T21:15:48.941+0000] {logging_mixin.py:188} INFO - [2026-05-09T21:15:48.941+0000] {dag.py:3954} INFO - Setting next_dagrun for update_db to 2026-05-09 20:00:00+00:00, run_after=2026-05-10 20:00:00+00:00
[2026-05-09T21:15:48.954+0000] {processor.py:183} INFO - Processing /opt/airflow/dags/main.py took 0.169 seconds
[2026-05-09T21:16:19.170+0000] {processor.py:161} INFO - Started process (PID=520) to work on /opt/airflow/dags/main.py
[2026-05-09T21:16:19.171+0000] {processor.py:830} INFO - Processing file /opt/airflow/dags/main.py for tasks to queue
[2026-05-09T21:16:19.173+0000] {logging_mixin.py:188} INFO - [2026-05-09T21:16:19.173+0000] {dagbag.py:545} INFO - Filling up the DagBag from /opt/airflow/dags/main.py
[2026-05-09T21:16:19.220+0000] {logging_mixin.py:188} INFO - get_playlist_id will not be executed
[2026-05-09T21:16:19.281+0000] {processor.py:840} INFO - DAG(s) 'produce_json', 'update_db' retrieved from /opt/airflow/dags/main.py
[2026-05-09T21:16:19.311+0000] {logging_mixin.py:188} INFO - [2026-05-09T21:16:19.311+0000] {dag.py:3096} INFO - Sync 2 DAGs
[2026-05-09T21:16:19.327+0000] {logging_mixin.py:188} INFO - [2026-05-09T21:16:19.327+0000] {dag.py:3954} INFO - Setting next_dagrun for produce_json to 2026-05-09 19:00:00+00:00, run_after=2026-05-10 19:00:00+00:00
[2026-05-09T21:16:19.331+0000] {logging_mixin.py:188} INFO - [2026-05-09T21:16:19.331+0000] {dag.py:3954} INFO - Setting next_dagrun for update_db to 2026-05-09 20:00:00+00:00, run_after=2026-05-10 20:00:00+00:00
[2026-05-09T21:16:19.345+0000] {processor.py:183} INFO - Processing /opt/airflow/dags/main.py took 0.185 seconds
[2026-05-09T21:16:49.549+0000] {processor.py:161} INFO - Started process (PID=527) to work on /opt/airflow/dags/main.py
[2026-05-09T21:16:49.550+0000] {processor.py:830} INFO - Processing file /opt/airflow/dags/main.py for tasks to queue
[2026-05-09T21:16:49.553+0000] {logging_mixin.py:188} INFO - [2026-05-09T21:16:49.552+0000] {dagbag.py:545} INFO - Filling up the DagBag from /opt/airflow/dags/main.py
[2026-05-09T21:16:49.597+0000] {logging_mixin.py:188} INFO - get_playlist_id will not be executed
[2026-05-09T21:16:49.656+0000] {processor.py:840} INFO - DAG(s) 'update_db', 'produce_json' retrieved from /opt/airflow/dags/main.py
[2026-05-09T21:16:49.685+0000] {logging_mixin.py:188} INFO - [2026-05-09T21:16:49.685+0000] {dag.py:3096} INFO - Sync 2 DAGs
[2026-05-09T21:16:49.701+0000] {logging_mixin.py:188} INFO - [2026-05-09T21:16:49.701+0000] {dag.py:3954} INFO - Setting next_dagrun for produce_json to 2026-05-09 19:00:00+00:00, run_after=2026-05-10 19:00:00+00:00
[2026-05-09T21:16:49.704+0000] {logging_mixin.py:188} INFO - [2026-05-09T21:16:49.704+0000] {dag.py:3954} INFO - Setting next_dagrun for update_db to 2026-05-09 20:00:00+00:00, run_after=2026-05-10 20:00:00+00:00
[2026-05-09T21:16:49.717+0000] {processor.py:183} INFO - Processing /opt/airflow/dags/main.py took 0.175 seconds
[2026-05-09T21:17:19.912+0000] {processor.py:161} INFO - Started process (PID=534) to work on /opt/airflow/dags/main.py
[2026-05-09T21:17:19.913+0000] {processor.py:830} INFO - Processing file /opt/airflow/dags/main.py for tasks to queue
[2026-05-09T21:17:19.915+0000] {logging_mixin.py:188} INFO - [2026-05-09T21:17:19.915+0000] {dagbag.py:545} INFO - Filling up the DagBag from /opt/airflow/dags/main.py
[2026-05-09T21:17:19.960+0000] {logging_mixin.py:188} INFO - get_playlist_id will not be executed
[2026-05-09T21:17:20.019+0000] {processor.py:840} INFO - DAG(s) 'update_db', 'produce_json' retrieved from /opt/airflow/dags/main.py
[2026-05-09T21:17:20.045+0000] {logging_mixin.py:188} INFO - [2026-05-09T21:17:20.045+0000] {dag.py:3096} INFO - Sync 2 DAGs
[2026-05-09T21:17:20.061+0000] {logging_mixin.py:188} INFO - [2026-05-09T21:17:20.061+0000] {dag.py:3954} INFO - Setting next_dagrun for produce_json to 2026-05-09 19:00:00+00:00, run_after=2026-05-10 19:00:00+00:00
[2026-05-09T21:17:20.065+0000] {logging_mixin.py:188} INFO - [2026-05-09T21:17:20.064+0000] {dag.py:3954} INFO - Setting next_dagrun for update_db to 2026-05-09 20:00:00+00:00, run_after=2026-05-10 20:00:00+00:00
[2026-05-09T21:17:20.077+0000] {processor.py:183} INFO - Processing /opt/airflow/dags/main.py took 0.172 seconds
[2026-05-09T21:17:50.238+0000] {processor.py:161} INFO - Started process (PID=541) to work on /opt/airflow/dags/main.py
[2026-05-09T21:17:50.239+0000] {processor.py:830} INFO - Processing file /opt/airflow/dags/main.py for tasks to queue
[2026-05-09T21:17:50.242+0000] {logging_mixin.py:188} INFO - [2026-05-09T21:17:50.242+0000] {dagbag.py:545} INFO - Filling up the DagBag from /opt/airflow/dags/main.py
[2026-05-09T21:17:50.293+0000] {logging_mixin.py:188} INFO - get_playlist_id will not be executed
[2026-05-09T21:17:50.354+0000] {processor.py:840} INFO - DAG(s) 'produce_json', 'update_db' retrieved from /opt/airflow/dags/main.py
[2026-05-09T21:17:50.382+0000] {logging_mixin.py:188} INFO - [2026-05-09T21:17:50.381+0000] {dag.py:3096} INFO - Sync 2 DAGs
[2026-05-09T21:17:50.399+0000] {logging_mixin.py:188} INFO - [2026-05-09T21:17:50.399+0000] {dag.py:3954} INFO - Setting next_dagrun for produce_json to 2026-05-09 19:00:00+00:00, run_after=2026-05-10 19:00:00+00:00
[2026-05-09T21:17:50.402+0000] {logging_mixin.py:188} INFO - [2026-05-09T21:17:50.402+0000] {dag.py:3954} INFO - Setting next_dagrun for update_db to 2026-05-09 20:00:00+00:00, run_after=2026-05-10 20:00:00+00:00
[2026-05-09T21:17:50.416+0000] {processor.py:183} INFO - Processing /opt/airflow/dags/main.py took 0.188 seconds
[2026-05-09T21:18:20.494+0000] {processor.py:161} INFO - Started process (PID=548) to work on /opt/airflow/dags/main.py
[2026-05-09T21:18:20.495+0000] {processor.py:830} INFO - Processing file /opt/airflow/dags/main.py for tasks to queue
[2026-05-09T21:18:20.497+0000] {logging_mixin.py:188} INFO - [2026-05-09T21:18:20.497+0000] {dagbag.py:545} INFO - Filling up the DagBag from /opt/airflow/dags/main.py
[2026-05-09T21:18:20.542+0000] {logging_mixin.py:188} INFO - get_playlist_id will not be executed
[2026-05-09T21:18:20.604+0000] {processor.py:840} INFO - DAG(s) 'produce_json', 'update_db' retrieved from /opt/airflow/dags/main.py
[2026-05-09T21:18:20.633+0000] {logging_mixin.py:188} INFO - [2026-05-09T21:18:20.633+0000] {dag.py:3096} INFO - Sync 2 DAGs
[2026-05-09T21:18:20.650+0000] {logging_mixin.py:188} INFO - [2026-05-09T21:18:20.650+0000] {dag.py:3954} INFO - Setting next_dagrun for produce_json to 2026-05-09 19:00:00+00:00, run_after=2026-05-10 19:00:00+00:00
[2026-05-09T21:18:20.653+0000] {logging_mixin.py:188} INFO - [2026-05-09T21:18:20.653+0000] {dag.py:3954} INFO - Setting next_dagrun for update_db to 2026-05-09 20:00:00+00:00, run_after=2026-05-10 20:00:00+00:00
[2026-05-09T21:18:20.667+0000] {processor.py:183} INFO - Processing /opt/airflow/dags/main.py took 0.181 seconds
[2026-05-09T21:18:50.796+0000] {processor.py:161} INFO - Started process (PID=555) to work on /opt/airflow/dags/main.py
[2026-05-09T21:18:50.797+0000] {processor.py:830} INFO - Processing file /opt/airflow/dags/main.py for tasks to queue
[2026-05-09T21:18:50.799+0000] {logging_mixin.py:188} INFO - [2026-05-09T21:18:50.799+0000] {dagbag.py:545} INFO - Filling up the DagBag from /opt/airflow/dags/main.py
[2026-05-09T21:18:50.843+0000] {logging_mixin.py:188} INFO - get_playlist_id will not be executed
[2026-05-09T21:18:50.899+0000] {processor.py:840} INFO - DAG(s) 'update_db', 'produce_json' retrieved from /opt/airflow/dags/main.py
[2026-05-09T21:18:50.926+0000] {logging_mixin.py:188} INFO - [2026-05-09T21:18:50.926+0000] {dag.py:3096} INFO - Sync 2 DAGs
[2026-05-09T21:18:50.944+0000] {logging_mixin.py:188} INFO - [2026-05-09T21:18:50.944+0000] {dag.py:3954} INFO - Setting next_dagrun for produce_json to 2026-05-09 19:00:00+00:00, run_after=2026-05-10 19:00:00+00:00
[2026-05-09T21:18:50.948+0000] {logging_mixin.py:188} INFO - [2026-05-09T21:18:50.948+0000] {dag.py:3954} INFO - Setting next_dagrun for update_db to 2026-05-09 20:00:00+00:00, run_after=2026-05-10 20:00:00+00:00
[2026-05-09T21:18:50.960+0000] {processor.py:183} INFO - Processing /opt/airflow/dags/main.py took 0.169 seconds
[2026-05-09T21:19:21.037+0000] {processor.py:161} INFO - Started process (PID=562) to work on /opt/airflow/dags/main.py
[2026-05-09T21:19:21.039+0000] {processor.py:830} INFO - Processing file /opt/airflow/dags/main.py for tasks to queue
[2026-05-09T21:19:21.042+0000] {logging_mixin.py:188} INFO - [2026-05-09T21:19:21.041+0000] {dagbag.py:545} INFO - Filling up the DagBag from /opt/airflow/dags/main.py
[2026-05-09T21:19:21.096+0000] {logging_mixin.py:188} INFO - get_playlist_id will not be executed
[2026-05-09T21:19:21.152+0000] {processor.py:840} INFO - DAG(s) 'produce_json', 'update_db' retrieved from /opt/airflow/dags/main.py
[2026-05-09T21:19:21.180+0000] {logging_mixin.py:188} INFO - [2026-05-09T21:19:21.180+0000] {dag.py:3096} INFO - Sync 2 DAGs
[2026-05-09T21:19:21.195+0000] {logging_mixin.py:188} INFO - [2026-05-09T21:19:21.195+0000] {dag.py:3954} INFO - Setting next_dagrun for produce_json to 2026-05-09 19:00:00+00:00, run_after=2026-05-10 19:00:00+00:00
[2026-05-09T21:19:21.199+0000] {logging_mixin.py:188} INFO - [2026-05-09T21:19:21.198+0000] {dag.py:3954} INFO - Setting next_dagrun for update_db to 2026-05-09 20:00:00+00:00, run_after=2026-05-10 20:00:00+00:00
[2026-05-09T21:19:21.214+0000] {processor.py:183} INFO - Processing /opt/airflow/dags/main.py took 0.185 seconds
[2026-05-09T21:19:51.377+0000] {processor.py:161} INFO - Started process (PID=569) to work on /opt/airflow/dags/main.py
[2026-05-09T21:19:51.378+0000] {processor.py:830} INFO - Processing file /opt/airflow/dags/main.py for tasks to queue
[2026-05-09T21:19:51.380+0000] {logging_mixin.py:188} INFO - [2026-05-09T21:19:51.380+0000] {dagbag.py:545} INFO - Filling up the DagBag from /opt/airflow/dags/main.py
[2026-05-09T21:19:51.427+0000] {logging_mixin.py:188} INFO - get_playlist_id will not be executed
[2026-05-09T21:19:51.485+0000] {processor.py:840} INFO - DAG(s) 'update_db', 'produce_json' retrieved from /opt/airflow/dags/main.py
[2026-05-09T21:19:51.510+0000] {logging_mixin.py:188} INFO - [2026-05-09T21:19:51.510+0000] {dag.py:3096} INFO - Sync 2 DAGs
[2026-05-09T21:19:51.525+0000] {logging_mixin.py:188} INFO - [2026-05-09T21:19:51.525+0000] {dag.py:3954} INFO - Setting next_dagrun for produce_json to 2026-05-09 19:00:00+00:00, run_after=2026-05-10 19:00:00+00:00
[2026-05-09T21:19:51.528+0000] {logging_mixin.py:188} INFO - [2026-05-09T21:19:51.528+0000] {dag.py:3954} INFO - Setting next_dagrun for update_db to 2026-05-09 20:00:00+00:00, run_after=2026-05-10 20:00:00+00:00
[2026-05-09T21:19:51.543+0000] {processor.py:183} INFO - Processing /opt/airflow/dags/main.py took 0.174 seconds
[2026-05-09T21:20:21.625+0000] {processor.py:161} INFO - Started process (PID=576) to work on /opt/airflow/dags/main.py
[2026-05-09T21:20:21.626+0000] {processor.py:830} INFO - Processing file /opt/airflow/dags/main.py for tasks to queue
[2026-05-09T21:20:21.629+0000] {logging_mixin.py:188} INFO - [2026-05-09T21:20:21.629+0000] {dagbag.py:545} INFO - Filling up the DagBag from /opt/airflow/dags/main.py
[2026-05-09T21:20:21.678+0000] {logging_mixin.py:188} INFO - get_playlist_id will not be executed
[2026-05-09T21:20:21.743+0000] {processor.py:840} INFO - DAG(s) 'update_db', 'produce_json' retrieved from /opt/airflow/dags/main.py
[2026-05-09T21:20:21.774+0000] {logging_mixin.py:188} INFO - [2026-05-09T21:20:21.774+0000] {dag.py:3096} INFO - Sync 2 DAGs
[2026-05-09T21:20:21.789+0000] {logging_mixin.py:188} INFO - [2026-05-09T21:20:21.789+0000] {dag.py:3954} INFO - Setting next_dagrun for produce_json to 2026-05-09 19:00:00+00:00, run_after=2026-05-10 19:00:00+00:00
[2026-05-09T21:20:21.792+0000] {logging_mixin.py:188} INFO - [2026-05-09T21:20:21.792+0000] {dag.py:3954} INFO - Setting next_dagrun for update_db to 2026-05-09 20:00:00+00:00, run_after=2026-05-10 20:00:00+00:00
[2026-05-09T21:20:21.805+0000] {processor.py:183} INFO - Processing /opt/airflow/dags/main.py took 0.189 seconds
[2026-05-09T21:20:51.933+0000] {processor.py:161} INFO - Started process (PID=583) to work on /opt/airflow/dags/main.py
[2026-05-09T21:20:51.934+0000] {processor.py:830} INFO - Processing file /opt/airflow/dags/main.py for tasks to queue
[2026-05-09T21:20:51.936+0000] {logging_mixin.py:188} INFO - [2026-05-09T21:20:51.936+0000] {dagbag.py:545} INFO - Filling up the DagBag from /opt/airflow/dags/main.py
[2026-05-09T21:20:51.985+0000] {logging_mixin.py:188} INFO - get_playlist_id will not be executed
[2026-05-09T21:20:52.046+0000] {processor.py:840} INFO - DAG(s) 'produce_json', 'update_db' retrieved from /opt/airflow/dags/main.py
[2026-05-09T21:20:52.070+0000] {logging_mixin.py:188} INFO - [2026-05-09T21:20:52.070+0000] {dag.py:3096} INFO - Sync 2 DAGs
[2026-05-09T21:20:52.086+0000] {logging_mixin.py:188} INFO - [2026-05-09T21:20:52.086+0000] {dag.py:3954} INFO - Setting next_dagrun for produce_json to 2026-05-09 19:00:00+00:00, run_after=2026-05-10 19:00:00+00:00
[2026-05-09T21:20:52.091+0000] {logging_mixin.py:188} INFO - [2026-05-09T21:20:52.090+0000] {dag.py:3954} INFO - Setting next_dagrun for update_db to 2026-05-09 20:00:00+00:00, run_after=2026-05-10 20:00:00+00:00
[2026-05-09T21:20:52.104+0000] {processor.py:183} INFO - Processing /opt/airflow/dags/main.py took 0.180 seconds
[2026-05-09T21:21:22.206+0000] {processor.py:161} INFO - Started process (PID=590) to work on /opt/airflow/dags/main.py
[2026-05-09T21:21:22.207+0000] {processor.py:830} INFO - Processing file /opt/airflow/dags/main.py for tasks to queue
[2026-05-09T21:21:22.209+0000] {logging_mixin.py:188} INFO - [2026-05-09T21:21:22.209+0000] {dagbag.py:545} INFO - Filling up the DagBag from /opt/airflow/dags/main.py
[2026-05-09T21:21:22.262+0000] {logging_mixin.py:188} INFO - get_playlist_id will not be executed
[2026-05-09T21:21:22.335+0000] {processor.py:840} INFO - DAG(s) 'produce_json', 'update_db' retrieved from /opt/airflow/dags/main.py
[2026-05-09T21:21:22.358+0000] {logging_mixin.py:188} INFO - [2026-05-09T21:21:22.358+0000] {dag.py:3096} INFO - Sync 2 DAGs
[2026-05-09T21:21:22.373+0000] {logging_mixin.py:188} INFO - [2026-05-09T21:21:22.373+0000] {dag.py:3954} INFO - Setting next_dagrun for produce_json to 2026-05-09 19:00:00+00:00, run_after=2026-05-10 19:00:00+00:00
[2026-05-09T21:21:22.376+0000] {logging_mixin.py:188} INFO - [2026-05-09T21:21:22.376+0000] {dag.py:3954} INFO - Setting next_dagrun for update_db to 2026-05-09 20:00:00+00:00, run_after=2026-05-10 20:00:00+00:00
[2026-05-09T21:21:22.389+0000] {processor.py:183} INFO - Processing /opt/airflow/dags/main.py took 0.190 seconds
[2026-05-09T21:21:52.570+0000] {processor.py:161} INFO - Started process (PID=597) to work on /opt/airflow/dags/main.py
[2026-05-09T21:21:52.571+0000] {processor.py:830} INFO - Processing file /opt/airflow/dags/main.py for tasks to queue
[2026-05-09T21:21:52.573+0000] {logging_mixin.py:188} INFO - [2026-05-09T21:21:52.573+0000] {dagbag.py:545} INFO - Filling up the DagBag from /opt/airflow/dags/main.py
[2026-05-09T21:21:52.616+0000] {logging_mixin.py:188} INFO - get_playlist_id will not be executed
[2026-05-09T21:21:52.683+0000] {processor.py:840} INFO - DAG(s) 'produce_json', 'update_db' retrieved from /opt/airflow/dags/main.py
[2026-05-09T21:21:52.711+0000] {logging_mixin.py:188} INFO - [2026-05-09T21:21:52.711+0000] {dag.py:3096} INFO - Sync 2 DAGs
[2026-05-09T21:21:52.730+0000] {logging_mixin.py:188} INFO - [2026-05-09T21:21:52.730+0000] {dag.py:3954} INFO - Setting next_dagrun for produce_json to 2026-05-09 19:00:00+00:00, run_after=2026-05-10 19:00:00+00:00
[2026-05-09T21:21:52.735+0000] {logging_mixin.py:188} INFO - [2026-05-09T21:21:52.735+0000] {dag.py:3954} INFO - Setting next_dagrun for update_db to 2026-05-09 20:00:00+00:00, run_after=2026-05-10 20:00:00+00:00
[2026-05-09T21:21:52.748+0000] {processor.py:183} INFO - Processing /opt/airflow/dags/main.py took 0.186 seconds
[2026-05-09T21:22:22.954+0000] {processor.py:161} INFO - Started process (PID=604) to work on /opt/airflow/dags/main.py
[2026-05-09T21:22:22.956+0000] {processor.py:830} INFO - Processing file /opt/airflow/dags/main.py for tasks to queue
[2026-05-09T21:22:22.958+0000] {logging_mixin.py:188} INFO - [2026-05-09T21:22:22.958+0000] {dagbag.py:545} INFO - Filling up the DagBag from /opt/airflow/dags/main.py
[2026-05-09T21:22:23.004+0000] {logging_mixin.py:188} INFO - get_playlist_id will not be executed
[2026-05-09T21:22:23.058+0000] {processor.py:840} INFO - DAG(s) 'update_db', 'produce_json' retrieved from /opt/airflow/dags/main.py
[2026-05-09T21:22:23.083+0000] {logging_mixin.py:188} INFO - [2026-05-09T21:22:23.083+0000] {dag.py:3096} INFO - Sync 2 DAGs
[2026-05-09T21:22:23.099+0000] {logging_mixin.py:188} INFO - [2026-05-09T21:22:23.099+0000] {dag.py:3954} INFO - Setting next_dagrun for produce_json to 2026-05-09 19:00:00+00:00, run_after=2026-05-10 19:00:00+00:00
[2026-05-09T21:22:23.103+0000] {logging_mixin.py:188} INFO - [2026-05-09T21:22:23.102+0000] {dag.py:3954} INFO - Setting next_dagrun for update_db to 2026-05-09 20:00:00+00:00, run_after=2026-05-10 20:00:00+00:00
[2026-05-09T21:22:23.116+0000] {processor.py:183} INFO - Processing /opt/airflow/dags/main.py took 0.170 seconds
[2026-05-09T21:22:53.352+0000] {processor.py:161} INFO - Started process (PID=611) to work on /opt/airflow/dags/main.py
[2026-05-09T21:22:53.354+0000] {processor.py:830} INFO - Processing file /opt/airflow/dags/main.py for tasks to queue
[2026-05-09T21:22:53.356+0000] {logging_mixin.py:188} INFO - [2026-05-09T21:22:53.356+0000] {dagbag.py:545} INFO - Filling up the DagBag from /opt/airflow/dags/main.py
[2026-05-09T21:22:53.399+0000] {logging_mixin.py:188} INFO - get_playlist_id will not be executed
[2026-05-09T21:22:53.459+0000] {processor.py:840} INFO - DAG(s) 'update_db', 'produce_json' retrieved from /opt/airflow/dags/main.py
[2026-05-09T21:22:53.485+0000] {logging_mixin.py:188} INFO - [2026-05-09T21:22:53.485+0000] {dag.py:3096} INFO - Sync 2 DAGs
[2026-05-09T21:22:53.500+0000] {logging_mixin.py:188} INFO - [2026-05-09T21:22:53.500+0000] {dag.py:3954} INFO - Setting next_dagrun for produce_json to 2026-05-09 19:00:00+00:00, run_after=2026-05-10 19:00:00+00:00
[2026-05-09T21:22:53.504+0000] {logging_mixin.py:188} INFO - [2026-05-09T21:22:53.504+0000] {dag.py:3954} INFO - Setting next_dagrun for update_db to 2026-05-09 20:00:00+00:00, run_after=2026-05-10 20:00:00+00:00
[2026-05-09T21:22:53.519+0000] {processor.py:183} INFO - Processing /opt/airflow/dags/main.py took 0.174 seconds
[2026-05-09T21:23:23.569+0000] {processor.py:161} INFO - Started process (PID=618) to work on /opt/airflow/dags/main.py
[2026-05-09T21:23:23.571+0000] {processor.py:830} INFO - Processing file /opt/airflow/dags/main.py for tasks to queue
[2026-05-09T21:23:23.573+0000] {logging_mixin.py:188} INFO - [2026-05-09T21:23:23.573+0000] {dagbag.py:545} INFO - Filling up the DagBag from /opt/airflow/dags/main.py
[2026-05-09T21:23:23.619+0000] {logging_mixin.py:188} INFO - get_playlist_id will not be executed
[2026-05-09T21:23:23.684+0000] {processor.py:840} INFO - DAG(s) 'produce_json', 'update_db' retrieved from /opt/airflow/dags/main.py
[2026-05-09T21:23:23.711+0000] {logging_mixin.py:188} INFO - [2026-05-09T21:23:23.711+0000] {dag.py:3096} INFO - Sync 2 DAGs
[2026-05-09T21:23:23.726+0000] {logging_mixin.py:188} INFO - [2026-05-09T21:23:23.726+0000] {dag.py:3954} INFO - Setting next_dagrun for produce_json to 2026-05-09 19:00:00+00:00, run_after=2026-05-10 19:00:00+00:00
[2026-05-09T21:23:23.731+0000] {logging_mixin.py:188} INFO - [2026-05-09T21:23:23.731+0000] {dag.py:3954} INFO - Setting next_dagrun for update_db to 2026-05-09 20:00:00+00:00, run_after=2026-05-10 20:00:00+00:00
[2026-05-09T21:23:23.744+0000] {processor.py:183} INFO - Processing /opt/airflow/dags/main.py took 0.180 seconds
[2026-05-09T21:23:53.908+0000] {processor.py:161} INFO - Started process (PID=625) to work on /opt/airflow/dags/main.py
[2026-05-09T21:23:53.909+0000] {processor.py:830} INFO - Processing file /opt/airflow/dags/main.py for tasks to queue
[2026-05-09T21:23:53.911+0000] {logging_mixin.py:188} INFO - [2026-05-09T21:23:53.910+0000] {dagbag.py:545} INFO - Filling up the DagBag from /opt/airflow/dags/main.py
[2026-05-09T21:23:53.953+0000] {logging_mixin.py:188} INFO - get_playlist_id will not be executed
[2026-05-09T21:23:54.013+0000] {processor.py:840} INFO - DAG(s) 'produce_json', 'update_db' retrieved from /opt/airflow/dags/main.py
[2026-05-09T21:23:54.040+0000] {logging_mixin.py:188} INFO - [2026-05-09T21:23:54.040+0000] {dag.py:3096} INFO - Sync 2 DAGs
[2026-05-09T21:23:54.056+0000] {logging_mixin.py:188} INFO - [2026-05-09T21:23:54.056+0000] {dag.py:3954} INFO - Setting next_dagrun for produce_json to 2026-05-09 19:00:00+00:00, run_after=2026-05-10 19:00:00+00:00
[2026-05-09T21:23:54.059+0000] {logging_mixin.py:188} INFO - [2026-05-09T21:23:54.059+0000] {dag.py:3954} INFO - Setting next_dagrun for update_db to 2026-05-09 20:00:00+00:00, run_after=2026-05-10 20:00:00+00:00
[2026-05-09T21:23:54.072+0000] {processor.py:183} INFO - Processing /opt/airflow/dags/main.py took 0.169 seconds
[2026-05-09T21:24:24.276+0000] {processor.py:161} INFO - Started process (PID=632) to work on /opt/airflow/dags/main.py
[2026-05-09T21:24:24.278+0000] {processor.py:830} INFO - Processing file /opt/airflow/dags/main.py for tasks to queue
[2026-05-09T21:24:24.281+0000] {logging_mixin.py:188} INFO - [2026-05-09T21:24:24.280+0000] {dagbag.py:545} INFO - Filling up the DagBag from /opt/airflow/dags/main.py
[2026-05-09T21:24:24.330+0000] {logging_mixin.py:188} INFO - get_playlist_id will not be executed
[2026-05-09T21:24:24.386+0000] {processor.py:840} INFO - DAG(s) 'update_db', 'produce_json' retrieved from /opt/airflow/dags/main.py
[2026-05-09T21:24:24.418+0000] {logging_mixin.py:188} INFO - [2026-05-09T21:24:24.418+0000] {dag.py:3096} INFO - Sync 2 DAGs
[2026-05-09T21:24:24.439+0000] {logging_mixin.py:188} INFO - [2026-05-09T21:24:24.439+0000] {dag.py:3954} INFO - Setting next_dagrun for produce_json to 2026-05-09 19:00:00+00:00, run_after=2026-05-10 19:00:00+00:00
[2026-05-09T21:24:24.443+0000] {logging_mixin.py:188} INFO - [2026-05-09T21:24:24.443+0000] {dag.py:3954} INFO - Setting next_dagrun for update_db to 2026-05-09 20:00:00+00:00, run_after=2026-05-10 20:00:00+00:00
[2026-05-09T21:24:24.461+0000] {processor.py:183} INFO - Processing /opt/airflow/dags/main.py took 0.194 seconds
[2026-05-09T21:24:54.564+0000] {processor.py:161} INFO - Started process (PID=639) to work on /opt/airflow/dags/main.py
[2026-05-09T21:24:54.566+0000] {processor.py:830} INFO - Processing file /opt/airflow/dags/main.py for tasks to queue
[2026-05-09T21:24:54.568+0000] {logging_mixin.py:188} INFO - [2026-05-09T21:24:54.568+0000] {dagbag.py:545} INFO - Filling up the DagBag from /opt/airflow/dags/main.py
[2026-05-09T21:24:54.613+0000] {logging_mixin.py:188} INFO - get_playlist_id will not be executed
[2026-05-09T21:24:54.680+0000] {processor.py:840} INFO - DAG(s) 'produce_json', 'update_db' retrieved from /opt/airflow/dags/main.py
[2026-05-09T21:24:54.707+0000] {logging_mixin.py:188} INFO - [2026-05-09T21:24:54.707+0000] {dag.py:3096} INFO - Sync 2 DAGs
[2026-05-09T21:24:54.720+0000] {logging_mixin.py:188} INFO - [2026-05-09T21:24:54.720+0000] {dag.py:3954} INFO - Setting next_dagrun for produce_json to 2026-05-09 19:00:00+00:00, run_after=2026-05-10 19:00:00+00:00
[2026-05-09T21:24:54.724+0000] {logging_mixin.py:188} INFO - [2026-05-09T21:24:54.724+0000] {dag.py:3954} INFO - Setting next_dagrun for update_db to 2026-05-09 20:00:00+00:00, run_after=2026-05-10 20:00:00+00:00
[2026-05-09T21:24:54.737+0000] {processor.py:183} INFO - Processing /opt/airflow/dags/main.py took 0.186 seconds
[2026-05-09T21:25:24.931+0000] {processor.py:161} INFO - Started process (PID=646) to work on /opt/airflow/dags/main.py
[2026-05-09T21:25:24.933+0000] {processor.py:830} INFO - Processing file /opt/airflow/dags/main.py for tasks to queue
[2026-05-09T21:25:24.935+0000] {logging_mixin.py:188} INFO - [2026-05-09T21:25:24.935+0000] {dagbag.py:545} INFO - Filling up the DagBag from /opt/airflow/dags/main.py
[2026-05-09T21:25:24.978+0000] {logging_mixin.py:188} INFO - get_playlist_id will not be executed
[2026-05-09T21:25:25.033+0000] {processor.py:840} INFO - DAG(s) 'update_db', 'produce_json' retrieved from /opt/airflow/dags/main.py
[2026-05-09T21:25:25.056+0000] {logging_mixin.py:188} INFO - [2026-05-09T21:25:25.056+0000] {dag.py:3096} INFO - Sync 2 DAGs
[2026-05-09T21:25:25.071+0000] {logging_mixin.py:188} INFO - [2026-05-09T21:25:25.071+0000] {dag.py:3954} INFO - Setting next_dagrun for produce_json to 2026-05-09 19:00:00+00:00, run_after=2026-05-10 19:00:00+00:00
[2026-05-09T21:25:25.074+0000] {logging_mixin.py:188} INFO - [2026-05-09T21:25:25.074+0000] {dag.py:3954} INFO - Setting next_dagrun for update_db to 2026-05-09 20:00:00+00:00, run_after=2026-05-10 20:00:00+00:00
[2026-05-09T21:25:25.088+0000] {processor.py:183} INFO - Processing /opt/airflow/dags/main.py took 0.166 seconds
[2026-05-09T21:25:55.257+0000] {processor.py:161} INFO - Started process (PID=653) to work on /opt/airflow/dags/main.py
[2026-05-09T21:25:55.259+0000] {processor.py:830} INFO - Processing file /opt/airflow/dags/main.py for tasks to queue
[2026-05-09T21:25:55.261+0000] {logging_mixin.py:188} INFO - [2026-05-09T21:25:55.260+0000] {dagbag.py:545} INFO - Filling up the DagBag from /opt/airflow/dags/main.py
[2026-05-09T21:25:55.302+0000] {logging_mixin.py:188} INFO - get_playlist_id will not be executed
[2026-05-09T21:25:55.360+0000] {processor.py:840} INFO - DAG(s) 'produce_json', 'update_db' retrieved from /opt/airflow/dags/main.py
[2026-05-09T21:25:55.384+0000] {logging_mixin.py:188} INFO - [2026-05-09T21:25:55.384+0000] {dag.py:3096} INFO - Sync 2 DAGs
[2026-05-09T21:25:55.399+0000] {logging_mixin.py:188} INFO - [2026-05-09T21:25:55.399+0000] {dag.py:3954} INFO - Setting next_dagrun for produce_json to 2026-05-09 19:00:00+00:00, run_after=2026-05-10 19:00:00+00:00
[2026-05-09T21:25:55.402+0000] {logging_mixin.py:188} INFO - [2026-05-09T21:25:55.402+0000] {dag.py:3954} INFO - Setting next_dagrun for update_db to 2026-05-09 20:00:00+00:00, run_after=2026-05-10 20:00:00+00:00
[2026-05-09T21:25:55.416+0000] {processor.py:183} INFO - Processing /opt/airflow/dags/main.py took 0.176 seconds
[2026-05-09T21:26:25.639+0000] {processor.py:161} INFO - Started process (PID=660) to work on /opt/airflow/dags/main.py
[2026-05-09T21:26:25.640+0000] {processor.py:830} INFO - Processing file /opt/airflow/dags/main.py for tasks to queue
[2026-05-09T21:26:25.641+0000] {logging_mixin.py:188} INFO - [2026-05-09T21:26:25.641+0000] {dagbag.py:545} INFO - Filling up the DagBag from /opt/airflow/dags/main.py
[2026-05-09T21:26:25.680+0000] {logging_mixin.py:188} INFO - get_playlist_id will not be executed
[2026-05-09T21:26:25.733+0000] {processor.py:840} INFO - DAG(s) 'update_db', 'produce_json' retrieved from /opt/airflow/dags/main.py
[2026-05-09T21:26:25.758+0000] {logging_mixin.py:188} INFO - [2026-05-09T21:26:25.758+0000] {dag.py:3096} INFO - Sync 2 DAGs
[2026-05-09T21:26:25.773+0000] {logging_mixin.py:188} INFO - [2026-05-09T21:26:25.773+0000] {dag.py:3954} INFO - Setting next_dagrun for produce_json to 2026-05-09 19:00:00+00:00, run_after=2026-05-10 19:00:00+00:00
[2026-05-09T21:26:25.776+0000] {logging_mixin.py:188} INFO - [2026-05-09T21:26:25.776+0000] {dag.py:3954} INFO - Setting next_dagrun for update_db to 2026-05-09 20:00:00+00:00, run_after=2026-05-10 20:00:00+00:00
[2026-05-09T21:26:25.791+0000] {processor.py:183} INFO - Processing /opt/airflow/dags/main.py took 0.157 seconds
[2026-05-09T21:26:55.885+0000] {processor.py:161} INFO - Started process (PID=667) to work on /opt/airflow/dags/main.py
[2026-05-09T21:26:55.887+0000] {processor.py:830} INFO - Processing file /opt/airflow/dags/main.py for tasks to queue
[2026-05-09T21:26:55.888+0000] {logging_mixin.py:188} INFO - [2026-05-09T21:26:55.888+0000] {dagbag.py:545} INFO - Filling up the DagBag from /opt/airflow/dags/main.py
[2026-05-09T21:26:55.931+0000] {logging_mixin.py:188} INFO - get_playlist_id will not be executed
[2026-05-09T21:26:55.991+0000] {processor.py:840} INFO - DAG(s) 'update_db', 'produce_json' retrieved from /opt/airflow/dags/main.py
[2026-05-09T21:26:56.019+0000] {logging_mixin.py:188} INFO - [2026-05-09T21:26:56.019+0000] {dag.py:3096} INFO - Sync 2 DAGs
[2026-05-09T21:26:56.036+0000] {logging_mixin.py:188} INFO - [2026-05-09T21:26:56.036+0000] {dag.py:3954} INFO - Setting next_dagrun for produce_json to 2026-05-09 19:00:00+00:00, run_after=2026-05-10 19:00:00+00:00
[2026-05-09T21:26:56.040+0000] {logging_mixin.py:188} INFO - [2026-05-09T21:26:56.040+0000] {dag.py:3954} INFO - Setting next_dagrun for update_db to 2026-05-09 20:00:00+00:00, run_after=2026-05-10 20:00:00+00:00
[2026-05-09T21:26:56.056+0000] {processor.py:183} INFO - Processing /opt/airflow/dags/main.py took 0.177 seconds
[2026-05-09T21:27:26.186+0000] {processor.py:161} INFO - Started process (PID=674) to work on /opt/airflow/dags/main.py
[2026-05-09T21:27:26.187+0000] {processor.py:830} INFO - Processing file /opt/airflow/dags/main.py for tasks to queue
[2026-05-09T21:27:26.189+0000] {logging_mixin.py:188} INFO - [2026-05-09T21:27:26.189+0000] {dagbag.py:545} INFO - Filling up the DagBag from /opt/airflow/dags/main.py
[2026-05-09T21:27:26.234+0000] {logging_mixin.py:188} INFO - get_playlist_id will not be executed
[2026-05-09T21:27:26.288+0000] {processor.py:840} INFO - DAG(s) 'update_db', 'produce_json' retrieved from /opt/airflow/dags/main.py
[2026-05-09T21:27:26.315+0000] {logging_mixin.py:188} INFO - [2026-05-09T21:27:26.315+0000] {dag.py:3096} INFO - Sync 2 DAGs
[2026-05-09T21:27:26.333+0000] {logging_mixin.py:188} INFO - [2026-05-09T21:27:26.333+0000] {dag.py:3954} INFO - Setting next_dagrun for produce_json to 2026-05-09 19:00:00+00:00, run_after=2026-05-10 19:00:00+00:00
[2026-05-09T21:27:26.336+0000] {logging_mixin.py:188} INFO - [2026-05-09T21:27:26.336+0000] {dag.py:3954} INFO - Setting next_dagrun for update_db to 2026-05-09 20:00:00+00:00, run_after=2026-05-10 20:00:00+00:00
[2026-05-09T21:27:26.350+0000] {processor.py:183} INFO - Processing /opt/airflow/dags/main.py took 0.169 seconds
[2026-05-09T21:27:56.534+0000] {processor.py:161} INFO - Started process (PID=681) to work on /opt/airflow/dags/main.py
[2026-05-09T21:27:56.535+0000] {processor.py:830} INFO - Processing file /opt/airflow/dags/main.py for tasks to queue
[2026-05-09T21:27:56.537+0000] {logging_mixin.py:188} INFO - [2026-05-09T21:27:56.537+0000] {dagbag.py:545} INFO - Filling up the DagBag from /opt/airflow/dags/main.py
[2026-05-09T21:27:56.579+0000] {logging_mixin.py:188} INFO - get_playlist_id will not be executed
[2026-05-09T21:27:56.640+0000] {processor.py:840} INFO - DAG(s) 'produce_json', 'update_db' retrieved from /opt/airflow/dags/main.py
[2026-05-09T21:27:56.669+0000] {logging_mixin.py:188} INFO - [2026-05-09T21:27:56.668+0000] {dag.py:3096} INFO - Sync 2 DAGs
[2026-05-09T21:27:56.684+0000] {logging_mixin.py:188} INFO - [2026-05-09T21:27:56.683+0000] {dag.py:3954} INFO - Setting next_dagrun for produce_json to 2026-05-09 19:00:00+00:00, run_after=2026-05-10 19:00:00+00:00
[2026-05-09T21:27:56.687+0000] {logging_mixin.py:188} INFO - [2026-05-09T21:27:56.687+0000] {dag.py:3954} INFO - Setting next_dagrun for update_db to 2026-05-09 20:00:00+00:00, run_after=2026-05-10 20:00:00+00:00
[2026-05-09T21:27:56.703+0000] {processor.py:183} INFO - Processing /opt/airflow/dags/main.py took 0.174 seconds
[2026-05-09T21:28:26.918+0000] {processor.py:161} INFO - Started process (PID=688) to work on /opt/airflow/dags/main.py
[2026-05-09T21:28:26.919+0000] {processor.py:830} INFO - Processing file /opt/airflow/dags/main.py for tasks to queue
[2026-05-09T21:28:26.921+0000] {logging_mixin.py:188} INFO - [2026-05-09T21:28:26.920+0000] {dagbag.py:545} INFO - Filling up the DagBag from /opt/airflow/dags/main.py
[2026-05-09T21:28:26.969+0000] {logging_mixin.py:188} INFO - get_playlist_id will not be executed
[2026-05-09T21:28:27.033+0000] {processor.py:840} INFO - DAG(s) 'produce_json', 'update_db' retrieved from /opt/airflow/dags/main.py
[2026-05-09T21:28:27.060+0000] {logging_mixin.py:188} INFO - [2026-05-09T21:28:27.060+0000] {dag.py:3096} INFO - Sync 2 DAGs
[2026-05-09T21:28:27.076+0000] {logging_mixin.py:188} INFO - [2026-05-09T21:28:27.076+0000] {dag.py:3954} INFO - Setting next_dagrun for produce_json to 2026-05-09 19:00:00+00:00, run_after=2026-05-10 19:00:00+00:00
[2026-05-09T21:28:27.080+0000] {logging_mixin.py:188} INFO - [2026-05-09T21:28:27.079+0000] {dag.py:3954} INFO - Setting next_dagrun for update_db to 2026-05-09 20:00:00+00:00, run_after=2026-05-10 20:00:00+00:00
[2026-05-09T21:28:27.093+0000] {processor.py:183} INFO - Processing /opt/airflow/dags/main.py took 0.182 seconds
[2026-05-09T21:28:57.316+0000] {processor.py:161} INFO - Started process (PID=695) to work on /opt/airflow/dags/main.py
[2026-05-09T21:28:57.320+0000] {processor.py:830} INFO - Processing file /opt/airflow/dags/main.py for tasks to queue
[2026-05-09T21:28:57.323+0000] {logging_mixin.py:188} INFO - [2026-05-09T21:28:57.323+0000] {dagbag.py:545} INFO - Filling up the DagBag from /opt/airflow/dags/main.py
[2026-05-09T21:28:57.387+0000] {logging_mixin.py:188} INFO - get_playlist_id will not be executed
[2026-05-09T21:28:57.449+0000] {processor.py:840} INFO - DAG(s) 'produce_json', 'update_db' retrieved from /opt/airflow/dags/main.py
[2026-05-09T21:28:57.478+0000] {logging_mixin.py:188} INFO - [2026-05-09T21:28:57.478+0000] {dag.py:3096} INFO - Sync 2 DAGs
[2026-05-09T21:28:57.495+0000] {logging_mixin.py:188} INFO - [2026-05-09T21:28:57.495+0000] {dag.py:3954} INFO - Setting next_dagrun for produce_json to 2026-05-09 19:00:00+00:00, run_after=2026-05-10 19:00:00+00:00
[2026-05-09T21:28:57.498+0000] {logging_mixin.py:188} INFO - [2026-05-09T21:28:57.498+0000] {dag.py:3954} INFO - Setting next_dagrun for update_db to 2026-05-09 20:00:00+00:00, run_after=2026-05-10 20:00:00+00:00
[2026-05-09T21:28:57.512+0000] {processor.py:183} INFO - Processing /opt/airflow/dags/main.py took 0.205 seconds
[2026-05-09T21:29:27.724+0000] {processor.py:161} INFO - Started process (PID=703) to work on /opt/airflow/dags/main.py
[2026-05-09T21:29:27.725+0000] {processor.py:830} INFO - Processing file /opt/airflow/dags/main.py for tasks to queue
[2026-05-09T21:29:27.727+0000] {logging_mixin.py:188} INFO - [2026-05-09T21:29:27.727+0000] {dagbag.py:545} INFO - Filling up the DagBag from /opt/airflow/dags/main.py
[2026-05-09T21:29:27.772+0000] {logging_mixin.py:188} INFO - get_playlist_id will not be executed
[2026-05-09T21:29:27.834+0000] {processor.py:840} INFO - DAG(s) 'produce_json', 'update_db' retrieved from /opt/airflow/dags/main.py
[2026-05-09T21:29:27.865+0000] {logging_mixin.py:188} INFO - [2026-05-09T21:29:27.864+0000] {dag.py:3096} INFO - Sync 2 DAGs
[2026-05-09T21:29:27.881+0000] {logging_mixin.py:188} INFO - [2026-05-09T21:29:27.881+0000] {dag.py:3954} INFO - Setting next_dagrun for produce_json to 2026-05-09 19:00:00+00:00, run_after=2026-05-10 19:00:00+00:00
[2026-05-09T21:29:27.887+0000] {logging_mixin.py:188} INFO - [2026-05-09T21:29:27.887+0000] {dag.py:3954} INFO - Setting next_dagrun for update_db to 2026-05-09 20:00:00+00:00, run_after=2026-05-10 20:00:00+00:00
[2026-05-09T21:29:27.900+0000] {processor.py:183} INFO - Processing /opt/airflow/dags/main.py took 0.185 seconds
[2026-05-09T21:29:58.101+0000] {processor.py:161} INFO - Started process (PID=710) to work on /opt/airflow/dags/main.py
[2026-05-09T21:29:58.103+0000] {processor.py:830} INFO - Processing file /opt/airflow/dags/main.py for tasks to queue
[2026-05-09T21:29:58.105+0000] {logging_mixin.py:188} INFO - [2026-05-09T21:29:58.104+0000] {dagbag.py:545} INFO - Filling up the DagBag from /opt/airflow/dags/main.py
[2026-05-09T21:29:58.146+0000] {logging_mixin.py:188} INFO - get_playlist_id will not be executed
[2026-05-09T21:29:58.201+0000] {processor.py:840} INFO - DAG(s) 'produce_json', 'update_db' retrieved from /opt/airflow/dags/main.py
[2026-05-09T21:29:58.230+0000] {logging_mixin.py:188} INFO - [2026-05-09T21:29:58.229+0000] {dag.py:3096} INFO - Sync 2 DAGs
[2026-05-09T21:29:58.247+0000] {logging_mixin.py:188} INFO - [2026-05-09T21:29:58.247+0000] {dag.py:3954} INFO - Setting next_dagrun for produce_json to 2026-05-09 19:00:00+00:00, run_after=2026-05-10 19:00:00+00:00
[2026-05-09T21:29:58.250+0000] {logging_mixin.py:188} INFO - [2026-05-09T21:29:58.250+0000] {dag.py:3954} INFO - Setting next_dagrun for update_db to 2026-05-09 20:00:00+00:00, run_after=2026-05-10 20:00:00+00:00
[2026-05-09T21:29:58.265+0000] {processor.py:183} INFO - Processing /opt/airflow/dags/main.py took 0.170 seconds
[2026-05-09T21:30:28.466+0000] {processor.py:161} INFO - Started process (PID=717) to work on /opt/airflow/dags/main.py
[2026-05-09T21:30:28.467+0000] {processor.py:830} INFO - Processing file /opt/airflow/dags/main.py for tasks to queue
[2026-05-09T21:30:28.470+0000] {logging_mixin.py:188} INFO - [2026-05-09T21:30:28.469+0000] {dagbag.py:545} INFO - Filling up the DagBag from /opt/airflow/dags/main.py
[2026-05-09T21:30:28.516+0000] {logging_mixin.py:188} INFO - get_playlist_id will not be executed
[2026-05-09T21:30:28.573+0000] {processor.py:840} INFO - DAG(s) 'produce_json', 'update_db' retrieved from /opt/airflow/dags/main.py
[2026-05-09T21:30:28.598+0000] {logging_mixin.py:188} INFO - [2026-05-09T21:30:28.598+0000] {dag.py:3096} INFO - Sync 2 DAGs
[2026-05-09T21:30:28.616+0000] {logging_mixin.py:188} INFO - [2026-05-09T21:30:28.615+0000] {dag.py:3954} INFO - Setting next_dagrun for produce_json to 2026-05-09 19:00:00+00:00, run_after=2026-05-10 19:00:00+00:00
[2026-05-09T21:30:28.619+0000] {logging_mixin.py:188} INFO - [2026-05-09T21:30:28.619+0000] {dag.py:3954} INFO - Setting next_dagrun for update_db to 2026-05-09 20:00:00+00:00, run_after=2026-05-10 20:00:00+00:00
[2026-05-09T21:30:28.631+0000] {processor.py:183} INFO - Processing /opt/airflow/dags/main.py took 0.173 seconds
[2026-05-09T21:30:58.820+0000] {processor.py:161} INFO - Started process (PID=724) to work on /opt/airflow/dags/main.py
[2026-05-09T21:30:58.821+0000] {processor.py:830} INFO - Processing file /opt/airflow/dags/main.py for tasks to queue
[2026-05-09T21:30:58.824+0000] {logging_mixin.py:188} INFO - [2026-05-09T21:30:58.823+0000] {dagbag.py:545} INFO - Filling up the DagBag from /opt/airflow/dags/main.py
[2026-05-09T21:30:58.872+0000] {logging_mixin.py:188} INFO - get_playlist_id will not be executed
[2026-05-09T21:30:58.931+0000] {processor.py:840} INFO - DAG(s) 'update_db', 'produce_json' retrieved from /opt/airflow/dags/main.py
[2026-05-09T21:30:58.962+0000] {logging_mixin.py:188} INFO - [2026-05-09T21:30:58.962+0000] {dag.py:3096} INFO - Sync 2 DAGs
[2026-05-09T21:30:58.983+0000] {logging_mixin.py:188} INFO - [2026-05-09T21:30:58.983+0000] {dag.py:3954} INFO - Setting next_dagrun for produce_json to 2026-05-09 19:00:00+00:00, run_after=2026-05-10 19:00:00+00:00
[2026-05-09T21:30:58.987+0000] {logging_mixin.py:188} INFO - [2026-05-09T21:30:58.987+0000] {dag.py:3954} INFO - Setting next_dagrun for update_db to 2026-05-09 20:00:00+00:00, run_after=2026-05-10 20:00:00+00:00
[2026-05-09T21:30:59.008+0000] {processor.py:183} INFO - Processing /opt/airflow/dags/main.py took 0.196 seconds
[2026-05-09T21:31:29.302+0000] {processor.py:161} INFO - Started process (PID=731) to work on /opt/airflow/dags/main.py
[2026-05-09T21:31:29.303+0000] {processor.py:830} INFO - Processing file /opt/airflow/dags/main.py for tasks to queue
[2026-05-09T21:31:29.306+0000] {logging_mixin.py:188} INFO - [2026-05-09T21:31:29.305+0000] {dagbag.py:545} INFO - Filling up the DagBag from /opt/airflow/dags/main.py
[2026-05-09T21:31:29.360+0000] {logging_mixin.py:188} INFO - get_playlist_id will not be executed
[2026-05-09T21:31:29.407+0000] {processor.py:840} INFO - DAG(s) 'update_db', 'produce_json' retrieved from /opt/airflow/dags/main.py
[2026-05-09T21:31:29.439+0000] {logging_mixin.py:188} INFO - [2026-05-09T21:31:29.439+0000] {dag.py:3096} INFO - Sync 2 DAGs
[2026-05-09T21:31:29.454+0000] {logging_mixin.py:188} INFO - [2026-05-09T21:31:29.454+0000] {dag.py:3954} INFO - Setting next_dagrun for produce_json to 2026-05-09 19:00:00+00:00, run_after=2026-05-10 19:00:00+00:00
[2026-05-09T21:31:29.457+0000] {logging_mixin.py:188} INFO - [2026-05-09T21:31:29.457+0000] {dag.py:3954} INFO - Setting next_dagrun for update_db to 2026-05-09 20:00:00+00:00, run_after=2026-05-10 20:00:00+00:00
[2026-05-09T21:31:29.471+0000] {processor.py:183} INFO - Processing /opt/airflow/dags/main.py took 0.179 seconds
[2026-05-09T21:31:59.729+0000] {processor.py:161} INFO - Started process (PID=738) to work on /opt/airflow/dags/main.py
[2026-05-09T21:31:59.730+0000] {processor.py:830} INFO - Processing file /opt/airflow/dags/main.py for tasks to queue
[2026-05-09T21:31:59.734+0000] {logging_mixin.py:188} INFO - [2026-05-09T21:31:59.733+0000] {dagbag.py:545} INFO - Filling up the DagBag from /opt/airflow/dags/main.py
[2026-05-09T21:31:59.784+0000] {logging_mixin.py:188} INFO - get_playlist_id will not be executed
[2026-05-09T21:31:59.844+0000] {processor.py:840} INFO - DAG(s) 'produce_json', 'update_db' retrieved from /opt/airflow/dags/main.py
[2026-05-09T21:31:59.875+0000] {logging_mixin.py:188} INFO - [2026-05-09T21:31:59.875+0000] {dag.py:3096} INFO - Sync 2 DAGs
[2026-05-09T21:31:59.892+0000] {logging_mixin.py:188} INFO - [2026-05-09T21:31:59.892+0000] {dag.py:3954} INFO - Setting next_dagrun for produce_json to 2026-05-09 19:00:00+00:00, run_after=2026-05-10 19:00:00+00:00
[2026-05-09T21:31:59.895+0000] {logging_mixin.py:188} INFO - [2026-05-09T21:31:59.895+0000] {dag.py:3954} INFO - Setting next_dagrun for update_db to 2026-05-09 20:00:00+00:00, run_after=2026-05-10 20:00:00+00:00
[2026-05-09T21:31:59.910+0000] {processor.py:183} INFO - Processing /opt/airflow/dags/main.py took 0.191 seconds
