[2026-05-08T19:17:33.635+0000] {manager.py:470} INFO - Processing files using up to 2 processes at a time 
[2026-05-08T19:17:33.636+0000] {manager.py:471} INFO - Process each file at most once every 30 seconds
[2026-05-08T19:17:33.637+0000] {manager.py:472} INFO - Checking for new files in /opt/airflow/dags every 300 seconds
[2026-05-08T19:17:33.637+0000] {manager.py:737} INFO - Searching for files in /opt/airflow/dags
[2026-05-08T19:17:33.640+0000] {manager.py:740} INFO - There are 0 files in /opt/airflow/dags
[2026-05-08T19:21:34.209+0000] {manager.py:452} INFO - Exiting gracefully upon receiving signal 15
[2026-05-08T19:29:41.253+0000] {manager.py:470} INFO - Processing files using up to 2 processes at a time 
[2026-05-08T19:29:41.254+0000] {manager.py:471} INFO - Process each file at most once every 30 seconds
[2026-05-08T19:29:41.255+0000] {manager.py:472} INFO - Checking for new files in /opt/airflow/dags every 300 seconds
[2026-05-08T19:29:41.255+0000] {manager.py:737} INFO - Searching for files in /opt/airflow/dags
[2026-05-08T19:29:41.287+0000] {manager.py:740} INFO - There are 0 files in /opt/airflow/dags
[2026-05-08T19:34:41.352+0000] {manager.py:737} INFO - Searching for files in /opt/airflow/dags
[2026-05-08T19:34:41.434+0000] {manager.py:740} INFO - There are 0 files in /opt/airflow/dags
[2026-05-08T19:39:41.498+0000] {manager.py:737} INFO - Searching for files in /opt/airflow/dags
[2026-05-08T19:39:41.530+0000] {manager.py:740} INFO - There are 0 files in /opt/airflow/dags
[2026-05-08T19:44:41.534+0000] {manager.py:737} INFO - Searching for files in /opt/airflow/dags
[2026-05-08T19:44:41.572+0000] {manager.py:740} INFO - There are 1 files in /opt/airflow/dags
[2026-05-08T19:44:44.749+0000] {manager.py:878} INFO - 
================================================================================
DAG File Processing Stats

File Path                  PID    Runtime      # DAGs    # Errors  Last Runtime    Last Run
-------------------------  -----  ---------  --------  ----------  --------------  -------------------
/opt/airflow/dags/main.py                           0           1  0.60s           2026-05-08T19:44:42
================================================================================
[2026-05-08T19:45:15.417+0000] {manager.py:878} INFO - 
================================================================================
DAG File Processing Stats

File Path                  PID    Runtime      # DAGs    # Errors  Last Runtime    Last Run
-------------------------  -----  ---------  --------  ----------  --------------  -------------------
/opt/airflow/dags/main.py                           0           1  0.10s           2026-05-08T19:45:12
================================================================================
[2026-05-08T19:45:45.622+0000] {manager.py:878} INFO - 
================================================================================
DAG File Processing Stats

File Path                  PID    Runtime      # DAGs    # Errors  Last Runtime    Last Run
-------------------------  -----  ---------  --------  ----------  --------------  -------------------
/opt/airflow/dags/main.py                           0           1  0.11s           2026-05-08T19:45:42
================================================================================
[2026-05-08T19:46:15.815+0000] {manager.py:878} INFO - 
================================================================================
DAG File Processing Stats

File Path                  PID    Runtime      # DAGs    # Errors  Last Runtime    Last Run
-------------------------  -----  ---------  --------  ----------  --------------  -------------------
/opt/airflow/dags/main.py                           0           1  0.12s           2026-05-08T19:45:46
================================================================================
[2026-05-08T19:46:46.011+0000] {manager.py:878} INFO - 
================================================================================
DAG File Processing Stats

File Path                  PID    Runtime      # DAGs    # Errors  Last Runtime    Last Run
-------------------------  -----  ---------  --------  ----------  --------------  -------------------
/opt/airflow/dags/main.py                           0           1  0.11s           2026-05-08T19:46:16
================================================================================
[2026-05-08T19:47:16.323+0000] {manager.py:878} INFO - 
================================================================================
DAG File Processing Stats

File Path                  PID    Runtime      # DAGs    # Errors  Last Runtime    Last Run
-------------------------  -----  ---------  --------  ----------  --------------  -------------------
/opt/airflow/dags/main.py                           0           1  0.12s           2026-05-08T19:46:50
================================================================================
[2026-05-08T19:47:46.541+0000] {manager.py:878} INFO - 
================================================================================
DAG File Processing Stats

File Path                  PID    Runtime      # DAGs    # Errors  Last Runtime    Last Run
-------------------------  -----  ---------  --------  ----------  --------------  -------------------
/opt/airflow/dags/main.py                           0           1  0.10s           2026-05-08T19:47:20
================================================================================
[2026-05-08T19:48:16.691+0000] {manager.py:878} INFO - 
================================================================================
DAG File Processing Stats

File Path                  PID    Runtime      # DAGs    # Errors  Last Runtime    Last Run
-------------------------  -----  ---------  --------  ----------  --------------  -------------------
/opt/airflow/dags/main.py                           0           1  0.11s           2026-05-08T19:47:50
================================================================================
[2026-05-08T19:48:46.880+0000] {manager.py:878} INFO - 
================================================================================
DAG File Processing Stats

File Path                  PID    Runtime      # DAGs    # Errors  Last Runtime    Last Run
-------------------------  -----  ---------  --------  ----------  --------------  -------------------
/opt/airflow/dags/main.py                           0           1  0.09s           2026-05-08T19:48:20
================================================================================
[2026-05-08T19:49:17.020+0000] {manager.py:878} INFO - 
================================================================================
DAG File Processing Stats

File Path                  PID    Runtime      # DAGs    # Errors  Last Runtime    Last Run
-------------------------  -----  ---------  --------  ----------  --------------  -------------------
/opt/airflow/dags/main.py                           0           1  0.09s           2026-05-08T19:48:50
================================================================================
[2026-05-08T19:49:42.179+0000] {manager.py:737} INFO - Searching for files in /opt/airflow/dags
[2026-05-08T19:49:42.221+0000] {manager.py:740} INFO - There are 1 files in /opt/airflow/dags
[2026-05-08T19:49:47.251+0000] {manager.py:878} INFO - 
================================================================================
DAG File Processing Stats

File Path                  PID    Runtime      # DAGs    # Errors  Last Runtime    Last Run
-------------------------  -----  ---------  --------  ----------  --------------  -------------------
/opt/airflow/dags/main.py                           0           1  0.10s           2026-05-08T19:49:21
================================================================================
[2026-05-08T19:50:17.399+0000] {manager.py:878} INFO - 
================================================================================
DAG File Processing Stats

File Path                  PID    Runtime      # DAGs    # Errors  Last Runtime    Last Run
-------------------------  -----  ---------  --------  ----------  --------------  -------------------
/opt/airflow/dags/main.py                           0           1  0.09s           2026-05-08T19:49:51
================================================================================
[2026-05-08T19:50:47.576+0000] {manager.py:878} INFO - 
================================================================================
DAG File Processing Stats

File Path                  PID    Runtime      # DAGs    # Errors  Last Runtime    Last Run
-------------------------  -----  ---------  --------  ----------  --------------  -------------------
/opt/airflow/dags/main.py                           0           1  0.09s           2026-05-08T19:50:21
================================================================================
[2026-05-08T19:51:17.721+0000] {manager.py:878} INFO - 
================================================================================
DAG File Processing Stats

File Path                  PID    Runtime      # DAGs    # Errors  Last Runtime    Last Run
-------------------------  -----  ---------  --------  ----------  --------------  -------------------
/opt/airflow/dags/main.py                           0           1  0.09s           2026-05-08T19:50:51
================================================================================
[2026-05-08T19:51:47.910+0000] {manager.py:878} INFO - 
================================================================================
DAG File Processing Stats

File Path                  PID    Runtime      # DAGs    # Errors  Last Runtime    Last Run
-------------------------  -----  ---------  --------  ----------  --------------  -------------------
/opt/airflow/dags/main.py                           0           1  0.13s           2026-05-08T19:51:21
================================================================================
[2026-05-08T19:52:18.096+0000] {manager.py:878} INFO - 
================================================================================
DAG File Processing Stats

File Path                  PID    Runtime      # DAGs    # Errors  Last Runtime    Last Run
-------------------------  -----  ---------  --------  ----------  --------------  -------------------
/opt/airflow/dags/main.py                           0           1  0.10s           2026-05-08T19:51:52
================================================================================
[2026-05-08T19:52:48.264+0000] {manager.py:878} INFO - 
================================================================================
DAG File Processing Stats

File Path                  PID    Runtime      # DAGs    # Errors  Last Runtime    Last Run
-------------------------  -----  ---------  --------  ----------  --------------  -------------------
/opt/airflow/dags/main.py                           0           1  0.10s           2026-05-08T19:52:22
================================================================================
[2026-05-08T19:53:18.449+0000] {manager.py:878} INFO - 
================================================================================
DAG File Processing Stats

File Path                  PID    Runtime      # DAGs    # Errors  Last Runtime    Last Run
-------------------------  -----  ---------  --------  ----------  --------------  -------------------
/opt/airflow/dags/main.py                           0           1  0.11s           2026-05-08T19:52:52
================================================================================
[2026-05-08T19:53:48.616+0000] {manager.py:878} INFO - 
================================================================================
DAG File Processing Stats

File Path                  PID    Runtime      # DAGs    # Errors  Last Runtime    Last Run
-------------------------  -----  ---------  --------  ----------  --------------  -------------------
/opt/airflow/dags/main.py                           0           1  0.11s           2026-05-08T19:53:22
================================================================================
[2026-05-08T19:54:18.813+0000] {manager.py:878} INFO - 
================================================================================
DAG File Processing Stats

File Path                  PID    Runtime      # DAGs    # Errors  Last Runtime    Last Run
-------------------------  -----  ---------  --------  ----------  --------------  -------------------
/opt/airflow/dags/main.py                           0           1  0.10s           2026-05-08T19:53:52
================================================================================
[2026-05-08T19:54:42.942+0000] {manager.py:737} INFO - Searching for files in /opt/airflow/dags
[2026-05-08T19:54:42.982+0000] {manager.py:740} INFO - There are 1 files in /opt/airflow/dags
[2026-05-08T19:54:49.018+0000] {manager.py:878} INFO - 
================================================================================
DAG File Processing Stats

File Path                  PID    Runtime      # DAGs    # Errors  Last Runtime    Last Run
-------------------------  -----  ---------  --------  ----------  --------------  -------------------
/opt/airflow/dags/main.py                           0           1  0.11s           2026-05-08T19:54:22
================================================================================
[2026-05-08T19:55:19.165+0000] {manager.py:878} INFO - 
================================================================================
DAG File Processing Stats

File Path                  PID    Runtime      # DAGs    # Errors  Last Runtime    Last Run
-------------------------  -----  ---------  --------  ----------  --------------  -------------------
/opt/airflow/dags/main.py                           0           1  0.10s           2026-05-08T19:54:53
================================================================================
[2026-05-08T19:55:49.359+0000] {manager.py:878} INFO - 
================================================================================
DAG File Processing Stats

File Path                  PID    Runtime      # DAGs    # Errors  Last Runtime    Last Run
-------------------------  -----  ---------  --------  ----------  --------------  -------------------
/opt/airflow/dags/main.py                           0           1  0.07s           2026-05-08T19:55:23
================================================================================
[2026-05-08T19:56:19.573+0000] {manager.py:878} INFO - 
================================================================================
DAG File Processing Stats

File Path                  PID    Runtime      # DAGs    # Errors  Last Runtime    Last Run
-------------------------  -----  ---------  --------  ----------  --------------  -------------------
/opt/airflow/dags/main.py                           0           1  0.06s           2026-05-08T19:56:09
================================================================================
[2026-05-08T19:56:49.762+0000] {manager.py:878} INFO - 
================================================================================
DAG File Processing Stats

File Path                  PID    Runtime      # DAGs    # Errors  Last Runtime    Last Run
-------------------------  -----  ---------  --------  ----------  --------------  -------------------
/opt/airflow/dags/main.py                           0           1  0.11s           2026-05-08T19:56:21
================================================================================
[2026-05-08T19:57:19.945+0000] {manager.py:878} INFO - 
================================================================================
DAG File Processing Stats

File Path                  PID    Runtime      # DAGs    # Errors  Last Runtime    Last Run
-------------------------  -----  ---------  --------  ----------  --------------  -------------------
/opt/airflow/dags/main.py                           0           1  0.11s           2026-05-08T19:56:51
================================================================================
[2026-05-08T19:57:50.104+0000] {manager.py:878} INFO - 
================================================================================
DAG File Processing Stats

File Path                  PID    Runtime      # DAGs    # Errors  Last Runtime    Last Run
-------------------------  -----  ---------  --------  ----------  --------------  -------------------
/opt/airflow/dags/main.py                           0           1  0.14s           2026-05-08T19:57:22
================================================================================
[2026-05-08T19:58:20.319+0000] {manager.py:878} INFO - 
================================================================================
DAG File Processing Stats

File Path                  PID    Runtime      # DAGs    # Errors  Last Runtime    Last Run
-------------------------  -----  ---------  --------  ----------  --------------  -------------------
/opt/airflow/dags/main.py                           0           1  0.09s           2026-05-08T19:57:52
================================================================================
[2026-05-08T19:58:50.461+0000] {manager.py:878} INFO - 
================================================================================
DAG File Processing Stats

File Path                  PID    Runtime      # DAGs    # Errors  Last Runtime    Last Run
-------------------------  -----  ---------  --------  ----------  --------------  -------------------
/opt/airflow/dags/main.py                           0           1  0.09s           2026-05-08T19:58:22
================================================================================
[2026-05-08T19:59:20.646+0000] {manager.py:878} INFO - 
================================================================================
DAG File Processing Stats

File Path                  PID    Runtime      # DAGs    # Errors  Last Runtime    Last Run
-------------------------  -----  ---------  --------  ----------  --------------  -------------------
/opt/airflow/dags/main.py                           0           1  0.10s           2026-05-08T19:58:52
================================================================================
[2026-05-08T19:59:43.840+0000] {manager.py:737} INFO - Searching for files in /opt/airflow/dags
[2026-05-08T19:59:43.877+0000] {manager.py:740} INFO - There are 1 files in /opt/airflow/dags
[2026-05-08T19:59:50.918+0000] {manager.py:878} INFO - 
================================================================================
DAG File Processing Stats

File Path                  PID    Runtime      # DAGs    # Errors  Last Runtime    Last Run
-------------------------  -----  ---------  --------  ----------  --------------  -------------------
/opt/airflow/dags/main.py                           0           1  0.10s           2026-05-08T19:59:40
================================================================================
[2026-05-08T20:00:21.167+0000] {manager.py:878} INFO - 
================================================================================
DAG File Processing Stats

File Path                  PID    Runtime      # DAGs    # Errors  Last Runtime    Last Run
-------------------------  -----  ---------  --------  ----------  --------------  -------------------
/opt/airflow/dags/main.py                           0           1  0.19s           2026-05-08T20:00:16
================================================================================
[2026-05-08T20:00:51.392+0000] {manager.py:878} INFO - 
================================================================================
DAG File Processing Stats

File Path                  PID    Runtime      # DAGs    # Errors  Last Runtime    Last Run
-------------------------  -----  ---------  --------  ----------  --------------  -------------------
/opt/airflow/dags/main.py                           0           1  0.09s           2026-05-08T20:00:46
================================================================================
[2026-05-08T20:01:21.552+0000] {manager.py:878} INFO - 
================================================================================
DAG File Processing Stats

File Path                  PID    Runtime      # DAGs    # Errors  Last Runtime    Last Run
-------------------------  -----  ---------  --------  ----------  --------------  -------------------
/opt/airflow/dags/main.py                           0           1  0.12s           2026-05-08T20:01:16
================================================================================
[2026-05-08T20:01:51.759+0000] {manager.py:878} INFO - 
================================================================================
DAG File Processing Stats

File Path                  PID    Runtime      # DAGs    # Errors  Last Runtime    Last Run
-------------------------  -----  ---------  --------  ----------  --------------  -------------------
/opt/airflow/dags/main.py                           0           1  0.10s           2026-05-08T20:01:46
================================================================================
[2026-05-08T20:02:21.916+0000] {manager.py:878} INFO - 
================================================================================
DAG File Processing Stats

File Path                  PID    Runtime      # DAGs    # Errors  Last Runtime    Last Run
-------------------------  -----  ---------  --------  ----------  --------------  -------------------
/opt/airflow/dags/main.py                           0           1  0.09s           2026-05-08T20:02:16
================================================================================
[2026-05-08T20:02:52.173+0000] {manager.py:878} INFO - 
================================================================================
DAG File Processing Stats

File Path                  PID    Runtime      # DAGs    # Errors  Last Runtime    Last Run
-------------------------  -----  ---------  --------  ----------  --------------  -------------------
/opt/airflow/dags/main.py                           0           1  0.11s           2026-05-08T20:02:49
================================================================================
[2026-05-08T20:03:22.352+0000] {manager.py:878} INFO - 
================================================================================
DAG File Processing Stats

File Path                  PID    Runtime      # DAGs    # Errors  Last Runtime    Last Run
-------------------------  -----  ---------  --------  ----------  --------------  -------------------
/opt/airflow/dags/main.py                           0           1  0.09s           2026-05-08T20:03:19
================================================================================
[2026-05-08T20:03:52.494+0000] {manager.py:878} INFO - 
================================================================================
DAG File Processing Stats

File Path                  PID    Runtime      # DAGs    # Errors  Last Runtime    Last Run
-------------------------  -----  ---------  --------  ----------  --------------  -------------------
/opt/airflow/dags/main.py                           0           1  0.08s           2026-05-08T20:03:49
================================================================================
[2026-05-08T20:04:22.652+0000] {manager.py:878} INFO - 
================================================================================
DAG File Processing Stats

File Path                  PID    Runtime      # DAGs    # Errors  Last Runtime    Last Run
-------------------------  -----  ---------  --------  ----------  --------------  -------------------
/opt/airflow/dags/main.py                           0           1  0.09s           2026-05-08T20:04:19
================================================================================
[2026-05-08T20:04:44.750+0000] {manager.py:737} INFO - Searching for files in /opt/airflow/dags
[2026-05-08T20:04:44.791+0000] {manager.py:740} INFO - There are 1 files in /opt/airflow/dags
[2026-05-08T20:04:52.857+0000] {manager.py:878} INFO - 
================================================================================
DAG File Processing Stats

File Path                  PID    Runtime      # DAGs    # Errors  Last Runtime    Last Run
-------------------------  -----  ---------  --------  ----------  --------------  -------------------
/opt/airflow/dags/main.py                           0           1  0.11s           2026-05-08T20:04:49
================================================================================
[2026-05-08T20:05:23.063+0000] {manager.py:878} INFO - 
================================================================================
DAG File Processing Stats

File Path                  PID    Runtime      # DAGs    # Errors  Last Runtime    Last Run
-------------------------  -----  ---------  --------  ----------  --------------  -------------------
/opt/airflow/dags/main.py                           0           1  0.10s           2026-05-08T20:05:20
================================================================================
[2026-05-08T20:05:53.214+0000] {manager.py:878} INFO - 
================================================================================
DAG File Processing Stats

File Path                  PID    Runtime      # DAGs    # Errors  Last Runtime    Last Run
-------------------------  -----  ---------  --------  ----------  --------------  -------------------
/opt/airflow/dags/main.py                           0           1  0.09s           2026-05-08T20:05:50
================================================================================
[2026-05-08T20:06:23.395+0000] {manager.py:878} INFO - 
================================================================================
DAG File Processing Stats

File Path                  PID    Runtime      # DAGs    # Errors  Last Runtime    Last Run
-------------------------  -----  ---------  --------  ----------  --------------  -------------------
/opt/airflow/dags/main.py                           0           1  0.09s           2026-05-08T20:06:20
================================================================================
[2026-05-08T20:06:53.575+0000] {manager.py:878} INFO - 
================================================================================
DAG File Processing Stats

File Path                  PID    Runtime      # DAGs    # Errors  Last Runtime    Last Run
-------------------------  -----  ---------  --------  ----------  --------------  -------------------
/opt/airflow/dags/main.py                           0           1  0.12s           2026-05-08T20:06:31
================================================================================
[2026-05-08T20:07:23.784+0000] {manager.py:878} INFO - 
================================================================================
DAG File Processing Stats

File Path                  PID    Runtime      # DAGs    # Errors  Last Runtime    Last Run
-------------------------  -----  ---------  --------  ----------  --------------  -------------------
/opt/airflow/dags/main.py                           0           1  0.09s           2026-05-08T20:07:01
================================================================================
[2026-05-08T20:07:53.943+0000] {manager.py:878} INFO - 
================================================================================
DAG File Processing Stats

File Path                  PID    Runtime      # DAGs    # Errors  Last Runtime    Last Run
-------------------------  -----  ---------  --------  ----------  --------------  -------------------
/opt/airflow/dags/main.py                           0           1  0.10s           2026-05-08T20:07:31
================================================================================
[2026-05-08T20:08:24.132+0000] {manager.py:878} INFO - 
================================================================================
DAG File Processing Stats

File Path                  PID    Runtime      # DAGs    # Errors  Last Runtime    Last Run
-------------------------  -----  ---------  --------  ----------  --------------  -------------------
/opt/airflow/dags/main.py                           0           1  0.09s           2026-05-08T20:08:02
================================================================================
[2026-05-08T20:08:54.336+0000] {manager.py:878} INFO - 
================================================================================
DAG File Processing Stats

File Path                  PID    Runtime      # DAGs    # Errors  Last Runtime    Last Run
-------------------------  -----  ---------  --------  ----------  --------------  -------------------
/opt/airflow/dags/main.py                           0           1  0.11s           2026-05-08T20:08:53
================================================================================
[2026-05-08T20:09:24.513+0000] {manager.py:878} INFO - 
================================================================================
DAG File Processing Stats

File Path                  PID    Runtime      # DAGs    # Errors  Last Runtime    Last Run
-------------------------  -----  ---------  --------  ----------  --------------  -------------------
/opt/airflow/dags/main.py                           0           1  0.11s           2026-05-08T20:09:23
================================================================================
[2026-05-08T20:09:45.619+0000] {manager.py:737} INFO - Searching for files in /opt/airflow/dags
[2026-05-08T20:09:45.675+0000] {manager.py:740} INFO - There are 1 files in /opt/airflow/dags
[2026-05-08T20:09:54.744+0000] {manager.py:878} INFO - 
================================================================================
DAG File Processing Stats

File Path                  PID    Runtime      # DAGs    # Errors  Last Runtime    Last Run
-------------------------  -----  ---------  --------  ----------  --------------  -------------------
/opt/airflow/dags/main.py                           0           1  0.10s           2026-05-08T20:09:53
================================================================================
[2026-05-08T20:10:24.947+0000] {manager.py:878} INFO - 
================================================================================
DAG File Processing Stats

File Path                  PID    Runtime      # DAGs    # Errors  Last Runtime    Last Run
-------------------------  -----  ---------  --------  ----------  --------------  -------------------
/opt/airflow/dags/main.py                           0           1  0.10s           2026-05-08T20:10:23
================================================================================
[2026-05-08T20:10:55.111+0000] {manager.py:878} INFO - 
================================================================================
DAG File Processing Stats

File Path                  PID    Runtime      # DAGs    # Errors  Last Runtime    Last Run
-------------------------  -----  ---------  --------  ----------  --------------  -------------------
/opt/airflow/dags/main.py                           1           0  0.45s           2026-05-08T20:10:40
================================================================================
[2026-05-08T20:11:25.694+0000] {manager.py:878} INFO - 
================================================================================
DAG File Processing Stats

File Path                  PID    Runtime      # DAGs    # Errors  Last Runtime    Last Run
-------------------------  -----  ---------  --------  ----------  --------------  -------------------
/opt/airflow/dags/main.py                           1           0  0.15s           2026-05-08T20:11:10
================================================================================
[2026-05-08T20:11:55.962+0000] {manager.py:878} INFO - 
================================================================================
DAG File Processing Stats

File Path                  PID    Runtime      # DAGs    # Errors  Last Runtime    Last Run
-------------------------  -----  ---------  --------  ----------  --------------  -------------------
/opt/airflow/dags/main.py                           1           0  0.17s           2026-05-08T20:11:41
================================================================================
[2026-05-08T20:12:26.252+0000] {manager.py:878} INFO - 
================================================================================
DAG File Processing Stats

File Path                  PID    Runtime      # DAGs    # Errors  Last Runtime    Last Run
-------------------------  -----  ---------  --------  ----------  --------------  -------------------
/opt/airflow/dags/main.py                           1           0  0.14s           2026-05-08T20:12:11
================================================================================
[2026-05-08T20:12:56.502+0000] {manager.py:878} INFO - 
================================================================================
DAG File Processing Stats

File Path                  PID    Runtime      # DAGs    # Errors  Last Runtime    Last Run
-------------------------  -----  ---------  --------  ----------  --------------  -------------------
/opt/airflow/dags/main.py                           1           0  0.14s           2026-05-08T20:12:41
================================================================================
[2026-05-08T20:13:26.650+0000] {manager.py:878} INFO - 
================================================================================
DAG File Processing Stats

File Path                  PID    Runtime      # DAGs    # Errors  Last Runtime    Last Run
-------------------------  -----  ---------  --------  ----------  --------------  -------------------
/opt/airflow/dags/main.py                           1           0  0.13s           2026-05-08T20:13:11
================================================================================
[2026-05-08T20:13:56.875+0000] {manager.py:878} INFO - 
================================================================================
DAG File Processing Stats

File Path                  PID    Runtime      # DAGs    # Errors  Last Runtime    Last Run
-------------------------  -----  ---------  --------  ----------  --------------  -------------------
/opt/airflow/dags/main.py                           1           0  0.13s           2026-05-08T20:13:41
================================================================================
[2026-05-08T20:14:27.027+0000] {manager.py:878} INFO - 
================================================================================
DAG File Processing Stats

File Path                  PID    Runtime      # DAGs    # Errors  Last Runtime    Last Run
-------------------------  -----  ---------  --------  ----------  --------------  -------------------
/opt/airflow/dags/main.py                           1           0  0.13s           2026-05-08T20:14:12
================================================================================
[2026-05-08T20:14:46.201+0000] {manager.py:737} INFO - Searching for files in /opt/airflow/dags
[2026-05-08T20:14:46.304+0000] {manager.py:740} INFO - There are 1 files in /opt/airflow/dags
[2026-05-08T20:14:57.380+0000] {manager.py:878} INFO - 
================================================================================
DAG File Processing Stats

File Path                  PID    Runtime      # DAGs    # Errors  Last Runtime    Last Run
-------------------------  -----  ---------  --------  ----------  --------------  -------------------
/opt/airflow/dags/main.py                           1           0  0.15s           2026-05-08T20:14:42
================================================================================
[2026-05-08T20:15:27.529+0000] {manager.py:878} INFO - 
================================================================================
DAG File Processing Stats

File Path                  PID    Runtime      # DAGs    # Errors  Last Runtime    Last Run
-------------------------  -----  ---------  --------  ----------  --------------  -------------------
/opt/airflow/dags/main.py                           1           0  0.16s           2026-05-08T20:15:12
================================================================================
[2026-05-08T20:15:57.794+0000] {manager.py:878} INFO - 
================================================================================
DAG File Processing Stats

File Path                  PID    Runtime      # DAGs    # Errors  Last Runtime    Last Run
-------------------------  -----  ---------  --------  ----------  --------------  -------------------
/opt/airflow/dags/main.py                           1           0  0.17s           2026-05-08T20:15:42
================================================================================
[2026-05-08T20:16:28.074+0000] {manager.py:878} INFO - 
================================================================================
DAG File Processing Stats

File Path                  PID    Runtime      # DAGs    # Errors  Last Runtime    Last Run
-------------------------  -----  ---------  --------  ----------  --------------  -------------------
/opt/airflow/dags/main.py                           1           0  0.13s           2026-05-08T20:16:13
================================================================================
[2026-05-08T20:16:58.309+0000] {manager.py:878} INFO - 
================================================================================
DAG File Processing Stats

File Path                  PID    Runtime      # DAGs    # Errors  Last Runtime    Last Run
-------------------------  -----  ---------  --------  ----------  --------------  -------------------
/opt/airflow/dags/main.py                           1           0  0.13s           2026-05-08T20:16:43
================================================================================
[2026-05-08T20:17:28.469+0000] {manager.py:878} INFO - 
================================================================================
DAG File Processing Stats

File Path                  PID    Runtime      # DAGs    # Errors  Last Runtime    Last Run
-------------------------  -----  ---------  --------  ----------  --------------  -------------------
/opt/airflow/dags/main.py                           1           0  0.15s           2026-05-08T20:17:13
================================================================================
[2026-05-08T20:17:58.726+0000] {manager.py:878} INFO - 
================================================================================
DAG File Processing Stats

File Path                  PID    Runtime      # DAGs    # Errors  Last Runtime    Last Run
-------------------------  -----  ---------  --------  ----------  --------------  -------------------
/opt/airflow/dags/main.py                           1           0  0.16s           2026-05-08T20:17:43
================================================================================
[2026-05-08T20:18:28.896+0000] {manager.py:878} INFO - 
================================================================================
DAG File Processing Stats

File Path                  PID    Runtime      # DAGs    # Errors  Last Runtime    Last Run
-------------------------  -----  ---------  --------  ----------  --------------  -------------------
/opt/airflow/dags/main.py                           1           0  0.14s           2026-05-08T20:18:13
================================================================================
[2026-05-08T20:18:59.130+0000] {manager.py:878} INFO - 
================================================================================
DAG File Processing Stats

File Path                  PID    Runtime      # DAGs    # Errors  Last Runtime    Last Run
-------------------------  -----  ---------  --------  ----------  --------------  -------------------
/opt/airflow/dags/main.py                           1           0  0.14s           2026-05-08T20:18:44
================================================================================
[2026-05-08T20:19:29.283+0000] {manager.py:878} INFO - 
================================================================================
DAG File Processing Stats

File Path                  PID    Runtime      # DAGs    # Errors  Last Runtime    Last Run
-------------------------  -----  ---------  --------  ----------  --------------  -------------------
/opt/airflow/dags/main.py                           1           0  0.13s           2026-05-08T20:19:14
================================================================================
[2026-05-08T20:19:46.450+0000] {manager.py:737} INFO - Searching for files in /opt/airflow/dags
[2026-05-08T20:19:46.485+0000] {manager.py:740} INFO - There are 1 files in /opt/airflow/dags
[2026-05-08T20:19:59.546+0000] {manager.py:878} INFO - 
================================================================================
DAG File Processing Stats

File Path                  PID    Runtime      # DAGs    # Errors  Last Runtime    Last Run
-------------------------  -----  ---------  --------  ----------  --------------  -------------------
/opt/airflow/dags/main.py                           1           0  0.14s           2026-05-08T20:19:44
================================================================================
[2026-05-08T20:20:29.695+0000] {manager.py:878} INFO - 
================================================================================
DAG File Processing Stats

File Path                  PID    Runtime      # DAGs    # Errors  Last Runtime    Last Run
-------------------------  -----  ---------  --------  ----------  --------------  -------------------
/opt/airflow/dags/main.py                           1           0  0.13s           2026-05-08T20:20:14
================================================================================
[2026-05-08T20:20:59.944+0000] {manager.py:878} INFO - 
================================================================================
DAG File Processing Stats

File Path                  PID    Runtime      # DAGs    # Errors  Last Runtime    Last Run
-------------------------  -----  ---------  --------  ----------  --------------  -------------------
/opt/airflow/dags/main.py                           1           0  0.15s           2026-05-08T20:20:44
================================================================================
[2026-05-08T20:21:30.105+0000] {manager.py:878} INFO - 
================================================================================
DAG File Processing Stats

File Path                  PID    Runtime      # DAGs    # Errors  Last Runtime    Last Run
-------------------------  -----  ---------  --------  ----------  --------------  -------------------
/opt/airflow/dags/main.py                           1           0  0.16s           2026-05-08T20:21:15
================================================================================
[2026-05-08T20:22:00.375+0000] {manager.py:878} INFO - 
================================================================================
DAG File Processing Stats

File Path                  PID    Runtime      # DAGs    # Errors  Last Runtime    Last Run
-------------------------  -----  ---------  --------  ----------  --------------  -------------------
/opt/airflow/dags/main.py                           1           0  0.14s           2026-05-08T20:21:45
================================================================================
[2026-05-08T20:22:30.631+0000] {manager.py:878} INFO - 
================================================================================
DAG File Processing Stats

File Path                  PID    Runtime      # DAGs    # Errors  Last Runtime    Last Run
-------------------------  -----  ---------  --------  ----------  --------------  -------------------
/opt/airflow/dags/main.py                           1           0  0.16s           2026-05-08T20:22:06
================================================================================
[2026-05-08T20:23:00.803+0000] {manager.py:878} INFO - 
================================================================================
DAG File Processing Stats

File Path                  PID    Runtime      # DAGs    # Errors  Last Runtime    Last Run
-------------------------  -----  ---------  --------  ----------  --------------  -------------------
/opt/airflow/dags/main.py                           1           0  0.14s           2026-05-08T20:22:36
================================================================================
[2026-05-08T20:23:31.020+0000] {manager.py:878} INFO - 
================================================================================
DAG File Processing Stats

File Path                  PID    Runtime      # DAGs    # Errors  Last Runtime    Last Run
-------------------------  -----  ---------  --------  ----------  --------------  -------------------
/opt/airflow/dags/main.py                           1           0  0.13s           2026-05-08T20:23:06
================================================================================
[2026-05-08T20:24:01.292+0000] {manager.py:878} INFO - 
================================================================================
DAG File Processing Stats

File Path                  PID    Runtime      # DAGs    # Errors  Last Runtime    Last Run
-------------------------  -----  ---------  --------  ----------  --------------  -------------------
/opt/airflow/dags/main.py                           1           0  0.15s           2026-05-08T20:23:46
================================================================================
[2026-05-08T20:24:31.454+0000] {manager.py:878} INFO - 
================================================================================
DAG File Processing Stats

File Path                  PID    Runtime      # DAGs    # Errors  Last Runtime    Last Run
-------------------------  -----  ---------  --------  ----------  --------------  -------------------
/opt/airflow/dags/main.py                           1           0  0.14s           2026-05-08T20:24:16
================================================================================
[2026-05-08T20:24:46.518+0000] {manager.py:737} INFO - Searching for files in /opt/airflow/dags
[2026-05-08T20:24:46.560+0000] {manager.py:740} INFO - There are 1 files in /opt/airflow/dags
[2026-05-08T20:25:01.690+0000] {manager.py:878} INFO - 
================================================================================
DAG File Processing Stats

File Path                  PID    Runtime      # DAGs    # Errors  Last Runtime    Last Run
-------------------------  -----  ---------  --------  ----------  --------------  -------------------
/opt/airflow/dags/main.py                           1           0  0.12s           2026-05-08T20:24:46
================================================================================
[2026-05-08T20:25:31.863+0000] {manager.py:878} INFO - 
================================================================================
DAG File Processing Stats

File Path                  PID    Runtime      # DAGs    # Errors  Last Runtime    Last Run
-------------------------  -----  ---------  --------  ----------  --------------  -------------------
/opt/airflow/dags/main.py                           1           0  0.13s           2026-05-08T20:25:16
================================================================================
[2026-05-08T20:26:02.077+0000] {manager.py:878} INFO - 
================================================================================
DAG File Processing Stats

File Path                  PID    Runtime      # DAGs    # Errors  Last Runtime    Last Run
-------------------------  -----  ---------  --------  ----------  --------------  -------------------
/opt/airflow/dags/main.py                           1           0  0.14s           2026-05-08T20:25:47
================================================================================
[2026-05-08T20:26:32.283+0000] {manager.py:878} INFO - 
================================================================================
DAG File Processing Stats

File Path                  PID    Runtime      # DAGs    # Errors  Last Runtime    Last Run
-------------------------  -----  ---------  --------  ----------  --------------  -------------------
/opt/airflow/dags/main.py                           1           0  0.14s           2026-05-08T20:26:17
================================================================================
[2026-05-08T20:27:02.463+0000] {manager.py:878} INFO - 
================================================================================
DAG File Processing Stats

File Path                  PID    Runtime      # DAGs    # Errors  Last Runtime    Last Run
-------------------------  -----  ---------  --------  ----------  --------------  -------------------
/opt/airflow/dags/main.py                           1           0  0.13s           2026-05-08T20:26:47
================================================================================
[2026-05-08T20:27:32.661+0000] {manager.py:878} INFO - 
================================================================================
DAG File Processing Stats

File Path                  PID    Runtime      # DAGs    # Errors  Last Runtime    Last Run
-------------------------  -----  ---------  --------  ----------  --------------  -------------------
/opt/airflow/dags/main.py                           1           0  0.14s           2026-05-08T20:27:17
================================================================================
[2026-05-08T20:28:02.858+0000] {manager.py:878} INFO - 
================================================================================
DAG File Processing Stats

File Path                  PID    Runtime      # DAGs    # Errors  Last Runtime    Last Run
-------------------------  -----  ---------  --------  ----------  --------------  -------------------
/opt/airflow/dags/main.py                           1           0  0.16s           2026-05-08T20:27:47
================================================================================
[2026-05-08T20:28:33.075+0000] {manager.py:878} INFO - 
================================================================================
DAG File Processing Stats

File Path                  PID    Runtime      # DAGs    # Errors  Last Runtime    Last Run
-------------------------  -----  ---------  --------  ----------  --------------  -------------------
/opt/airflow/dags/main.py                           1           0  0.13s           2026-05-08T20:28:18
================================================================================
[2026-05-08T20:29:03.259+0000] {manager.py:878} INFO - 
================================================================================
DAG File Processing Stats

File Path                  PID    Runtime      # DAGs    # Errors  Last Runtime    Last Run
-------------------------  -----  ---------  --------  ----------  --------------  -------------------
/opt/airflow/dags/main.py                           1           0  0.14s           2026-05-08T20:28:48
================================================================================
[2026-05-08T20:29:33.483+0000] {manager.py:878} INFO - 
================================================================================
DAG File Processing Stats

File Path                  PID    Runtime      # DAGs    # Errors  Last Runtime    Last Run
-------------------------  -----  ---------  --------  ----------  --------------  -------------------
/opt/airflow/dags/main.py                           1           0  0.14s           2026-05-08T20:29:18
================================================================================
[2026-05-08T20:29:46.554+0000] {manager.py:737} INFO - Searching for files in /opt/airflow/dags
[2026-05-08T20:29:46.602+0000] {manager.py:740} INFO - There are 1 files in /opt/airflow/dags
[2026-05-08T20:30:03.714+0000] {manager.py:878} INFO - 
================================================================================
DAG File Processing Stats

File Path                  PID    Runtime      # DAGs    # Errors  Last Runtime    Last Run
-------------------------  -----  ---------  --------  ----------  --------------  -------------------
/opt/airflow/dags/main.py                           1           0  0.14s           2026-05-08T20:29:48
================================================================================
[2026-05-08T20:30:33.963+0000] {manager.py:878} INFO - 
================================================================================
DAG File Processing Stats

File Path                  PID    Runtime      # DAGs    # Errors  Last Runtime    Last Run
-------------------------  -----  ---------  --------  ----------  --------------  -------------------
/opt/airflow/dags/main.py                           1           0  0.15s           2026-05-08T20:30:18
================================================================================
[2026-05-08T20:31:04.240+0000] {manager.py:878} INFO - 
================================================================================
DAG File Processing Stats

File Path                  PID    Runtime      # DAGs    # Errors  Last Runtime    Last Run
-------------------------  -----  ---------  --------  ----------  --------------  -------------------
/opt/airflow/dags/main.py                           1           0  0.14s           2026-05-08T20:30:50
================================================================================
[2026-05-08T20:31:34.397+0000] {manager.py:878} INFO - 
================================================================================
DAG File Processing Stats

File Path                  PID    Runtime      # DAGs    # Errors  Last Runtime    Last Run
-------------------------  -----  ---------  --------  ----------  --------------  -------------------
/opt/airflow/dags/main.py                           1           0  0.14s           2026-05-08T20:31:20
================================================================================
[2026-05-08T20:32:04.630+0000] {manager.py:878} INFO - 
================================================================================
DAG File Processing Stats

File Path                  PID    Runtime      # DAGs    # Errors  Last Runtime    Last Run
-------------------------  -----  ---------  --------  ----------  --------------  -------------------
/opt/airflow/dags/main.py                           1           0  0.14s           2026-05-08T20:31:50
================================================================================
[2026-05-08T20:32:34.785+0000] {manager.py:878} INFO - 
================================================================================
DAG File Processing Stats

File Path                  PID    Runtime      # DAGs    # Errors  Last Runtime    Last Run
-------------------------  -----  ---------  --------  ----------  --------------  -------------------
/opt/airflow/dags/main.py                           1           0  0.13s           2026-05-08T20:32:20
================================================================================
[2026-05-08T20:33:05.010+0000] {manager.py:878} INFO - 
================================================================================
DAG File Processing Stats

File Path                  PID    Runtime      # DAGs    # Errors  Last Runtime    Last Run
-------------------------  -----  ---------  --------  ----------  --------------  -------------------
/opt/airflow/dags/main.py                           1           0  0.14s           2026-05-08T20:32:51
================================================================================
[2026-05-08T20:33:35.178+0000] {manager.py:878} INFO - 
================================================================================
DAG File Processing Stats

File Path                  PID    Runtime      # DAGs    # Errors  Last Runtime    Last Run
-------------------------  -----  ---------  --------  ----------  --------------  -------------------
/opt/airflow/dags/main.py                           1           0  0.12s           2026-05-08T20:33:21
================================================================================
[2026-05-08T20:34:05.384+0000] {manager.py:878} INFO - 
================================================================================
DAG File Processing Stats

File Path                  PID    Runtime      # DAGs    # Errors  Last Runtime    Last Run
-------------------------  -----  ---------  --------  ----------  --------------  -------------------
/opt/airflow/dags/main.py                           1           0  0.13s           2026-05-08T20:33:51
================================================================================
[2026-05-08T20:34:35.561+0000] {manager.py:878} INFO - 
================================================================================
DAG File Processing Stats

File Path                  PID    Runtime      # DAGs    # Errors  Last Runtime    Last Run
-------------------------  -----  ---------  --------  ----------  --------------  -------------------
/opt/airflow/dags/main.py                           1           0  0.14s           2026-05-08T20:34:21
================================================================================
[2026-05-08T20:34:46.699+0000] {manager.py:737} INFO - Searching for files in /opt/airflow/dags
[2026-05-08T20:34:46.736+0000] {manager.py:740} INFO - There are 1 files in /opt/airflow/dags
[2026-05-08T20:35:05.830+0000] {manager.py:878} INFO - 
================================================================================
DAG File Processing Stats

File Path                  PID    Runtime      # DAGs    # Errors  Last Runtime    Last Run
-------------------------  -----  ---------  --------  ----------  --------------  -------------------
/opt/airflow/dags/main.py                           1           0  0.15s           2026-05-08T20:34:42
================================================================================
[2026-05-08T20:35:35.984+0000] {manager.py:878} INFO - 
================================================================================
DAG File Processing Stats

File Path                  PID    Runtime      # DAGs    # Errors  Last Runtime    Last Run
-------------------------  -----  ---------  --------  ----------  --------------  -------------------
/opt/airflow/dags/main.py                           1           0  0.14s           2026-05-08T20:35:13
================================================================================
[2026-05-08T20:36:06.215+0000] {manager.py:878} INFO - 
================================================================================
DAG File Processing Stats

File Path                  PID    Runtime      # DAGs    # Errors  Last Runtime    Last Run
-------------------------  -----  ---------  --------  ----------  --------------  -------------------
/opt/airflow/dags/main.py                           1           0  0.15s           2026-05-08T20:35:43
================================================================================
[2026-05-08T20:36:36.376+0000] {manager.py:878} INFO - 
================================================================================
DAG File Processing Stats

File Path                  PID    Runtime      # DAGs    # Errors  Last Runtime    Last Run
-------------------------  -----  ---------  --------  ----------  --------------  -------------------
/opt/airflow/dags/main.py                           1           0  0.15s           2026-05-08T20:36:13
================================================================================
[2026-05-08T20:37:06.597+0000] {manager.py:878} INFO - 
================================================================================
DAG File Processing Stats

File Path                  PID    Runtime      # DAGs    # Errors  Last Runtime    Last Run
-------------------------  -----  ---------  --------  ----------  --------------  -------------------
/opt/airflow/dags/main.py                           1           0  0.14s           2026-05-08T20:36:43
================================================================================
[2026-05-08T20:37:36.764+0000] {manager.py:878} INFO - 
================================================================================
DAG File Processing Stats

File Path                  PID    Runtime      # DAGs    # Errors  Last Runtime    Last Run
-------------------------  -----  ---------  --------  ----------  --------------  -------------------
/opt/airflow/dags/main.py                           0           1  0.09s           2026-05-08T20:37:13
================================================================================
[2026-05-08T20:38:06.948+0000] {manager.py:878} INFO - 
================================================================================
DAG File Processing Stats

File Path                  PID    Runtime      # DAGs    # Errors  Last Runtime    Last Run
-------------------------  -----  ---------  --------  ----------  --------------  -------------------
/opt/airflow/dags/main.py                           0           1  0.08s           2026-05-08T20:37:43
================================================================================
[2026-05-08T20:38:37.106+0000] {manager.py:878} INFO - 
================================================================================
DAG File Processing Stats

File Path                  PID    Runtime      # DAGs    # Errors  Last Runtime    Last Run
-------------------------  -----  ---------  --------  ----------  --------------  -------------------
/opt/airflow/dags/main.py                           0           1  0.09s           2026-05-08T20:38:14
================================================================================
[2026-05-08T20:39:07.283+0000] {manager.py:878} INFO - 
================================================================================
DAG File Processing Stats

File Path                  PID    Runtime      # DAGs    # Errors  Last Runtime    Last Run
-------------------------  -----  ---------  --------  ----------  --------------  -------------------
/opt/airflow/dags/main.py                           1           0  0.37s           2026-05-08T20:38:44
================================================================================
[2026-05-08T20:39:37.752+0000] {manager.py:878} INFO - 
================================================================================
DAG File Processing Stats

File Path                  PID    Runtime      # DAGs    # Errors  Last Runtime    Last Run
-------------------------  -----  ---------  --------  ----------  --------------  -------------------
/opt/airflow/dags/main.py                           1           0  0.12s           2026-05-08T20:39:14
================================================================================
[2026-05-08T20:39:46.876+0000] {manager.py:737} INFO - Searching for files in /opt/airflow/dags
[2026-05-08T20:39:46.931+0000] {manager.py:740} INFO - There are 1 files in /opt/airflow/dags
[2026-05-08T20:40:08.035+0000] {manager.py:878} INFO - 
================================================================================
DAG File Processing Stats

File Path                  PID    Runtime      # DAGs    # Errors  Last Runtime    Last Run
-------------------------  -----  ---------  --------  ----------  --------------  -------------------
/opt/airflow/dags/main.py                           1           0  0.13s           2026-05-08T20:39:44
================================================================================
[2026-05-08T20:40:38.185+0000] {manager.py:878} INFO - 
================================================================================
DAG File Processing Stats

File Path                  PID    Runtime      # DAGs    # Errors  Last Runtime    Last Run
-------------------------  -----  ---------  --------  ----------  --------------  -------------------
/opt/airflow/dags/main.py                           1           0  0.12s           2026-05-08T20:40:15
================================================================================
[2026-05-08T20:41:08.392+0000] {manager.py:878} INFO - 
================================================================================
DAG File Processing Stats

File Path                  PID    Runtime      # DAGs    # Errors  Last Runtime    Last Run
-------------------------  -----  ---------  --------  ----------  --------------  -------------------
/opt/airflow/dags/main.py                           1           0  0.12s           2026-05-08T20:40:45
================================================================================
[2026-05-08T20:41:38.540+0000] {manager.py:878} INFO - 
================================================================================
DAG File Processing Stats

File Path                  PID    Runtime      # DAGs    # Errors  Last Runtime    Last Run
-------------------------  -----  ---------  --------  ----------  --------------  -------------------
/opt/airflow/dags/main.py                           1           0  0.15s           2026-05-08T20:41:15
================================================================================
[2026-05-08T20:42:08.804+0000] {manager.py:878} INFO - 
================================================================================
DAG File Processing Stats

File Path                  PID    Runtime      # DAGs    # Errors  Last Runtime    Last Run
-------------------------  -----  ---------  --------  ----------  --------------  -------------------
/opt/airflow/dags/main.py                           1           0  0.14s           2026-05-08T20:41:45
================================================================================
[2026-05-08T20:42:39.042+0000] {manager.py:878} INFO - 
================================================================================
DAG File Processing Stats

File Path                  PID    Runtime      # DAGs    # Errors  Last Runtime    Last Run
-------------------------  -----  ---------  --------  ----------  --------------  -------------------
/opt/airflow/dags/main.py                           1           0  0.13s           2026-05-08T20:42:15
================================================================================
[2026-05-08T20:43:09.236+0000] {manager.py:878} INFO - 
================================================================================
DAG File Processing Stats

File Path                  PID    Runtime      # DAGs    # Errors  Last Runtime    Last Run
-------------------------  -----  ---------  --------  ----------  --------------  -------------------
/opt/airflow/dags/main.py                           1           0  0.18s           2026-05-08T20:42:46
================================================================================
[2026-05-08T20:43:39.496+0000] {manager.py:878} INFO - 
================================================================================
DAG File Processing Stats

File Path                  PID    Runtime      # DAGs    # Errors  Last Runtime    Last Run
-------------------------  -----  ---------  --------  ----------  --------------  -------------------
/opt/airflow/dags/main.py                           1           0  0.13s           2026-05-08T20:43:16
================================================================================
[2026-05-08T20:44:09.731+0000] {manager.py:878} INFO - 
================================================================================
DAG File Processing Stats

File Path                  PID    Runtime      # DAGs    # Errors  Last Runtime    Last Run
-------------------------  -----  ---------  --------  ----------  --------------  -------------------
/opt/airflow/dags/main.py                           1           0  0.14s           2026-05-08T20:43:46
================================================================================
[2026-05-08T20:44:39.967+0000] {manager.py:878} INFO - 
================================================================================
DAG File Processing Stats

File Path                  PID    Runtime      # DAGs    # Errors  Last Runtime    Last Run
-------------------------  -----  ---------  --------  ----------  --------------  -------------------
/opt/airflow/dags/main.py                           1           0  0.13s           2026-05-08T20:44:16
================================================================================
[2026-05-08T20:44:46.998+0000] {manager.py:737} INFO - Searching for files in /opt/airflow/dags
[2026-05-08T20:44:47.041+0000] {manager.py:740} INFO - There are 1 files in /opt/airflow/dags
[2026-05-08T20:45:10.167+0000] {manager.py:878} INFO - 
================================================================================
DAG File Processing Stats

File Path                  PID    Runtime      # DAGs    # Errors  Last Runtime    Last Run
-------------------------  -----  ---------  --------  ----------  --------------  -------------------
/opt/airflow/dags/main.py                           1           0  0.15s           2026-05-08T20:44:47
================================================================================
[2026-05-08T20:45:40.415+0000] {manager.py:878} INFO - 
================================================================================
DAG File Processing Stats

File Path                  PID    Runtime      # DAGs    # Errors  Last Runtime    Last Run
-------------------------  -----  ---------  --------  ----------  --------------  -------------------
/opt/airflow/dags/main.py                           1           0  0.14s           2026-05-08T20:45:17
================================================================================
[2026-05-08T20:46:10.678+0000] {manager.py:878} INFO - 
================================================================================
DAG File Processing Stats

File Path                  PID    Runtime      # DAGs    # Errors  Last Runtime    Last Run
-------------------------  -----  ---------  --------  ----------  --------------  -------------------
/opt/airflow/dags/main.py                           1           0  0.12s           2026-05-08T20:45:47
================================================================================
[2026-05-08T20:46:40.894+0000] {manager.py:878} INFO - 
================================================================================
DAG File Processing Stats

File Path                  PID    Runtime      # DAGs    # Errors  Last Runtime    Last Run
-------------------------  -----  ---------  --------  ----------  --------------  -------------------
/opt/airflow/dags/main.py                           1           0  0.13s           2026-05-08T20:46:17
================================================================================
[2026-05-08T20:47:11.037+0000] {manager.py:878} INFO - 
================================================================================
DAG File Processing Stats

File Path                  PID    Runtime      # DAGs    # Errors  Last Runtime    Last Run
-------------------------  -----  ---------  --------  ----------  --------------  -------------------
/opt/airflow/dags/main.py                           1           0  0.13s           2026-05-08T20:46:48
================================================================================
[2026-05-08T20:47:41.265+0000] {manager.py:878} INFO - 
================================================================================
DAG File Processing Stats

File Path                  PID    Runtime      # DAGs    # Errors  Last Runtime    Last Run
-------------------------  -----  ---------  --------  ----------  --------------  -------------------
/opt/airflow/dags/main.py                           1           0  0.14s           2026-05-08T20:47:18
================================================================================
[2026-05-08T20:48:11.476+0000] {manager.py:878} INFO - 
================================================================================
DAG File Processing Stats

File Path                  PID    Runtime      # DAGs    # Errors  Last Runtime    Last Run
-------------------------  -----  ---------  --------  ----------  --------------  -------------------
/opt/airflow/dags/main.py                           1           0  0.13s           2026-05-08T20:47:48
================================================================================
[2026-05-08T20:48:41.643+0000] {manager.py:878} INFO - 
================================================================================
DAG File Processing Stats

File Path                  PID    Runtime      # DAGs    # Errors  Last Runtime    Last Run
-------------------------  -----  ---------  --------  ----------  --------------  -------------------
/opt/airflow/dags/main.py                           1           0  0.13s           2026-05-08T20:48:18
================================================================================
[2026-05-08T20:49:11.859+0000] {manager.py:878} INFO - 
================================================================================
DAG File Processing Stats

File Path                  PID    Runtime      # DAGs    # Errors  Last Runtime    Last Run
-------------------------  -----  ---------  --------  ----------  --------------  -------------------
/opt/airflow/dags/main.py                           1           0  0.14s           2026-05-08T20:48:48
================================================================================
[2026-05-08T20:49:42.015+0000] {manager.py:878} INFO - 
================================================================================
DAG File Processing Stats

File Path                  PID    Runtime      # DAGs    # Errors  Last Runtime    Last Run
-------------------------  -----  ---------  --------  ----------  --------------  -------------------
/opt/airflow/dags/main.py                           1           0  0.12s           2026-05-08T20:49:19
================================================================================
[2026-05-08T20:49:47.041+0000] {manager.py:737} INFO - Searching for files in /opt/airflow/dags
[2026-05-08T20:49:47.097+0000] {manager.py:740} INFO - There are 1 files in /opt/airflow/dags
[2026-05-08T20:50:12.234+0000] {manager.py:878} INFO - 
================================================================================
DAG File Processing Stats

File Path                  PID    Runtime      # DAGs    # Errors  Last Runtime    Last Run
-------------------------  -----  ---------  --------  ----------  --------------  -------------------
/opt/airflow/dags/main.py                           1           0  0.13s           2026-05-08T20:49:49
================================================================================
[2026-05-08T20:50:42.481+0000] {manager.py:878} INFO - 
================================================================================
DAG File Processing Stats

File Path                  PID    Runtime      # DAGs    # Errors  Last Runtime    Last Run
-------------------------  -----  ---------  --------  ----------  --------------  -------------------
/opt/airflow/dags/main.py                           1           0  0.14s           2026-05-08T20:50:19
================================================================================
[2026-05-08T20:51:12.640+0000] {manager.py:878} INFO - 
================================================================================
DAG File Processing Stats

File Path                  PID    Runtime      # DAGs    # Errors  Last Runtime    Last Run
-------------------------  -----  ---------  --------  ----------  --------------  -------------------
/opt/airflow/dags/main.py                           1           0  0.13s           2026-05-08T20:50:49
================================================================================
[2026-05-08T20:51:42.870+0000] {manager.py:878} INFO - 
================================================================================
DAG File Processing Stats

File Path                  PID    Runtime      # DAGs    # Errors  Last Runtime    Last Run
-------------------------  -----  ---------  --------  ----------  --------------  -------------------
/opt/airflow/dags/main.py                           1           0  0.13s           2026-05-08T20:51:19
================================================================================
[2026-05-08T20:52:13.019+0000] {manager.py:878} INFO - 
================================================================================
DAG File Processing Stats

File Path                  PID    Runtime      # DAGs    # Errors  Last Runtime    Last Run
-------------------------  -----  ---------  --------  ----------  --------------  -------------------
/opt/airflow/dags/main.py                           1           0  0.14s           2026-05-08T20:51:50
================================================================================
[2026-05-08T20:52:43.264+0000] {manager.py:878} INFO - 
================================================================================
DAG File Processing Stats

File Path                  PID    Runtime      # DAGs    # Errors  Last Runtime    Last Run
-------------------------  -----  ---------  --------  ----------  --------------  -------------------
/opt/airflow/dags/main.py                           1           0  0.14s           2026-05-08T20:52:20
================================================================================
[2026-05-08T20:53:13.529+0000] {manager.py:878} INFO - 
================================================================================
DAG File Processing Stats

File Path                  PID    Runtime      # DAGs    # Errors  Last Runtime    Last Run
-------------------------  -----  ---------  --------  ----------  --------------  -------------------
/opt/airflow/dags/main.py                           1           0  0.14s           2026-05-08T20:52:50
================================================================================
[2026-05-08T20:53:43.789+0000] {manager.py:878} INFO - 
================================================================================
DAG File Processing Stats

File Path                  PID    Runtime      # DAGs    # Errors  Last Runtime    Last Run
-------------------------  -----  ---------  --------  ----------  --------------  -------------------
/opt/airflow/dags/main.py                           1           0  0.14s           2026-05-08T20:53:20
================================================================================
[2026-05-08T20:54:14.036+0000] {manager.py:878} INFO - 
================================================================================
DAG File Processing Stats

File Path                  PID    Runtime      # DAGs    # Errors  Last Runtime    Last Run
-------------------------  -----  ---------  --------  ----------  --------------  -------------------
/opt/airflow/dags/main.py                           1           0  0.14s           2026-05-08T20:53:50
================================================================================
[2026-05-08T20:54:44.211+0000] {manager.py:878} INFO - 
================================================================================
DAG File Processing Stats

File Path                  PID    Runtime      # DAGs    # Errors  Last Runtime    Last Run
-------------------------  -----  ---------  --------  ----------  --------------  -------------------
/opt/airflow/dags/main.py                           1           0  0.14s           2026-05-08T20:54:21
================================================================================
[2026-05-08T20:54:47.229+0000] {manager.py:737} INFO - Searching for files in /opt/airflow/dags
[2026-05-08T20:54:47.273+0000] {manager.py:740} INFO - There are 1 files in /opt/airflow/dags
[2026-05-08T20:55:14.440+0000] {manager.py:878} INFO - 
================================================================================
DAG File Processing Stats

File Path                  PID    Runtime      # DAGs    # Errors  Last Runtime    Last Run
-------------------------  -----  ---------  --------  ----------  --------------  -------------------
/opt/airflow/dags/main.py                           1           0  0.14s           2026-05-08T20:54:51
================================================================================
[2026-05-08T20:55:44.644+0000] {manager.py:878} INFO - 
================================================================================
DAG File Processing Stats

File Path                  PID    Runtime      # DAGs    # Errors  Last Runtime    Last Run
-------------------------  -----  ---------  --------  ----------  --------------  -------------------
/opt/airflow/dags/main.py                           1           0  0.14s           2026-05-08T20:55:21
================================================================================
[2026-05-08T20:56:14.836+0000] {manager.py:878} INFO - 
================================================================================
DAG File Processing Stats

File Path                  PID    Runtime      # DAGs    # Errors  Last Runtime    Last Run
-------------------------  -----  ---------  --------  ----------  --------------  -------------------
/opt/airflow/dags/main.py                           1           0  0.14s           2026-05-08T20:55:51
================================================================================
[2026-05-08T20:56:45.031+0000] {manager.py:878} INFO - 
================================================================================
DAG File Processing Stats

File Path                  PID    Runtime      # DAGs    # Errors  Last Runtime    Last Run
-------------------------  -----  ---------  --------  ----------  --------------  -------------------
/opt/airflow/dags/main.py                           1           0  0.13s           2026-05-08T20:56:21
================================================================================
[2026-05-08T20:57:15.202+0000] {manager.py:878} INFO - 
================================================================================
DAG File Processing Stats

File Path                  PID    Runtime      # DAGs    # Errors  Last Runtime    Last Run
-------------------------  -----  ---------  --------  ----------  --------------  -------------------
/opt/airflow/dags/main.py                           1           0  0.14s           2026-05-08T20:56:52
================================================================================
[2026-05-08T20:57:45.410+0000] {manager.py:878} INFO - 
================================================================================
DAG File Processing Stats

File Path                  PID    Runtime      # DAGs    # Errors  Last Runtime    Last Run
-------------------------  -----  ---------  --------  ----------  --------------  -------------------
/opt/airflow/dags/main.py                           1           0  0.13s           2026-05-08T20:57:22
================================================================================
[2026-05-08T20:58:15.569+0000] {manager.py:878} INFO - 
================================================================================
DAG File Processing Stats

File Path                  PID    Runtime      # DAGs    # Errors  Last Runtime    Last Run
-------------------------  -----  ---------  --------  ----------  --------------  -------------------
/opt/airflow/dags/main.py                           1           0  0.15s           2026-05-08T20:57:52
================================================================================
[2026-05-08T20:58:45.802+0000] {manager.py:878} INFO - 
================================================================================
DAG File Processing Stats

File Path                  PID    Runtime      # DAGs    # Errors  Last Runtime    Last Run
-------------------------  -----  ---------  --------  ----------  --------------  -------------------
/opt/airflow/dags/main.py                           1           0  0.14s           2026-05-08T20:58:22
================================================================================
[2026-05-08T20:59:15.964+0000] {manager.py:878} INFO - 
================================================================================
DAG File Processing Stats

File Path                  PID    Runtime      # DAGs    # Errors  Last Runtime    Last Run
-------------------------  -----  ---------  --------  ----------  --------------  -------------------
/opt/airflow/dags/main.py                           1           0  0.17s           2026-05-08T20:58:53
================================================================================
[2026-05-08T20:59:46.243+0000] {manager.py:878} INFO - 
================================================================================
DAG File Processing Stats

File Path                  PID    Runtime      # DAGs    # Errors  Last Runtime    Last Run
-------------------------  -----  ---------  --------  ----------  --------------  -------------------
/opt/airflow/dags/main.py                           1           0  0.15s           2026-05-08T20:59:23
================================================================================
[2026-05-08T20:59:47.247+0000] {manager.py:737} INFO - Searching for files in /opt/airflow/dags
[2026-05-08T20:59:47.322+0000] {manager.py:740} INFO - There are 1 files in /opt/airflow/dags
[2026-05-08T21:00:16.506+0000] {manager.py:878} INFO - 
================================================================================
DAG File Processing Stats

File Path                  PID    Runtime      # DAGs    # Errors  Last Runtime    Last Run
-------------------------  -----  ---------  --------  ----------  --------------  -------------------
/opt/airflow/dags/main.py                           1           0  0.14s           2026-05-08T20:59:53
================================================================================
[2026-05-08T21:00:46.721+0000] {manager.py:878} INFO - 
================================================================================
DAG File Processing Stats

File Path                  PID    Runtime      # DAGs    # Errors  Last Runtime    Last Run
-------------------------  -----  ---------  --------  ----------  --------------  -------------------
/opt/airflow/dags/main.py                           1           0  0.14s           2026-05-08T21:00:23
================================================================================
[2026-05-08T21:01:16.894+0000] {manager.py:878} INFO - 
================================================================================
DAG File Processing Stats

File Path                  PID    Runtime      # DAGs    # Errors  Last Runtime    Last Run
-------------------------  -----  ---------  --------  ----------  --------------  -------------------
/opt/airflow/dags/main.py                           1           0  0.17s           2026-05-08T21:00:53
================================================================================
[2026-05-08T21:01:47.154+0000] {manager.py:878} INFO - 
================================================================================
DAG File Processing Stats

File Path                  PID    Runtime      # DAGs    # Errors  Last Runtime    Last Run
-------------------------  -----  ---------  --------  ----------  --------------  -------------------
/opt/airflow/dags/main.py                           1           0  0.14s           2026-05-08T21:01:24
================================================================================
[2026-05-08T21:02:17.407+0000] {manager.py:878} INFO - 
================================================================================
DAG File Processing Stats

File Path                  PID    Runtime      # DAGs    # Errors  Last Runtime    Last Run
-------------------------  -----  ---------  --------  ----------  --------------  -------------------
/opt/airflow/dags/main.py                           1           0  0.14s           2026-05-08T21:01:54
================================================================================
[2026-05-08T21:02:47.648+0000] {manager.py:878} INFO - 
================================================================================
DAG File Processing Stats

File Path                  PID    Runtime      # DAGs    # Errors  Last Runtime    Last Run
-------------------------  -----  ---------  --------  ----------  --------------  -------------------
/opt/airflow/dags/main.py                           1           0  0.13s           2026-05-08T21:02:24
================================================================================
[2026-05-08T21:03:17.794+0000] {manager.py:878} INFO - 
================================================================================
DAG File Processing Stats

File Path                  PID    Runtime      # DAGs    # Errors  Last Runtime    Last Run
-------------------------  -----  ---------  --------  ----------  --------------  -------------------
/opt/airflow/dags/main.py                           1           0  0.13s           2026-05-08T21:02:54
================================================================================
[2026-05-08T21:03:48.016+0000] {manager.py:878} INFO - 
================================================================================
DAG File Processing Stats

File Path                  PID    Runtime      # DAGs    # Errors  Last Runtime    Last Run
-------------------------  -----  ---------  --------  ----------  --------------  -------------------
/opt/airflow/dags/main.py                           1           0  0.15s           2026-05-08T21:03:24
================================================================================
[2026-05-08T21:04:18.194+0000] {manager.py:878} INFO - 
================================================================================
DAG File Processing Stats

File Path                  PID    Runtime      # DAGs    # Errors  Last Runtime    Last Run
-------------------------  -----  ---------  --------  ----------  --------------  -------------------
/opt/airflow/dags/main.py                           1           0  0.17s           2026-05-08T21:03:55
================================================================================
[2026-05-08T21:04:47.432+0000] {manager.py:737} INFO - Searching for files in /opt/airflow/dags
[2026-05-08T21:04:47.519+0000] {manager.py:740} INFO - There are 1 files in /opt/airflow/dags
[2026-05-08T21:04:48.533+0000] {manager.py:878} INFO - 
================================================================================
DAG File Processing Stats

File Path                  PID    Runtime      # DAGs    # Errors  Last Runtime    Last Run
-------------------------  -----  ---------  --------  ----------  --------------  -------------------
/opt/airflow/dags/main.py                           1           0  0.14s           2026-05-08T21:04:25
================================================================================
[2026-05-08T21:05:18.690+0000] {manager.py:878} INFO - 
================================================================================
DAG File Processing Stats

File Path                  PID    Runtime      # DAGs    # Errors  Last Runtime    Last Run
-------------------------  -----  ---------  --------  ----------  --------------  -------------------
/opt/airflow/dags/main.py                           1           0  0.14s           2026-05-08T21:04:55
================================================================================
[2026-05-08T21:05:48.920+0000] {manager.py:878} INFO - 
================================================================================
DAG File Processing Stats

File Path                  PID    Runtime      # DAGs    # Errors  Last Runtime    Last Run
-------------------------  -----  ---------  --------  ----------  --------------  -------------------
/opt/airflow/dags/main.py                           1           0  0.14s           2026-05-08T21:05:25
================================================================================
[2026-05-08T21:06:19.063+0000] {manager.py:878} INFO - 
================================================================================
DAG File Processing Stats

File Path                  PID    Runtime      # DAGs    # Errors  Last Runtime    Last Run
-------------------------  -----  ---------  --------  ----------  --------------  -------------------
/opt/airflow/dags/main.py                           1           0  0.14s           2026-05-08T21:05:56
================================================================================
[2026-05-08T21:06:49.306+0000] {manager.py:878} INFO - 
================================================================================
DAG File Processing Stats

File Path                  PID    Runtime      # DAGs    # Errors  Last Runtime    Last Run
-------------------------  -----  ---------  --------  ----------  --------------  -------------------
/opt/airflow/dags/main.py                           1           0  0.14s           2026-05-08T21:06:26
================================================================================
[2026-05-08T21:07:19.536+0000] {manager.py:878} INFO - 
================================================================================
DAG File Processing Stats

File Path                  PID    Runtime      # DAGs    # Errors  Last Runtime    Last Run
-------------------------  -----  ---------  --------  ----------  --------------  -------------------
/opt/airflow/dags/main.py                           1           0  0.14s           2026-05-08T21:06:56
================================================================================
[2026-05-08T21:07:49.695+0000] {manager.py:878} INFO - 
================================================================================
DAG File Processing Stats

File Path                  PID    Runtime      # DAGs    # Errors  Last Runtime    Last Run
-------------------------  -----  ---------  --------  ----------  --------------  -------------------
/opt/airflow/dags/main.py                           1           0  0.14s           2026-05-08T21:07:26
================================================================================
[2026-05-08T21:08:19.929+0000] {manager.py:878} INFO - 
================================================================================
DAG File Processing Stats

File Path                  PID    Runtime      # DAGs    # Errors  Last Runtime    Last Run
-------------------------  -----  ---------  --------  ----------  --------------  -------------------
/opt/airflow/dags/main.py                           1           0  0.14s           2026-05-08T21:07:56
================================================================================
[2026-05-08T21:08:50.098+0000] {manager.py:878} INFO - 
================================================================================
DAG File Processing Stats

File Path                  PID    Runtime      # DAGs    # Errors  Last Runtime    Last Run
-------------------------  -----  ---------  --------  ----------  --------------  -------------------
/opt/airflow/dags/main.py                           1           0  0.16s           2026-05-08T21:08:27
================================================================================
[2026-05-08T21:09:20.348+0000] {manager.py:878} INFO - 
================================================================================
DAG File Processing Stats

File Path                  PID    Runtime      # DAGs    # Errors  Last Runtime    Last Run
-------------------------  -----  ---------  --------  ----------  --------------  -------------------
/opt/airflow/dags/main.py                           1           0  0.12s           2026-05-08T21:08:57
================================================================================
[2026-05-08T21:09:47.567+0000] {manager.py:737} INFO - Searching for files in /opt/airflow/dags
[2026-05-08T21:09:47.637+0000] {manager.py:740} INFO - There are 1 files in /opt/airflow/dags
[2026-05-08T21:09:50.661+0000] {manager.py:878} INFO - 
================================================================================
DAG File Processing Stats

File Path                  PID    Runtime      # DAGs    # Errors  Last Runtime    Last Run
-------------------------  -----  ---------  --------  ----------  --------------  -------------------
/opt/airflow/dags/main.py                           1           0  0.16s           2026-05-08T21:09:27
================================================================================
[2026-05-08T21:10:20.837+0000] {manager.py:878} INFO - 
================================================================================
DAG File Processing Stats

File Path                  PID    Runtime      # DAGs    # Errors  Last Runtime    Last Run
-------------------------  -----  ---------  --------  ----------  --------------  -------------------
/opt/airflow/dags/main.py                           1           0  0.22s           2026-05-08T21:09:57
================================================================================
[2026-05-08T21:10:51.161+0000] {manager.py:878} INFO - 
================================================================================
DAG File Processing Stats

File Path                  PID    Runtime      # DAGs    # Errors  Last Runtime    Last Run
-------------------------  -----  ---------  --------  ----------  --------------  -------------------
/opt/airflow/dags/main.py                           1           0  0.16s           2026-05-08T21:10:28
================================================================================
[2026-05-08T21:11:21.427+0000] {manager.py:878} INFO - 
================================================================================
DAG File Processing Stats

File Path                  PID    Runtime      # DAGs    # Errors  Last Runtime    Last Run
-------------------------  -----  ---------  --------  ----------  --------------  -------------------
/opt/airflow/dags/main.py                           1           0  0.14s           2026-05-08T21:10:58
================================================================================
[2026-05-08T21:11:51.674+0000] {manager.py:878} INFO - 
================================================================================
DAG File Processing Stats

File Path                  PID    Runtime      # DAGs    # Errors  Last Runtime    Last Run
-------------------------  -----  ---------  --------  ----------  --------------  -------------------
/opt/airflow/dags/main.py                           1           0  0.14s           2026-05-08T21:11:28
================================================================================
[2026-05-08T21:12:21.911+0000] {manager.py:878} INFO - 
================================================================================
DAG File Processing Stats

File Path                  PID    Runtime      # DAGs    # Errors  Last Runtime    Last Run
-------------------------  -----  ---------  --------  ----------  --------------  -------------------
/opt/airflow/dags/main.py                           1           0  0.13s           2026-05-08T21:11:58
================================================================================
[2026-05-08T21:12:52.082+0000] {manager.py:878} INFO - 
================================================================================
DAG File Processing Stats

File Path                  PID    Runtime      # DAGs    # Errors  Last Runtime    Last Run
-------------------------  -----  ---------  --------  ----------  --------------  -------------------
/opt/airflow/dags/main.py                           1           0  0.12s           2026-05-08T21:12:29
================================================================================
[2026-05-08T21:13:22.299+0000] {manager.py:878} INFO - 
================================================================================
DAG File Processing Stats

File Path                  PID    Runtime      # DAGs    # Errors  Last Runtime    Last Run
-------------------------  -----  ---------  --------  ----------  --------------  -------------------
/opt/airflow/dags/main.py                           1           0  0.13s           2026-05-08T21:12:59
================================================================================
[2026-05-08T21:13:52.445+0000] {manager.py:878} INFO - 
================================================================================
DAG File Processing Stats

File Path                  PID    Runtime      # DAGs    # Errors  Last Runtime    Last Run
-------------------------  -----  ---------  --------  ----------  --------------  -------------------
/opt/airflow/dags/main.py                           1           0  0.12s           2026-05-08T21:13:29
================================================================================
[2026-05-08T21:14:22.659+0000] {manager.py:878} INFO - 
================================================================================
DAG File Processing Stats

File Path                  PID    Runtime      # DAGs    # Errors  Last Runtime    Last Run
-------------------------  -----  ---------  --------  ----------  --------------  -------------------
/opt/airflow/dags/main.py                           1           0  0.13s           2026-05-08T21:13:59
================================================================================
[2026-05-08T21:14:47.793+0000] {manager.py:737} INFO - Searching for files in /opt/airflow/dags
[2026-05-08T21:14:47.853+0000] {manager.py:740} INFO - There are 1 files in /opt/airflow/dags
[2026-05-08T21:14:52.884+0000] {manager.py:878} INFO - 
================================================================================
DAG File Processing Stats

File Path                  PID    Runtime      # DAGs    # Errors  Last Runtime    Last Run
-------------------------  -----  ---------  --------  ----------  --------------  -------------------
/opt/airflow/dags/main.py                           1           0  0.13s           2026-05-08T21:14:29
================================================================================
[2026-05-08T21:15:23.044+0000] {manager.py:878} INFO - 
================================================================================
DAG File Processing Stats

File Path                  PID    Runtime      # DAGs    # Errors  Last Runtime    Last Run
-------------------------  -----  ---------  --------  ----------  --------------  -------------------
/opt/airflow/dags/main.py                           1           0  0.13s           2026-05-08T21:15:00
================================================================================
[2026-05-08T21:15:53.277+0000] {manager.py:878} INFO - 
================================================================================
DAG File Processing Stats

File Path                  PID    Runtime      # DAGs    # Errors  Last Runtime    Last Run
-------------------------  -----  ---------  --------  ----------  --------------  -------------------
/opt/airflow/dags/main.py                           1           0  0.13s           2026-05-08T21:15:30
================================================================================
[2026-05-08T21:16:23.426+0000] {manager.py:878} INFO - 
================================================================================
DAG File Processing Stats

File Path                  PID    Runtime      # DAGs    # Errors  Last Runtime    Last Run
-------------------------  -----  ---------  --------  ----------  --------------  -------------------
/opt/airflow/dags/main.py                           1           0  0.14s           2026-05-08T21:16:00
================================================================================
[2026-05-08T21:16:53.656+0000] {manager.py:878} INFO - 
================================================================================
DAG File Processing Stats

File Path                  PID    Runtime      # DAGs    # Errors  Last Runtime    Last Run
-------------------------  -----  ---------  --------  ----------  --------------  -------------------
/opt/airflow/dags/main.py                           1           0  0.14s           2026-05-08T21:16:30
================================================================================
[2026-05-08T21:17:23.817+0000] {manager.py:878} INFO - 
================================================================================
DAG File Processing Stats

File Path                  PID    Runtime      # DAGs    # Errors  Last Runtime    Last Run
-------------------------  -----  ---------  --------  ----------  --------------  -------------------
/opt/airflow/dags/main.py                           1           0  0.14s           2026-05-08T21:17:00
================================================================================
[2026-05-08T21:17:54.049+0000] {manager.py:878} INFO - 
================================================================================
DAG File Processing Stats

File Path                  PID    Runtime      # DAGs    # Errors  Last Runtime    Last Run
-------------------------  -----  ---------  --------  ----------  --------------  -------------------
/opt/airflow/dags/main.py                           1           0  0.13s           2026-05-08T21:17:30
================================================================================
[2026-05-08T21:18:24.205+0000] {manager.py:878} INFO - 
================================================================================
DAG File Processing Stats

File Path                  PID    Runtime      # DAGs    # Errors  Last Runtime    Last Run
-------------------------  -----  ---------  --------  ----------  --------------  -------------------
/opt/airflow/dags/main.py                           1           0  0.13s           2026-05-08T21:18:01
================================================================================
[2026-05-08T21:18:54.420+0000] {manager.py:878} INFO - 
================================================================================
DAG File Processing Stats

File Path                  PID    Runtime      # DAGs    # Errors  Last Runtime    Last Run
-------------------------  -----  ---------  --------  ----------  --------------  -------------------
/opt/airflow/dags/main.py                           1           0  0.13s           2026-05-08T21:18:31
================================================================================
[2026-05-08T21:19:24.576+0000] {manager.py:878} INFO - 
================================================================================
DAG File Processing Stats

File Path                  PID    Runtime      # DAGs    # Errors  Last Runtime    Last Run
-------------------------  -----  ---------  --------  ----------  --------------  -------------------
/opt/airflow/dags/main.py                           1           0  0.12s           2026-05-08T21:19:01
================================================================================
[2026-05-08T21:19:47.796+0000] {manager.py:737} INFO - Searching for files in /opt/airflow/dags
[2026-05-08T21:19:47.886+0000] {manager.py:740} INFO - There are 1 files in /opt/airflow/dags
[2026-05-08T21:19:54.782+0000] {manager.py:878} INFO - 
================================================================================
DAG File Processing Stats

File Path                  PID    Runtime      # DAGs    # Errors  Last Runtime    Last Run
-------------------------  -----  ---------  --------  ----------  --------------  -------------------
/opt/airflow/dags/main.py                           1           0  0.13s           2026-05-08T21:19:31
================================================================================
[2026-05-08T21:20:25.040+0000] {manager.py:878} INFO - 
================================================================================
DAG File Processing Stats

File Path                  PID    Runtime      # DAGs    # Errors  Last Runtime    Last Run
-------------------------  -----  ---------  --------  ----------  --------------  -------------------
/opt/airflow/dags/main.py                           1           0  0.14s           2026-05-08T21:20:01
================================================================================
[2026-05-08T21:20:55.190+0000] {manager.py:878} INFO - 
================================================================================
DAG File Processing Stats

File Path                  PID    Runtime      # DAGs    # Errors  Last Runtime    Last Run
-------------------------  -----  ---------  --------  ----------  --------------  -------------------
/opt/airflow/dags/main.py                           1           0  0.14s           2026-05-08T21:20:32
================================================================================
[2026-05-08T21:21:25.425+0000] {manager.py:878} INFO - 
================================================================================
DAG File Processing Stats

File Path                  PID    Runtime      # DAGs    # Errors  Last Runtime    Last Run
-------------------------  -----  ---------  --------  ----------  --------------  -------------------
/opt/airflow/dags/main.py                           1           0  0.13s           2026-05-08T21:21:02
================================================================================
[2026-05-08T21:21:55.582+0000] {manager.py:878} INFO - 
================================================================================
DAG File Processing Stats

File Path                  PID    Runtime      # DAGs    # Errors  Last Runtime    Last Run
-------------------------  -----  ---------  --------  ----------  --------------  -------------------
/opt/airflow/dags/main.py                           1           0  0.14s           2026-05-08T21:21:32
================================================================================
[2026-05-08T21:22:25.823+0000] {manager.py:878} INFO - 
================================================================================
DAG File Processing Stats

File Path                  PID    Runtime      # DAGs    # Errors  Last Runtime    Last Run
-------------------------  -----  ---------  --------  ----------  --------------  -------------------
/opt/airflow/dags/main.py                           1           0  0.14s           2026-05-08T21:22:02
================================================================================
[2026-05-08T21:22:56.006+0000] {manager.py:878} INFO - 
================================================================================
DAG File Processing Stats

File Path                  PID    Runtime      # DAGs    # Errors  Last Runtime    Last Run
-------------------------  -----  ---------  --------  ----------  --------------  -------------------
/opt/airflow/dags/main.py                           1           0  0.13s           2026-05-08T21:22:32
================================================================================
[2026-05-08T21:23:26.247+0000] {manager.py:878} INFO - 
================================================================================
DAG File Processing Stats

File Path                  PID    Runtime      # DAGs    # Errors  Last Runtime    Last Run
-------------------------  -----  ---------  --------  ----------  --------------  -------------------
/opt/airflow/dags/main.py                           1           0  0.14s           2026-05-08T21:23:03
================================================================================
[2026-05-08T21:23:56.402+0000] {manager.py:878} INFO - 
================================================================================
DAG File Processing Stats

File Path                  PID    Runtime      # DAGs    # Errors  Last Runtime    Last Run
-------------------------  -----  ---------  --------  ----------  --------------  -------------------
/opt/airflow/dags/main.py                           1           0  0.13s           2026-05-08T21:23:33
================================================================================
[2026-05-08T21:24:26.625+0000] {manager.py:878} INFO - 
================================================================================
DAG File Processing Stats

File Path                  PID    Runtime      # DAGs    # Errors  Last Runtime    Last Run
-------------------------  -----  ---------  --------  ----------  --------------  -------------------
/opt/airflow/dags/main.py                           1           0  0.17s           2026-05-08T21:24:03
================================================================================
[2026-05-08T21:24:47.844+0000] {manager.py:737} INFO - Searching for files in /opt/airflow/dags
[2026-05-08T21:24:47.934+0000] {manager.py:740} INFO - There are 1 files in /opt/airflow/dags
[2026-05-08T21:24:56.832+0000] {manager.py:878} INFO - 
================================================================================
DAG File Processing Stats

File Path                  PID    Runtime      # DAGs    # Errors  Last Runtime    Last Run
-------------------------  -----  ---------  --------  ----------  --------------  -------------------
/opt/airflow/dags/main.py                           1           0  0.13s           2026-05-08T21:24:33
================================================================================
[2026-05-08T21:25:27.101+0000] {manager.py:878} INFO - 
================================================================================
DAG File Processing Stats

File Path                  PID    Runtime      # DAGs    # Errors  Last Runtime    Last Run
-------------------------  -----  ---------  --------  ----------  --------------  -------------------
/opt/airflow/dags/main.py                           1           0  0.14s           2026-05-08T21:25:04
================================================================================
[2026-05-08T21:25:57.258+0000] {manager.py:878} INFO - 
================================================================================
DAG File Processing Stats

File Path                  PID    Runtime      # DAGs    # Errors  Last Runtime    Last Run
-------------------------  -----  ---------  --------  ----------  --------------  -------------------
/opt/airflow/dags/main.py                           1           0  0.12s           2026-05-08T21:25:34
================================================================================
[2026-05-08T21:26:27.478+0000] {manager.py:878} INFO - 
================================================================================
DAG File Processing Stats

File Path                  PID    Runtime      # DAGs    # Errors  Last Runtime    Last Run
-------------------------  -----  ---------  --------  ----------  --------------  -------------------
/opt/airflow/dags/main.py                           1           0  0.13s           2026-05-08T21:26:04
================================================================================
[2026-05-08T21:26:57.631+0000] {manager.py:878} INFO - 
================================================================================
DAG File Processing Stats

File Path                  PID    Runtime      # DAGs    # Errors  Last Runtime    Last Run
-------------------------  -----  ---------  --------  ----------  --------------  -------------------
/opt/airflow/dags/main.py                           1           0  0.14s           2026-05-08T21:26:34
================================================================================
[2026-05-08T21:27:27.857+0000] {manager.py:878} INFO - 
================================================================================
DAG File Processing Stats

File Path                  PID    Runtime      # DAGs    # Errors  Last Runtime    Last Run
-------------------------  -----  ---------  --------  ----------  --------------  -------------------
/opt/airflow/dags/main.py                           1           0  0.12s           2026-05-08T21:27:04
================================================================================
[2026-05-08T21:27:58.005+0000] {manager.py:878} INFO - 
================================================================================
DAG File Processing Stats

File Path                  PID    Runtime      # DAGs    # Errors  Last Runtime    Last Run
-------------------------  -----  ---------  --------  ----------  --------------  -------------------
/opt/airflow/dags/main.py                           1           0  0.12s           2026-05-08T21:27:35
================================================================================
[2026-05-08T21:28:28.287+0000] {manager.py:878} INFO - 
================================================================================
DAG File Processing Stats

File Path                  PID    Runtime      # DAGs    # Errors  Last Runtime    Last Run
-------------------------  -----  ---------  --------  ----------  --------------  -------------------
/opt/airflow/dags/main.py                           0           1  0.45s           2026-05-08T21:28:08
================================================================================
[2026-05-08T21:28:58.838+0000] {manager.py:878} INFO - 
================================================================================
DAG File Processing Stats

File Path                  PID    Runtime      # DAGs    # Errors  Last Runtime    Last Run
-------------------------  -----  ---------  --------  ----------  --------------  -------------------
/opt/airflow/dags/main.py                           0           1  0.15s           2026-05-08T21:28:38
================================================================================
[2026-05-08T21:29:29.120+0000] {manager.py:878} INFO - 
================================================================================
DAG File Processing Stats

File Path                  PID    Runtime      # DAGs    # Errors  Last Runtime    Last Run
-------------------------  -----  ---------  --------  ----------  --------------  -------------------
/opt/airflow/dags/main.py                           0           1  0.16s           2026-05-08T21:29:09
================================================================================
[2026-05-08T21:29:48.335+0000] {manager.py:737} INFO - Searching for files in /opt/airflow/dags
[2026-05-08T21:29:48.451+0000] {manager.py:740} INFO - There are 1 files in /opt/airflow/dags
[2026-05-08T21:29:59.508+0000] {manager.py:878} INFO - 
================================================================================
DAG File Processing Stats

File Path                  PID    Runtime      # DAGs    # Errors  Last Runtime    Last Run
-------------------------  -----  ---------  --------  ----------  --------------  -------------------
/opt/airflow/dags/main.py                           0           1  0.16s           2026-05-08T21:29:36
================================================================================
[2026-05-08T21:30:29.685+0000] {manager.py:878} INFO - 
================================================================================
DAG File Processing Stats

File Path                  PID    Runtime      # DAGs    # Errors  Last Runtime    Last Run
-------------------------  -----  ---------  --------  ----------  --------------  -------------------
/opt/airflow/dags/main.py                           0           1  0.19s           2026-05-08T21:30:06
================================================================================
[2026-05-08T21:30:59.982+0000] {manager.py:878} INFO - 
================================================================================
DAG File Processing Stats

File Path                  PID    Runtime      # DAGs    # Errors  Last Runtime    Last Run
-------------------------  -----  ---------  --------  ----------  --------------  -------------------
/opt/airflow/dags/main.py                           0           1  0.14s           2026-05-08T21:30:37
================================================================================
[2026-05-08T21:31:30.223+0000] {manager.py:878} INFO - 
================================================================================
DAG File Processing Stats

File Path                  PID    Runtime      # DAGs    # Errors  Last Runtime    Last Run
-------------------------  -----  ---------  --------  ----------  --------------  -------------------
/opt/airflow/dags/main.py                           0           1  0.12s           2026-05-08T21:31:07
================================================================================
[2026-05-08T21:32:00.377+0000] {manager.py:878} INFO - 
================================================================================
DAG File Processing Stats

File Path                  PID    Runtime      # DAGs    # Errors  Last Runtime    Last Run
-------------------------  -----  ---------  --------  ----------  --------------  -------------------
/opt/airflow/dags/main.py                           0           1  0.12s           2026-05-08T21:31:37
================================================================================
[2026-05-08T21:32:30.605+0000] {manager.py:878} INFO - 
================================================================================
DAG File Processing Stats

File Path                  PID    Runtime      # DAGs    # Errors  Last Runtime    Last Run
-------------------------  -----  ---------  --------  ----------  --------------  -------------------
/opt/airflow/dags/main.py                           0           1  0.13s           2026-05-08T21:32:07
================================================================================
[2026-05-08T21:33:00.757+0000] {manager.py:878} INFO - 
================================================================================
DAG File Processing Stats

File Path                  PID    Runtime      # DAGs    # Errors  Last Runtime    Last Run
-------------------------  -----  ---------  --------  ----------  --------------  -------------------
/opt/airflow/dags/main.py                           0           1  0.12s           2026-05-08T21:32:37
================================================================================
[2026-05-08T21:33:30.987+0000] {manager.py:878} INFO - 
================================================================================
DAG File Processing Stats

File Path                  PID    Runtime      # DAGs    # Errors  Last Runtime    Last Run
-------------------------  -----  ---------  --------  ----------  --------------  -------------------
/opt/airflow/dags/main.py                           0           1  0.13s           2026-05-08T21:33:07
================================================================================
[2026-05-08T21:34:01.147+0000] {manager.py:878} INFO - 
================================================================================
DAG File Processing Stats

File Path                  PID    Runtime      # DAGs    # Errors  Last Runtime    Last Run
-------------------------  -----  ---------  --------  ----------  --------------  -------------------
/opt/airflow/dags/main.py                           0           1  0.11s           2026-05-08T21:33:38
================================================================================
[2026-05-08T21:34:31.353+0000] {manager.py:878} INFO - 
================================================================================
DAG File Processing Stats

File Path                  PID    Runtime      # DAGs    # Errors  Last Runtime    Last Run
-------------------------  -----  ---------  --------  ----------  --------------  -------------------
/opt/airflow/dags/main.py                           0           1  0.13s           2026-05-08T21:34:08
================================================================================
[2026-05-08T21:34:48.498+0000] {manager.py:737} INFO - Searching for files in /opt/airflow/dags
[2026-05-08T21:34:48.570+0000] {manager.py:740} INFO - There are 1 files in /opt/airflow/dags
[2026-05-08T21:35:01.639+0000] {manager.py:878} INFO - 
================================================================================
DAG File Processing Stats

File Path                  PID    Runtime      # DAGs    # Errors  Last Runtime    Last Run
-------------------------  -----  ---------  --------  ----------  --------------  -------------------
/opt/airflow/dags/main.py                           0           1  0.12s           2026-05-08T21:34:38
================================================================================
[2026-05-08T22:09:39.135+0000] {manager.py:737} INFO - Searching for files in /opt/airflow/dags
[2026-05-08T22:09:39.582+0000] {manager.py:740} INFO - There are 1 files in /opt/airflow/dags
[2026-05-08T22:09:48.384+0000] {manager.py:878} INFO - 
================================================================================
DAG File Processing Stats

File Path                  PID    Runtime      # DAGs    # Errors  Last Runtime    Last Run
-------------------------  -----  ---------  --------  ----------  --------------  -------------------
/opt/airflow/dags/main.py                           0           1  0.66s           2026-05-08T22:09:40
================================================================================
[2026-05-08T22:10:18.634+0000] {manager.py:878} INFO - 
================================================================================
DAG File Processing Stats

File Path                  PID    Runtime      # DAGs    # Errors  Last Runtime    Last Run
-------------------------  -----  ---------  --------  ----------  --------------  -------------------
/opt/airflow/dags/main.py                           0           1  0.17s           2026-05-08T22:10:10
================================================================================
[2026-05-08T22:10:48.904+0000] {manager.py:878} INFO - 
================================================================================
DAG File Processing Stats

File Path                  PID    Runtime      # DAGs    # Errors  Last Runtime    Last Run
-------------------------  -----  ---------  --------  ----------  --------------  -------------------
/opt/airflow/dags/main.py                           0           1  0.13s           2026-05-08T22:10:40
================================================================================
[2026-05-08T22:11:19.126+0000] {manager.py:878} INFO - 
================================================================================
DAG File Processing Stats

File Path                  PID    Runtime      # DAGs    # Errors  Last Runtime    Last Run
-------------------------  -----  ---------  --------  ----------  --------------  -------------------
/opt/airflow/dags/main.py                           0           1  0.13s           2026-05-08T22:11:11
================================================================================
[2026-05-08T22:11:49.354+0000] {manager.py:878} INFO - 
================================================================================
DAG File Processing Stats

File Path                  PID    Runtime      # DAGs    # Errors  Last Runtime    Last Run
-------------------------  -----  ---------  --------  ----------  --------------  -------------------
/opt/airflow/dags/main.py                           0           1  0.17s           2026-05-08T22:11:41
================================================================================
[2026-05-08T22:12:19.627+0000] {manager.py:878} INFO - 
================================================================================
DAG File Processing Stats

File Path                  PID    Runtime      # DAGs    # Errors  Last Runtime    Last Run
-------------------------  -----  ---------  --------  ----------  --------------  -------------------
/opt/airflow/dags/main.py                           0           1  0.13s           2026-05-08T22:12:11
================================================================================
[2026-05-08T22:12:49.881+0000] {manager.py:878} INFO - 
================================================================================
DAG File Processing Stats

File Path                  PID    Runtime      # DAGs    # Errors  Last Runtime    Last Run
-------------------------  -----  ---------  --------  ----------  --------------  -------------------
/opt/airflow/dags/main.py                           0           1  0.16s           2026-05-08T22:12:41
================================================================================
[2026-05-08T22:17:56.513+0000] {manager.py:737} INFO - Searching for files in /opt/airflow/dags
[2026-05-08T22:17:56.673+0000] {manager.py:740} INFO - There are 1 files in /opt/airflow/dags
[2026-05-08T22:18:08.825+0000] {manager.py:878} INFO - 
================================================================================
DAG File Processing Stats

File Path                  PID    Runtime      # DAGs    # Errors  Last Runtime    Last Run
-------------------------  -----  ---------  --------  ----------  --------------  -------------------
/opt/airflow/dags/main.py                           0           1  0.29s           2026-05-08T22:17:57
================================================================================
[2026-05-08T22:18:39.201+0000] {manager.py:878} INFO - 
================================================================================
DAG File Processing Stats

File Path                  PID    Runtime      # DAGs    # Errors  Last Runtime    Last Run
-------------------------  -----  ---------  --------  ----------  --------------  -------------------
/opt/airflow/dags/main.py                           0           1  0.14s           2026-05-08T22:18:27
================================================================================
[2026-05-08T22:19:09.486+0000] {manager.py:878} INFO - 
================================================================================
DAG File Processing Stats

File Path                  PID    Runtime      # DAGs    # Errors  Last Runtime    Last Run
-------------------------  -----  ---------  --------  ----------  --------------  -------------------
/opt/airflow/dags/main.py                           0           1  0.13s           2026-05-08T22:18:57
================================================================================
[2026-05-08T22:19:39.744+0000] {manager.py:878} INFO - 
================================================================================
DAG File Processing Stats

File Path                  PID    Runtime      # DAGs    # Errors  Last Runtime    Last Run
-------------------------  -----  ---------  --------  ----------  --------------  -------------------
/opt/airflow/dags/main.py                           0           1  0.20s           2026-05-08T22:19:27
================================================================================
[2026-05-08T22:20:09.988+0000] {manager.py:878} INFO - 
================================================================================
DAG File Processing Stats

File Path                  PID    Runtime      # DAGs    # Errors  Last Runtime    Last Run
-------------------------  -----  ---------  --------  ----------  --------------  -------------------
/opt/airflow/dags/main.py                           0           1  0.17s           2026-05-08T22:19:58
================================================================================
[2026-05-08T22:20:40.159+0000] {manager.py:878} INFO - 
================================================================================
DAG File Processing Stats

File Path                  PID    Runtime      # DAGs    # Errors  Last Runtime    Last Run
-------------------------  -----  ---------  --------  ----------  --------------  -------------------
/opt/airflow/dags/main.py                           0           1  0.15s           2026-05-08T22:20:28
================================================================================
[2026-05-08T22:21:10.366+0000] {manager.py:878} INFO - 
================================================================================
DAG File Processing Stats

File Path                  PID    Runtime      # DAGs    # Errors  Last Runtime    Last Run
-------------------------  -----  ---------  --------  ----------  --------------  -------------------
/opt/airflow/dags/main.py                           0           1  0.16s           2026-05-08T22:20:58
================================================================================
[2026-05-08T22:21:42.163+0000] {manager.py:878} INFO - 
================================================================================
DAG File Processing Stats

File Path                  PID    Runtime      # DAGs    # Errors  Last Runtime    Last Run
-------------------------  -----  ---------  --------  ----------  --------------  -------------------
/opt/airflow/dags/main.py                           0           1  0.28s           2026-05-08T22:21:29
================================================================================
[2026-05-08T22:22:12.286+0000] {manager.py:878} INFO - 
================================================================================
DAG File Processing Stats

File Path                  PID    Runtime      # DAGs    # Errors  Last Runtime    Last Run
-------------------------  -----  ---------  --------  ----------  --------------  -------------------
/opt/airflow/dags/main.py                           0           1  0.16s           2026-05-08T22:21:59
================================================================================
[2026-05-08T22:22:42.560+0000] {manager.py:878} INFO - 
================================================================================
DAG File Processing Stats

File Path                  PID    Runtime      # DAGs    # Errors  Last Runtime    Last Run
-------------------------  -----  ---------  --------  ----------  --------------  -------------------
/opt/airflow/dags/main.py                           0           1  0.15s           2026-05-08T22:22:29
================================================================================
[2026-05-08T22:22:56.634+0000] {manager.py:737} INFO - Searching for files in /opt/airflow/dags
[2026-05-08T22:22:56.780+0000] {manager.py:740} INFO - There are 1 files in /opt/airflow/dags
[2026-05-08T22:23:12.908+0000] {manager.py:878} INFO - 
================================================================================
DAG File Processing Stats

File Path                  PID    Runtime      # DAGs    # Errors  Last Runtime    Last Run
-------------------------  -----  ---------  --------  ----------  --------------  -------------------
/opt/airflow/dags/main.py                           0           1  0.21s           2026-05-08T22:23:00
================================================================================
[2026-05-08T22:23:43.234+0000] {manager.py:878} INFO - 
================================================================================
DAG File Processing Stats

File Path                  PID    Runtime      # DAGs    # Errors  Last Runtime    Last Run
-------------------------  -----  ---------  --------  ----------  --------------  -------------------
/opt/airflow/dags/main.py                           0           1  0.16s           2026-05-08T22:23:30
================================================================================
[2026-05-08T22:24:13.513+0000] {manager.py:878} INFO - 
================================================================================
DAG File Processing Stats

File Path                  PID    Runtime      # DAGs    # Errors  Last Runtime    Last Run
-------------------------  -----  ---------  --------  ----------  --------------  -------------------
/opt/airflow/dags/main.py                           0           1  0.17s           2026-05-08T22:24:00
================================================================================
[2026-05-08T22:24:43.812+0000] {manager.py:878} INFO - 
================================================================================
DAG File Processing Stats

File Path                  PID    Runtime      # DAGs    # Errors  Last Runtime    Last Run
-------------------------  -----  ---------  --------  ----------  --------------  -------------------
/opt/airflow/dags/main.py                           0           1  0.18s           2026-05-08T22:24:30
================================================================================
[2026-05-08T22:25:14.097+0000] {manager.py:878} INFO - 
================================================================================
DAG File Processing Stats

File Path                  PID    Runtime      # DAGs    # Errors  Last Runtime    Last Run
-------------------------  -----  ---------  --------  ----------  --------------  -------------------
/opt/airflow/dags/main.py                           0           1  0.15s           2026-05-08T22:25:01
================================================================================
[2026-05-08T22:25:44.359+0000] {manager.py:878} INFO - 
================================================================================
DAG File Processing Stats

File Path                  PID    Runtime      # DAGs    # Errors  Last Runtime    Last Run
-------------------------  -----  ---------  --------  ----------  --------------  -------------------
/opt/airflow/dags/main.py                           0           1  0.14s           2026-05-08T22:25:31
================================================================================
[2026-05-08T22:26:14.597+0000] {manager.py:878} INFO - 
================================================================================
DAG File Processing Stats

File Path                  PID    Runtime      # DAGs    # Errors  Last Runtime    Last Run
-------------------------  -----  ---------  --------  ----------  --------------  -------------------
/opt/airflow/dags/main.py                           0           1  0.15s           2026-05-08T22:26:01
================================================================================
[2026-05-08T22:26:44.842+0000] {manager.py:878} INFO - 
================================================================================
DAG File Processing Stats

File Path                  PID    Runtime      # DAGs    # Errors  Last Runtime    Last Run
-------------------------  -----  ---------  --------  ----------  --------------  -------------------
/opt/airflow/dags/main.py                           0           1  0.15s           2026-05-08T22:26:31
================================================================================
[2026-05-08T22:27:15.098+0000] {manager.py:878} INFO - 
================================================================================
DAG File Processing Stats

File Path                  PID    Runtime      # DAGs    # Errors  Last Runtime    Last Run
-------------------------  -----  ---------  --------  ----------  --------------  -------------------
/opt/airflow/dags/main.py                           0           1  0.14s           2026-05-08T22:27:02
================================================================================
[2026-05-08T22:27:45.330+0000] {manager.py:878} INFO - 
================================================================================
DAG File Processing Stats

File Path                  PID    Runtime      # DAGs    # Errors  Last Runtime    Last Run
-------------------------  -----  ---------  --------  ----------  --------------  -------------------
/opt/airflow/dags/main.py                           0           1  0.14s           2026-05-08T22:27:32
================================================================================
[2026-05-08T22:27:57.376+0000] {manager.py:737} INFO - Searching for files in /opt/airflow/dags
[2026-05-08T22:27:57.487+0000] {manager.py:740} INFO - There are 1 files in /opt/airflow/dags
[2026-05-08T22:28:15.601+0000] {manager.py:878} INFO - 
================================================================================
DAG File Processing Stats

File Path                  PID    Runtime      # DAGs    # Errors  Last Runtime    Last Run
-------------------------  -----  ---------  --------  ----------  --------------  -------------------
/opt/airflow/dags/main.py                           0           1  0.15s           2026-05-08T22:28:02
================================================================================
[2026-05-08T22:28:45.858+0000] {manager.py:878} INFO - 
================================================================================
DAG File Processing Stats

File Path                  PID    Runtime      # DAGs    # Errors  Last Runtime    Last Run
-------------------------  -----  ---------  --------  ----------  --------------  -------------------
/opt/airflow/dags/main.py                           0           1  0.15s           2026-05-08T22:28:32
================================================================================
[2026-05-08T22:29:16.102+0000] {manager.py:878} INFO - 
================================================================================
DAG File Processing Stats

File Path                  PID    Runtime      # DAGs    # Errors  Last Runtime    Last Run
-------------------------  -----  ---------  --------  ----------  --------------  -------------------
/opt/airflow/dags/main.py                           0           1  0.15s           2026-05-08T22:29:03
================================================================================
[2026-05-08T22:29:46.360+0000] {manager.py:878} INFO - 
================================================================================
DAG File Processing Stats

File Path                  PID    Runtime      # DAGs    # Errors  Last Runtime    Last Run
-------------------------  -----  ---------  --------  ----------  --------------  -------------------
/opt/airflow/dags/main.py                           0           1  0.18s           2026-05-08T22:29:33
================================================================================
[2026-05-08T22:30:16.652+0000] {manager.py:878} INFO - 
================================================================================
DAG File Processing Stats

File Path                  PID    Runtime      # DAGs    # Errors  Last Runtime    Last Run
-------------------------  -----  ---------  --------  ----------  --------------  -------------------
/opt/airflow/dags/main.py                           0           1  0.14s           2026-05-08T22:30:03
================================================================================
[2026-05-08T22:30:46.917+0000] {manager.py:878} INFO - 
================================================================================
DAG File Processing Stats

File Path                  PID    Runtime      # DAGs    # Errors  Last Runtime    Last Run
-------------------------  -----  ---------  --------  ----------  --------------  -------------------
/opt/airflow/dags/main.py                           0           1  0.18s           2026-05-08T22:30:33
================================================================================
[2026-05-08T22:31:17.102+0000] {manager.py:878} INFO - 
================================================================================
DAG File Processing Stats

File Path                  PID    Runtime      # DAGs    # Errors  Last Runtime    Last Run
-------------------------  -----  ---------  --------  ----------  --------------  -------------------
/opt/airflow/dags/main.py                           0           1  0.16s           2026-05-08T22:31:04
================================================================================
[2026-05-08T22:31:47.316+0000] {manager.py:878} INFO - 
================================================================================
DAG File Processing Stats

File Path                  PID    Runtime      # DAGs    # Errors  Last Runtime    Last Run
-------------------------  -----  ---------  --------  ----------  --------------  -------------------
/opt/airflow/dags/main.py                           0           1  0.14s           2026-05-08T22:31:34
================================================================================
[2026-05-08T22:32:17.499+0000] {manager.py:878} INFO - 
================================================================================
DAG File Processing Stats

File Path                  PID    Runtime      # DAGs    # Errors  Last Runtime    Last Run
-------------------------  -----  ---------  --------  ----------  --------------  -------------------
/opt/airflow/dags/main.py                           0           1  0.14s           2026-05-08T22:32:04
================================================================================
[2026-05-08T22:32:47.720+0000] {manager.py:878} INFO - 
================================================================================
DAG File Processing Stats

File Path                  PID    Runtime      # DAGs    # Errors  Last Runtime    Last Run
-------------------------  -----  ---------  --------  ----------  --------------  -------------------
/opt/airflow/dags/main.py                           0           1  0.14s           2026-05-08T22:32:34
================================================================================
[2026-05-08T22:32:57.762+0000] {manager.py:737} INFO - Searching for files in /opt/airflow/dags
[2026-05-08T22:32:57.833+0000] {manager.py:740} INFO - There are 1 files in /opt/airflow/dags
[2026-05-08T22:33:17.999+0000] {manager.py:878} INFO - 
================================================================================
DAG File Processing Stats

File Path                  PID    Runtime      # DAGs    # Errors  Last Runtime    Last Run
-------------------------  -----  ---------  --------  ----------  --------------  -------------------
/opt/airflow/dags/main.py                           0           1  0.14s           2026-05-08T22:33:05
================================================================================
[2026-05-08T22:33:48.282+0000] {manager.py:878} INFO - 
================================================================================
DAG File Processing Stats

File Path                  PID    Runtime      # DAGs    # Errors  Last Runtime    Last Run
-------------------------  -----  ---------  --------  ----------  --------------  -------------------
/opt/airflow/dags/main.py                           0           1  0.25s           2026-05-08T22:33:35
================================================================================
[2026-05-08T22:34:18.665+0000] {manager.py:878} INFO - 
================================================================================
DAG File Processing Stats

File Path                  PID    Runtime      # DAGs    # Errors  Last Runtime    Last Run
-------------------------  -----  ---------  --------  ----------  --------------  -------------------
/opt/airflow/dags/main.py                           0           1  0.15s           2026-05-08T22:34:05
================================================================================
[2026-05-08T22:34:48.971+0000] {manager.py:878} INFO - 
================================================================================
DAG File Processing Stats

File Path                  PID    Runtime      # DAGs    # Errors  Last Runtime    Last Run
-------------------------  -----  ---------  --------  ----------  --------------  -------------------
/opt/airflow/dags/main.py                           0           1  0.15s           2026-05-08T22:34:35
================================================================================
[2026-05-08T22:35:19.228+0000] {manager.py:878} INFO - 
================================================================================
DAG File Processing Stats

File Path                  PID    Runtime      # DAGs    # Errors  Last Runtime    Last Run
-------------------------  -----  ---------  --------  ----------  --------------  -------------------
/opt/airflow/dags/main.py                           0           1  0.15s           2026-05-08T22:35:06
================================================================================
[2026-05-08T22:35:49.586+0000] {manager.py:878} INFO - 
================================================================================
DAG File Processing Stats

File Path                  PID    Runtime      # DAGs    # Errors  Last Runtime    Last Run
-------------------------  -----  ---------  --------  ----------  --------------  -------------------
/opt/airflow/dags/main.py                           0           1  0.16s           2026-05-08T22:35:36
================================================================================
[2026-05-08T22:36:19.967+0000] {manager.py:878} INFO - 
================================================================================
DAG File Processing Stats

File Path                  PID    Runtime      # DAGs    # Errors  Last Runtime    Last Run
-------------------------  -----  ---------  --------  ----------  --------------  -------------------
/opt/airflow/dags/main.py                           0           1  0.16s           2026-05-08T22:36:06
================================================================================
[2026-05-09T00:28:50.226+0000] {manager.py:737} INFO - Searching for files in /opt/airflow/dags
[2026-05-09T20:32:39.367+0000] {manager.py:740} INFO - There are 1 files in /opt/airflow/dags
[2026-05-09T20:32:39.653+0000] {manager.py:737} INFO - Searching for files in /opt/airflow/dags
[2026-05-09T20:32:41.495+0000] {manager.py:740} INFO - There are 1 files in /opt/airflow/dags
[2026-05-09T20:32:41.561+0000] {manager.py:878} INFO - 
================================================================================
DAG File Processing Stats

File Path                  PID    Runtime      # DAGs    # Errors  Last Runtime    Last Run
-------------------------  -----  ---------  --------  ----------  --------------  -------------------
/opt/airflow/dags/main.py                           0           1  1.94s           2026-05-09T20:32:41
================================================================================
[2026-05-09T20:33:11.860+0000] {manager.py:878} INFO - 
================================================================================
DAG File Processing Stats

File Path                    PID  Runtime      # DAGs    # Errors  Last Runtime    Last Run
-------------------------  -----  ---------  --------  ----------  --------------  -------------------
/opt/airflow/dags/main.py   2120  0.02s             0           1  1.94s           2026-05-09T20:32:41
================================================================================
[2026-05-09T20:33:42.014+0000] {manager.py:878} INFO - 
================================================================================
DAG File Processing Stats

File Path                  PID    Runtime      # DAGs    # Errors  Last Runtime    Last Run
-------------------------  -----  ---------  --------  ----------  --------------  -------------------
/opt/airflow/dags/main.py                           0           1  0.20s           2026-05-09T20:33:12
================================================================================
[2026-05-09T20:34:12.160+0000] {manager.py:878} INFO - 
================================================================================
DAG File Processing Stats

File Path                    PID  Runtime      # DAGs    # Errors  Last Runtime    Last Run
-------------------------  -----  ---------  --------  ----------  --------------  -------------------
/opt/airflow/dags/main.py   2127  30.00s            0           1  0.20s           2026-05-09T20:33:12
================================================================================
[2026-05-09T20:34:32.254+0000] {manager.py:1203} ERROR - Processor for /opt/airflow/dags/main.py with PID 2127 started at 2026-05-09T20:33:42.163855+00:00 has timed out, killing it.
[2026-05-09T20:34:42.318+0000] {manager.py:878} INFO - 
================================================================================
DAG File Processing Stats

File Path                  PID    Runtime      # DAGs    # Errors  Last Runtime    Last Run
-------------------------  -----  ---------  --------  ----------  --------------  -------------------
/opt/airflow/dags/main.py                           0           1  50.09s          2026-05-09T20:34:32
================================================================================
[2026-05-09T20:35:12.550+0000] {manager.py:878} INFO - 
================================================================================
DAG File Processing Stats

File Path                  PID    Runtime      # DAGs    # Errors  Last Runtime    Last Run
-------------------------  -----  ---------  --------  ----------  --------------  -------------------
/opt/airflow/dags/main.py                           0           1  0.18s           2026-05-09T20:35:02
================================================================================
[2026-05-09T20:35:42.828+0000] {manager.py:878} INFO - 
================================================================================
DAG File Processing Stats

File Path                  PID    Runtime      # DAGs    # Errors  Last Runtime    Last Run
-------------------------  -----  ---------  --------  ----------  --------------  -------------------
/opt/airflow/dags/main.py                           0           1  0.14s           2026-05-09T20:35:32
================================================================================
[2026-05-09T20:36:13.018+0000] {manager.py:878} INFO - 
================================================================================
DAG File Processing Stats

File Path                  PID    Runtime      # DAGs    # Errors  Last Runtime    Last Run
-------------------------  -----  ---------  --------  ----------  --------------  -------------------
/opt/airflow/dags/main.py                           0           1  0.16s           2026-05-09T20:36:03
================================================================================
[2026-05-09T20:36:43.332+0000] {manager.py:878} INFO - 
================================================================================
DAG File Processing Stats

File Path                  PID    Runtime      # DAGs    # Errors  Last Runtime    Last Run
-------------------------  -----  ---------  --------  ----------  --------------  -------------------
/opt/airflow/dags/main.py                           0           1  0.14s           2026-05-09T20:36:33
================================================================================
[2026-05-09T20:37:13.630+0000] {manager.py:878} INFO - 
================================================================================
DAG File Processing Stats

File Path                  PID    Runtime      # DAGs    # Errors  Last Runtime    Last Run
-------------------------  -----  ---------  --------  ----------  --------------  -------------------
/opt/airflow/dags/main.py                           0           1  0.18s           2026-05-09T20:37:03
================================================================================
[2026-05-09T20:37:39.898+0000] {manager.py:737} INFO - Searching for files in /opt/airflow/dags
[2026-05-09T20:37:40.033+0000] {manager.py:740} INFO - There are 1 files in /opt/airflow/dags
[2026-05-09T20:37:44.105+0000] {manager.py:878} INFO - 
================================================================================
DAG File Processing Stats

File Path                  PID    Runtime      # DAGs    # Errors  Last Runtime    Last Run
-------------------------  -----  ---------  --------  ----------  --------------  -------------------
/opt/airflow/dags/main.py                           0           1  0.14s           2026-05-09T20:37:33
================================================================================
[2026-05-09T20:38:14.361+0000] {manager.py:878} INFO - 
================================================================================
DAG File Processing Stats

File Path                  PID    Runtime      # DAGs    # Errors  Last Runtime    Last Run
-------------------------  -----  ---------  --------  ----------  --------------  -------------------
/opt/airflow/dags/main.py                           0           1  0.15s           2026-05-09T20:38:04
================================================================================
[2026-05-09T20:38:44.693+0000] {manager.py:878} INFO - 
================================================================================
DAG File Processing Stats

File Path                  PID    Runtime      # DAGs    # Errors  Last Runtime    Last Run
-------------------------  -----  ---------  --------  ----------  --------------  -------------------
/opt/airflow/dags/main.py                           0           1  0.24s           2026-05-09T20:38:34
================================================================================
[2026-05-09T20:39:15.029+0000] {manager.py:878} INFO - 
================================================================================
DAG File Processing Stats

File Path                  PID    Runtime      # DAGs    # Errors  Last Runtime    Last Run
-------------------------  -----  ---------  --------  ----------  --------------  -------------------
/opt/airflow/dags/main.py                           0           1  0.19s           2026-05-09T20:39:05
================================================================================
[2026-05-09T20:39:45.293+0000] {manager.py:878} INFO - 
================================================================================
DAG File Processing Stats

File Path                  PID    Runtime      # DAGs    # Errors  Last Runtime    Last Run
-------------------------  -----  ---------  --------  ----------  --------------  -------------------
/opt/airflow/dags/main.py                           0           1  0.18s           2026-05-09T20:39:35
================================================================================
[2026-05-09T20:40:15.658+0000] {manager.py:878} INFO - 
================================================================================
DAG File Processing Stats

File Path                  PID    Runtime      # DAGs    # Errors  Last Runtime    Last Run
-------------------------  -----  ---------  --------  ----------  --------------  -------------------
/opt/airflow/dags/main.py                           0           1  0.16s           2026-05-09T20:40:05
================================================================================
[2026-05-09T20:40:45.915+0000] {manager.py:878} INFO - 
================================================================================
DAG File Processing Stats

File Path                  PID    Runtime      # DAGs    # Errors  Last Runtime    Last Run
-------------------------  -----  ---------  --------  ----------  --------------  -------------------
/opt/airflow/dags/main.py                           0           1  0.14s           2026-05-09T20:40:35
================================================================================
[2026-05-09T20:41:16.255+0000] {manager.py:878} INFO - 
================================================================================
DAG File Processing Stats

File Path                  PID    Runtime      # DAGs    # Errors  Last Runtime    Last Run
-------------------------  -----  ---------  --------  ----------  --------------  -------------------
/opt/airflow/dags/main.py                           0           1  0.19s           2026-05-09T20:41:06
================================================================================
[2026-05-09T20:41:42.468+0000] {manager.py:452} INFO - Exiting gracefully upon receiving signal 15
[2026-05-09T20:42:24.710+0000] {manager.py:470} INFO - Processing files using up to 2 processes at a time 
[2026-05-09T20:42:24.711+0000] {manager.py:471} INFO - Process each file at most once every 30 seconds
[2026-05-09T20:42:24.712+0000] {manager.py:472} INFO - Checking for new files in /opt/airflow/dags every 300 seconds
[2026-05-09T20:42:24.712+0000] {manager.py:737} INFO - Searching for files in /opt/airflow/dags
[2026-05-09T20:42:24.816+0000] {manager.py:740} INFO - There are 1 files in /opt/airflow/dags
[2026-05-09T20:42:24.920+0000] {manager.py:878} INFO - 
================================================================================
DAG File Processing Stats

File Path                    PID  Runtime      # DAGs    # Errors  Last Runtime    Last Run
-------------------------  -----  ---------  --------  ----------  --------------  ----------
/opt/airflow/dags/main.py     40  0.06s             0           0
================================================================================
[2026-05-09T20:42:55.140+0000] {manager.py:878} INFO - 
================================================================================
DAG File Processing Stats

File Path                    PID  Runtime      # DAGs    # Errors  Last Runtime    Last Run
-------------------------  -----  ---------  --------  ----------  --------------  -------------------
/opt/airflow/dags/main.py     47  0.01s             0           1  0.21s           2026-05-09T20:42:25
================================================================================
[2026-05-09T20:43:25.611+0000] {manager.py:878} INFO - 
================================================================================
DAG File Processing Stats

File Path                    PID  Runtime      # DAGs    # Errors  Last Runtime    Last Run
-------------------------  -----  ---------  --------  ----------  --------------  -------------------
/opt/airflow/dags/main.py     60  0.01s             0           1  0.16s           2026-05-09T20:42:55
================================================================================
[2026-05-09T20:43:55.899+0000] {manager.py:878} INFO - 
================================================================================
DAG File Processing Stats

File Path                    PID  Runtime      # DAGs    # Errors  Last Runtime    Last Run
-------------------------  -----  ---------  --------  ----------  --------------  -------------------
/opt/airflow/dags/main.py     67  0.01s             0           1  0.17s           2026-05-09T20:43:25
================================================================================
[2026-05-09T20:44:26.337+0000] {manager.py:878} INFO - 
================================================================================
DAG File Processing Stats

File Path                    PID  Runtime      # DAGs    # Errors  Last Runtime    Last Run
-------------------------  -----  ---------  --------  ----------  --------------  -------------------
/opt/airflow/dags/main.py     74  0.02s             0           1  0.14s           2026-05-09T20:43:56
================================================================================
[2026-05-09T20:44:56.648+0000] {manager.py:878} INFO - 
================================================================================
DAG File Processing Stats

File Path                    PID  Runtime      # DAGs    # Errors  Last Runtime    Last Run
-------------------------  -----  ---------  --------  ----------  --------------  -------------------
/opt/airflow/dags/main.py     81  0.01s             0           1  0.19s           2026-05-09T20:44:26
================================================================================
[2026-05-09T20:45:27.020+0000] {manager.py:878} INFO - 
================================================================================
DAG File Processing Stats

File Path                    PID  Runtime      # DAGs    # Errors  Last Runtime    Last Run
-------------------------  -----  ---------  --------  ----------  --------------  -------------------
/opt/airflow/dags/main.py     88  0.02s             0           1  0.16s           2026-05-09T20:44:56
================================================================================
[2026-05-09T20:45:57.280+0000] {manager.py:878} INFO - 
================================================================================
DAG File Processing Stats

File Path                    PID  Runtime      # DAGs    # Errors  Last Runtime    Last Run
-------------------------  -----  ---------  --------  ----------  --------------  -------------------
/opt/airflow/dags/main.py     95  0.01s             0           1  0.19s           2026-05-09T20:45:27
================================================================================
[2026-05-09T20:46:27.616+0000] {manager.py:878} INFO - 
================================================================================
DAG File Processing Stats

File Path                    PID  Runtime      # DAGs    # Errors  Last Runtime    Last Run
-------------------------  -----  ---------  --------  ----------  --------------  -------------------
/opt/airflow/dags/main.py    102  0.01s             0           1  0.17s           2026-05-09T20:45:57
================================================================================
[2026-05-09T20:46:57.897+0000] {manager.py:878} INFO - 
================================================================================
DAG File Processing Stats

File Path                    PID  Runtime      # DAGs    # Errors  Last Runtime    Last Run
-------------------------  -----  ---------  --------  ----------  --------------  -------------------
/opt/airflow/dags/main.py    109  0.01s             0           1  0.15s           2026-05-09T20:46:27
================================================================================
[2026-05-09T20:47:25.166+0000] {manager.py:737} INFO - Searching for files in /opt/airflow/dags
[2026-05-09T20:47:25.337+0000] {manager.py:740} INFO - There are 1 files in /opt/airflow/dags
[2026-05-09T20:47:28.407+0000] {manager.py:878} INFO - 
================================================================================
DAG File Processing Stats

File Path                    PID  Runtime      # DAGs    # Errors  Last Runtime    Last Run
-------------------------  -----  ---------  --------  ----------  --------------  -------------------
/opt/airflow/dags/main.py    116  0.02s             0           1  0.20s           2026-05-09T20:46:58
================================================================================
[2026-05-09T20:47:58.689+0000] {manager.py:878} INFO - 
================================================================================
DAG File Processing Stats

File Path                    PID  Runtime      # DAGs    # Errors  Last Runtime    Last Run
-------------------------  -----  ---------  --------  ----------  --------------  -------------------
/opt/airflow/dags/main.py    123  0.01s             0           1  0.17s           2026-05-09T20:47:28
================================================================================
[2026-05-09T20:48:28.920+0000] {manager.py:878} INFO - 
================================================================================
DAG File Processing Stats

File Path                    PID  Runtime      # DAGs    # Errors  Last Runtime    Last Run
-------------------------  -----  ---------  --------  ----------  --------------  -------------------
/opt/airflow/dags/main.py    130  0.01s             0           1  0.17s           2026-05-09T20:47:58
================================================================================
[2026-05-09T20:48:59.166+0000] {manager.py:878} INFO - 
================================================================================
DAG File Processing Stats

File Path                    PID  Runtime      # DAGs    # Errors  Last Runtime    Last Run
-------------------------  -----  ---------  --------  ----------  --------------  -------------------
/opt/airflow/dags/main.py    137  0.01s             0           1  0.19s           2026-05-09T20:48:29
================================================================================
[2026-05-09T20:49:29.456+0000] {manager.py:878} INFO - 
================================================================================
DAG File Processing Stats

File Path                    PID  Runtime      # DAGs    # Errors  Last Runtime    Last Run
-------------------------  -----  ---------  --------  ----------  --------------  -------------------
/opt/airflow/dags/main.py    144  0.01s             0           1  0.24s           2026-05-09T20:48:59
================================================================================
[2026-05-09T20:49:59.744+0000] {manager.py:878} INFO - 
================================================================================
DAG File Processing Stats

File Path                    PID  Runtime      # DAGs    # Errors  Last Runtime    Last Run
-------------------------  -----  ---------  --------  ----------  --------------  -------------------
/opt/airflow/dags/main.py    151  0.00s             0           1  0.17s           2026-05-09T20:49:29
================================================================================
[2026-05-09T20:50:29.958+0000] {manager.py:878} INFO - 
================================================================================
DAG File Processing Stats

File Path                    PID  Runtime      # DAGs    # Errors  Last Runtime    Last Run
-------------------------  -----  ---------  --------  ----------  --------------  -------------------
/opt/airflow/dags/main.py    158  0.01s             0           1  0.14s           2026-05-09T20:49:59
================================================================================
[2026-05-09T20:51:00.274+0000] {manager.py:878} INFO - 
================================================================================
DAG File Processing Stats

File Path                    PID  Runtime      # DAGs    # Errors  Last Runtime    Last Run
-------------------------  -----  ---------  --------  ----------  --------------  -------------------
/opt/airflow/dags/main.py    165  0.00s             0           1  0.18s           2026-05-09T20:50:30
================================================================================
[2026-05-09T20:51:30.606+0000] {manager.py:878} INFO - 
================================================================================
DAG File Processing Stats

File Path                    PID  Runtime      # DAGs    # Errors  Last Runtime    Last Run
-------------------------  -----  ---------  --------  ----------  --------------  -------------------
/opt/airflow/dags/main.py    172  0.01s             0           1  0.13s           2026-05-09T20:51:00
================================================================================
[2026-05-09T20:52:00.839+0000] {manager.py:878} INFO - 
================================================================================
DAG File Processing Stats

File Path                    PID  Runtime      # DAGs    # Errors  Last Runtime    Last Run
-------------------------  -----  ---------  --------  ----------  --------------  -------------------
/opt/airflow/dags/main.py    179  0.01s             0           1  0.14s           2026-05-09T20:51:30
================================================================================
[2026-05-09T20:52:25.219+0000] {manager.py:737} INFO - Searching for files in /opt/airflow/dags
[2026-05-09T20:52:25.408+0000] {manager.py:740} INFO - There are 1 files in /opt/airflow/dags
[2026-05-09T20:52:31.229+0000] {manager.py:878} INFO - 
================================================================================
DAG File Processing Stats

File Path                    PID  Runtime      # DAGs    # Errors  Last Runtime    Last Run
-------------------------  -----  ---------  --------  ----------  --------------  -------------------
/opt/airflow/dags/main.py    186  0.01s             0           1  0.23s           2026-05-09T20:52:01
================================================================================
[2026-05-09T20:53:01.456+0000] {manager.py:878} INFO - 
================================================================================
DAG File Processing Stats

File Path                    PID  Runtime      # DAGs    # Errors  Last Runtime    Last Run
-------------------------  -----  ---------  --------  ----------  --------------  -------------------
/opt/airflow/dags/main.py    193  0.01s             0           1  0.16s           2026-05-09T20:52:31
================================================================================
[2026-05-09T20:53:31.857+0000] {manager.py:878} INFO - 
================================================================================
DAG File Processing Stats

File Path                    PID  Runtime      # DAGs    # Errors  Last Runtime    Last Run
-------------------------  -----  ---------  --------  ----------  --------------  -------------------
/opt/airflow/dags/main.py    200  0.01s             0           1  0.17s           2026-05-09T20:53:01
================================================================================
[2026-05-09T20:54:02.176+0000] {manager.py:878} INFO - 
================================================================================
DAG File Processing Stats

File Path                    PID  Runtime      # DAGs    # Errors  Last Runtime    Last Run
-------------------------  -----  ---------  --------  ----------  --------------  -------------------
/opt/airflow/dags/main.py    207  0.01s             0           1  0.16s           2026-05-09T20:53:32
================================================================================
[2026-05-09T20:54:32.530+0000] {manager.py:878} INFO - 
================================================================================
DAG File Processing Stats

File Path                    PID  Runtime      # DAGs    # Errors  Last Runtime    Last Run
-------------------------  -----  ---------  --------  ----------  --------------  -------------------
/opt/airflow/dags/main.py    214  0.01s             0           1  0.15s           2026-05-09T20:54:02
================================================================================
[2026-05-09T20:55:02.840+0000] {manager.py:878} INFO - 
================================================================================
DAG File Processing Stats

File Path                    PID  Runtime      # DAGs    # Errors  Last Runtime    Last Run
-------------------------  -----  ---------  --------  ----------  --------------  -------------------
/opt/airflow/dags/main.py    221  0.01s             0           1  0.15s           2026-05-09T20:54:32
================================================================================
[2026-05-09T20:55:33.164+0000] {manager.py:878} INFO - 
================================================================================
DAG File Processing Stats

File Path                  PID    Runtime      # DAGs    # Errors  Last Runtime    Last Run
-------------------------  -----  ---------  --------  ----------  --------------  -------------------
/opt/airflow/dags/main.py                           2           0  0.54s           2026-05-09T20:55:04
================================================================================
[2026-05-09T20:56:03.920+0000] {manager.py:878} INFO - 
================================================================================
DAG File Processing Stats

File Path                  PID    Runtime      # DAGs    # Errors  Last Runtime    Last Run
-------------------------  -----  ---------  --------  ----------  --------------  -------------------
/opt/airflow/dags/main.py                           2           0  0.21s           2026-05-09T20:55:34
================================================================================
[2026-05-09T20:56:34.286+0000] {manager.py:878} INFO - 
================================================================================
DAG File Processing Stats

File Path                  PID    Runtime      # DAGs    # Errors  Last Runtime    Last Run
-------------------------  -----  ---------  --------  ----------  --------------  -------------------
/opt/airflow/dags/main.py                           2           0  0.19s           2026-05-09T20:56:05
================================================================================
[2026-05-09T20:57:04.515+0000] {manager.py:878} INFO - 
================================================================================
DAG File Processing Stats

File Path                  PID    Runtime      # DAGs    # Errors  Last Runtime    Last Run
-------------------------  -----  ---------  --------  ----------  --------------  -------------------
/opt/airflow/dags/main.py                           2           0  0.18s           2026-05-09T20:56:35
================================================================================
[2026-05-09T20:57:25.762+0000] {manager.py:737} INFO - Searching for files in /opt/airflow/dags
[2026-05-09T20:57:25.920+0000] {manager.py:740} INFO - There are 1 files in /opt/airflow/dags
[2026-05-09T20:57:34.978+0000] {manager.py:878} INFO - 
================================================================================
DAG File Processing Stats

File Path                  PID    Runtime      # DAGs    # Errors  Last Runtime    Last Run
-------------------------  -----  ---------  --------  ----------  --------------  -------------------
/opt/airflow/dags/main.py                           2           0  0.19s           2026-05-09T20:57:05
================================================================================
[2026-05-09T20:58:05.228+0000] {manager.py:878} INFO - 
================================================================================
DAG File Processing Stats

File Path                  PID    Runtime      # DAGs    # Errors  Last Runtime    Last Run
-------------------------  -----  ---------  --------  ----------  --------------  -------------------
/opt/airflow/dags/main.py                           2           0  0.20s           2026-05-09T20:57:36
================================================================================
[2026-05-09T20:58:35.593+0000] {manager.py:878} INFO - 
================================================================================
DAG File Processing Stats

File Path                  PID    Runtime      # DAGs    # Errors  Last Runtime    Last Run
-------------------------  -----  ---------  --------  ----------  --------------  -------------------
/opt/airflow/dags/main.py                           2           0  0.21s           2026-05-09T20:58:06
================================================================================
[2026-05-09T20:59:05.860+0000] {manager.py:878} INFO - 
================================================================================
DAG File Processing Stats

File Path                  PID    Runtime      # DAGs    # Errors  Last Runtime    Last Run
-------------------------  -----  ---------  --------  ----------  --------------  -------------------
/opt/airflow/dags/main.py                           2           0  0.29s           2026-05-09T20:58:36
================================================================================
[2026-05-09T20:59:36.324+0000] {manager.py:878} INFO - 
================================================================================
DAG File Processing Stats

File Path                  PID    Runtime      # DAGs    # Errors  Last Runtime    Last Run
-------------------------  -----  ---------  --------  ----------  --------------  -------------------
/opt/airflow/dags/main.py                           2           0  0.23s           2026-05-09T20:59:07
================================================================================
[2026-05-09T21:00:06.749+0000] {manager.py:878} INFO - 
================================================================================
DAG File Processing Stats

File Path                  PID    Runtime      # DAGs    # Errors  Last Runtime    Last Run
-------------------------  -----  ---------  --------  ----------  --------------  -------------------
/opt/airflow/dags/main.py                           2           0  0.25s           2026-05-09T20:59:37
================================================================================
[2026-05-09T21:00:37.036+0000] {manager.py:878} INFO - 
================================================================================
DAG File Processing Stats

File Path                  PID    Runtime      # DAGs    # Errors  Last Runtime    Last Run
-------------------------  -----  ---------  --------  ----------  --------------  -------------------
/opt/airflow/dags/main.py                           2           0  0.22s           2026-05-09T21:00:08
================================================================================
[2026-05-09T21:01:07.432+0000] {manager.py:878} INFO - 
================================================================================
DAG File Processing Stats

File Path                  PID    Runtime      # DAGs    # Errors  Last Runtime    Last Run
-------------------------  -----  ---------  --------  ----------  --------------  -------------------
/opt/airflow/dags/main.py                           2           0  0.25s           2026-05-09T21:00:38
================================================================================
[2026-05-09T21:01:37.721+0000] {manager.py:878} INFO - 
================================================================================
DAG File Processing Stats

File Path                  PID    Runtime      # DAGs    # Errors  Last Runtime    Last Run
-------------------------  -----  ---------  --------  ----------  --------------  -------------------
/opt/airflow/dags/main.py                           2           0  0.20s           2026-05-09T21:01:08
================================================================================
[2026-05-09T21:02:08.065+0000] {manager.py:878} INFO - 
================================================================================
DAG File Processing Stats

File Path                  PID    Runtime      # DAGs    # Errors  Last Runtime    Last Run
-------------------------  -----  ---------  --------  ----------  --------------  -------------------
/opt/airflow/dags/main.py                           2           0  0.22s           2026-05-09T21:01:38
================================================================================
[2026-05-09T21:02:26.356+0000] {manager.py:737} INFO - Searching for files in /opt/airflow/dags
[2026-05-09T21:02:26.475+0000] {manager.py:740} INFO - There are 1 files in /opt/airflow/dags
[2026-05-09T21:02:38.566+0000] {manager.py:878} INFO - 
================================================================================
DAG File Processing Stats

File Path                  PID    Runtime      # DAGs    # Errors  Last Runtime    Last Run
-------------------------  -----  ---------  --------  ----------  --------------  -------------------
/opt/airflow/dags/main.py                           2           0  0.21s           2026-05-09T21:02:09
================================================================================
